mkdir -p /private/var/containers/Bundle/Application/F3545678-1234-4234-8234-123456789ABC/stage /var/mobile/Library/DoorbellT35ModernUIKit; chown mobile:mobile /var/mobile/Library/DoorbellT35ModernUIKit; rm -f /var/mobile/Library/DoorbellT35ModernUIKit/*.json /var/mobile/Library/DoorbellT35ModernUIKit/*.png

exit=0
rm -rf /private/var/containers/Bundle/Application/F3545678-1234-4234-8234-123456789ABC/DoorbellIOS9.app; mv /private/var/containers/Bundle/Application/F3545678-1234-4234-8234-123456789ABC/stage/DoorbellIOS9.app /private/var/containers/Bundle/Application/F3545678-1234-4234-8234-123456789ABC/DoorbellIOS9.app; rmdir /private/var/containers/Bundle/Application/F3545678-1234-4234-8234-123456789ABC/stage; chmod 755 /var/mobile/Library/DoorbellT35ModernUIKit/register; chown -R mobile:mobile /private/var/containers/Bundle/Application/F3545678-1234-4234-8234-123456789ABC; /var/mobile/Library/DoorbellT35ModernUIKit/register register /private/var/containers/Bundle/Application/F3545678-1234-4234-8234-123456789ABC/DoorbellIOS9.app
application_registered=true

exit=0
/var/mobile/Library/DoorbellT35ModernUIKit/register inspect /private/var/containers/Bundle/Application/F3545678-1234-4234-8234-123456789ABC/DoorbellIOS9.app/Info.plist; /binpack/usr/local/bin/lsdtrip.arm64 launch jp.ox.doorbell.t35modernuitest
{
  "CFBundleVersion" : "1",
  "CFBundleShortVersionString" : "1.0.0",
  "CFBundleIdentifier" : "jp.ox.doorbell.t35modernuitest",
  "MinimumOSVersion" : "9.0"
}
Launched jp.ox.doorbell.t35modernuitest

exit=0
for i in 1 2 3 4 5 6 7 8 9 10 11 12 13 14 15; do if [ -f /var/mobile/Library/DoorbellT35ModernUIKit/result.json ]; then cat /var/mobile/Library/DoorbellT35ModernUIKit/result.json; exit 0; fi; sleep 2; done; exit 1
{
  "failed" : 0,
  "version" : "1.0.0",
  "build" : "1",
  "source_manifest" : "92ed542708ffa474244241f9a07ee2933a5c3bd6e74b92204b01f03242d32b7f",
  "checks" : [

  ],
  "bundle" : "jp.ox.doorbell.t35modernuitest",
  "pid" : 1372,
  "system_version" : "12.5.8",
  "scope" : "Physical UIKit with virtual-size child profiles. Production UI unchanged; Core has no peers or family configuration. No camera, real call, SOS or lock action. UIView tree is not a VoiceOver navigation record."
}
exit=0
ls -l /var/mobile/Library/DoorbellT35ModernUIKit
total 1944
-rw-r--r--  1 mobile  mobile   3579 Sep 23 03:40 purpose-en-1024x768.json
-rw-r--r--  1 mobile  mobile  63204 Sep 23 03:40 purpose-en-1024x768.png
-rw-r--r--  1 mobile  mobile   3525 Sep 23 03:40 purpose-en-320x480.json
-rw-r--r--  1 mobile  mobile  39822 Sep 23 03:40 purpose-en-320x480.png
-rw-r--r--  1 mobile  mobile   3528 Sep 23 03:40 purpose-en-480x320.json
-rw-r--r--  1 mobile  mobile  27237 Sep 23 03:40 purpose-en-480x320.png
-rw-r--r--  1 mobile  mobile   3549 Sep 23 03:40 purpose-en-768x1024.json
-rw-r--r--  1 mobile  mobile  65639 Sep 23 03:40 purpose-en-768x1024.png
-rw-r--r--  1 mobile  mobile   3547 Sep 23 03:40 purpose-en-844x390.json
-rw-r--r--  1 mobile  mobile  50588 Sep 23 03:40 purpose-en-844x390.png
-rw-r--r--  1 mobile  mobile   3685 Sep 23 03:40 purpose-ja-1024x768.json
-rw-r--r--  1 mobile  mobile  75859 Sep 23 03:40 purpose-ja-1024x768.png
-rw-r--r--  1 mobile  mobile   3631 Sep 23 03:40 purpose-ja-320x480.json
-rw-r--r--  1 mobile  mobile  52502 Sep 23 03:40 purpose-ja-320x480.png
-rw-r--r--  1 mobile  mobile   3630 Sep 23 03:40 purpose-ja-480x320.json
-rw-r--r--  1 mobile  mobile  35987 Sep 23 03:40 purpose-ja-480x320.png
-rw-r--r--  1 mobile  mobile   3655 Sep 23 03:40 purpose-ja-768x1024.json
-rw-r--r--  1 mobile  mobile  81452 Sep 23 03:40 purpose-ja-768x1024.png
-rw-r--r--  1 mobile  mobile   3653 Sep 23 03:40 purpose-ja-844x390.json
-rw-r--r--  1 mobile  mobile  64298 Sep 23 03:40 purpose-ja-844x390.png
-rw-r--r--  1 mobile  mobile   3545 Sep 23 03:40 purpose-zh-1024x768.json
-rw-r--r--  1 mobile  mobile  70964 Sep 23 03:40 purpose-zh-1024x768.png
-rw-r--r--  1 mobile  mobile   3494 Sep 23 03:40 purpose-zh-320x480.json
-rw-r--r--  1 mobile  mobile  51897 Sep 23 03:40 purpose-zh-320x480.png
-rw-r--r--  1 mobile  mobile   3494 Sep 23 03:40 purpose-zh-480x320.json
-rw-r--r--  1 mobile  mobile  29787 Sep 23 03:40 purpose-zh-480x320.png
-rw-r--r--  1 mobile  mobile   3515 Sep 23 03:40 purpose-zh-768x1024.json
-rw-r--r--  1 mobile  mobile  76374 Sep 23 03:40 purpose-zh-768x1024.png
-rw-r--r--  1 mobile  mobile   3513 Sep 23 03:40 purpose-zh-844x390.json
-rw-r--r--  1 mobile  mobile  57614 Sep 23 03:40 purpose-zh-844x390.png
-rwxr-xr-x  1 root    mobile  54752 Sep 23 03:40 register
-rw-r--r--  1 mobile  mobile    487 Sep 23 03:40 result.json

exit=0
/binpack/usr/local/bin/lsdtrip.arm64 launch jp.ox.doorbell
Launched jp.ox.doorbell

exit=0
kill 1372 2>/dev/null || true

exit=0
mkdir -p /private/var/containers/Bundle/Application/F3545678-1234-4234-8234-123456789ABC/stage /var/mobile/Library/DoorbellT35ModernUIKit; chown mobile:mobile /var/mobile/Library/DoorbellT35ModernUIKit; rm -f /var/mobile/Library/DoorbellT35ModernUIKit/*.json /var/mobile/Library/DoorbellT35ModernUIKit/*.png

exit=0
launchctl list | grep -E "doorbell|Doorbell"; ls -l /var/mobile/Library/DoorbellT35ModernUIKit
1393	0	jp.ox.doorbell.test-ssh-lan.6D769B60-3147-49FC-80FD-040C7AF6F248
1395	0	jp.ox.doorbell.test-ssh-lan.BD44B875-9804-496E-A7A0-AC0F67E96179
925	0	UIKitApplication:jp.ox.doorbell[0x9f29][63]
-	0	jp.ox.doorbell.test-ssh-lan
total 112
-rwxr-xr-x  1 root  mobile  54752 Sep 23 03:40 register

exit=0
rm -rf /private/var/containers/Bundle/Application/F3545678-1234-4234-8234-123456789ABC/DoorbellIOS9.app; mv /private/var/containers/Bundle/Application/F3545678-1234-4234-8234-123456789ABC/stage/DoorbellIOS9.app /private/var/containers/Bundle/Application/F3545678-1234-4234-8234-123456789ABC/DoorbellIOS9.app; rmdir /private/var/containers/Bundle/Application/F3545678-1234-4234-8234-123456789ABC/stage; chmod 755 /var/mobile/Library/DoorbellT35ModernUIKit/register; chown -R mobile:mobile /private/var/containers/Bundle/Application/F3545678-1234-4234-8234-123456789ABC; /var/mobile/Library/DoorbellT35ModernUIKit/register register /private/var/containers/Bundle/Application/F3545678-1234-4234-8234-123456789ABC/DoorbellIOS9.app
application_registered=true

exit=0
/var/mobile/Library/DoorbellT35ModernUIKit/register inspect /private/var/containers/Bundle/Application/F3545678-1234-4234-8234-123456789ABC/DoorbellIOS9.app/Info.plist; /binpack/usr/local/bin/lsdtrip.arm64 launch jp.ox.doorbell.t35modernuitest
{
  "CFBundleVersion" : "2",
  "CFBundleShortVersionString" : "1.0.0",
  "CFBundleIdentifier" : "jp.ox.doorbell.t35modernuitest",
  "MinimumOSVersion" : "9.0"
}
Launched jp.ox.doorbell.t35modernuitest

exit=0
for i in 1 2 3 4 5 6 7 8 9 10 11 12 13 14 15; do if [ -f /var/mobile/Library/DoorbellT35ModernUIKit/result.json ]; then cat /var/mobile/Library/DoorbellT35ModernUIKit/result.json; exit 0; fi; sleep 2; done; exit 1
{
  "source_manifest" : "92ed542708ffa474244241f9a07ee2933a5c3bd6e74b92204b01f03242d32b7f",
  "scope" : "Physical UIKit with virtual-size child profiles. Production UI unchanged; Core has no peers or family configuration. No camera, real call, SOS or lock action. UIView tree is not a VoiceOver navigation record.",
  "failed" : 1,
  "checks" : [
    {
      "name" : "Isolated real Core starts",
      "group" : "setup",
      "pass" : true
    },
    {
      "group" : "setup",
      "name" : "Real Core configuration ui.call_sound",
      "pass" : true
    },
    {
      "pass" : true,
      "name" : "Real Core configuration ui.call_flow",
      "group" : "setup"
    },
    {
      "group" : "actions-en-320x480",
      "name" : "UIKit child uses requested profile dimensions",
      "pass" : true
    },
    {
      "pass" : true,
      "name" : "Cancel and end keep identical fixed vertical position",
      "group" : "actions-en-320x480"
    },
    {
      "pass" : true,
      "group" : "actions-en-320x480",
      "name" : "End is fully visible with safe touch height"
    },
    {
      "name" : "Action follows largest accessibility text",
      "pass" : true,
      "group" : "actions-en-320x480"
    },
    {
      "pass" : true,
      "name" : "Cancel label fits the action",
      "group" : "actions-en-320x480"
    },
    {
      "group" : "actions-en-320x480",
      "name" : "Status is clipped above fixed end action",
      "pass" : true
    },
    {
      "pass" : true,
      "group" : "actions-en-320x480",
      "name" : "Status width follows the scroll viewport"
    },
    {
      "group" : "actions-en-320x480",
      "name" : "Visible long title never covers end at offset 0.0",
      "pass" : true
    },
    {
      "pass" : true,
      "group" : "actions-en-320x480",
      "name" : "Visible long title never covers end at offset 1903.5"
    },
    {
      "name" : "Cancel is complete and at least 64 points",
      "group" : "purpose-en-320x480",
      "pass" : true
    },
    {
      "group" : "purpose-en-320x480",
      "name" : "Scrollable purpose stays above cancel",
      "pass" : true
    },
    {
      "pass" : true,
      "name" : "Skip and cancel are distinct controls",
      "group" : "purpose-en-320x480"
    },
    {
      "group" : "purpose-en-320x480",
      "name" : "Purpose follows largest accessibility text",
      "pass" : true
    },
    {
      "name" : "Long purpose label is not cropped",
      "group" : "purpose-en-320x480",
      "pass" : true
    },
    {
      "name" : "UIKit child uses requested profile dimensions",
      "pass" : true,
      "group" : "actions-en-480x320"
    },
    {
      "pass" : true,
      "group" : "actions-en-480x320",
      "name" : "Cancel and end keep identical fixed vertical position"
    },
    {
      "name" : "End is fully visible with safe touch height",
      "pass" : true,
      "group" : "actions-en-480x320"
    },
    {
      "name" : "Action follows largest accessibility text",
      "group" : "actions-en-480x320",
      "pass" : true
    },
    {
      "group" : "actions-en-480x320",
      "name" : "Cancel label fits the action",
      "pass" : true
    },
    {
      "name" : "Status is clipped above fixed end action",
      "group" : "actions-en-480x320",
      "pass" : true
    },
    {
      "name" : "Status width follows the scroll viewport",
      "group" : "actions-en-480x320",
      "pass" : true
    },
    {
      "name" : "Visible long title never covers end at offset 0.0",
      "group" : "actions-en-480x320",
      "pass" : true
    },
    {
      "name" : "Visible long title never covers end at offset 1353.5",
      "group" : "actions-en-480x320",
      "pass" : true
    },
    {
      "group" : "actions-en-480x320",
      "name" : "Short landscape exposes overflowing title by scrolling",
      "pass" : true
    },
    {
      "name" : "Cancel is complete and at least 64 points",
      "pass" : true,
      "group" : "purpose-en-480x320"
    },
    {
      "name" : "Scrollable purpose stays above cancel",
      "group" : "purpose-en-480x320",
      "pass" : true
    },
    {
      "pass" : true,
      "group" : "purpose-en-480x320",
      "name" : "Skip and cancel are distinct controls"
    },
    {
      "group" : "purpose-en-480x320",
      "name" : "Purpose follows largest accessibility text",
      "pass" : true
    },
    {
      "pass" : true,
      "group" : "purpose-en-480x320",
      "name" : "Long purpose label is not cropped"
    },
    {
      "pass" : true,
      "name" : "UIKit child uses requested profile dimensions",
      "group" : "actions-en-844x390"
    },
    {
      "name" : "Cancel and end keep identical fixed vertical position",
      "pass" : true,
      "group" : "actions-en-844x390"
    },
    {
      "group" : "actions-en-844x390",
      "pass" : true,
      "name" : "End is fully visible with safe touch height"
    },
    {
      "pass" : true,
      "name" : "Action follows largest accessibility text",
      "group" : "actions-en-844x390"
    },
    {
      "group" : "actions-en-844x390",
      "name" : "Cancel label fits the action",
      "pass" : true
    },
    {
      "pass" : true,
      "name" : "Status is clipped above fixed end action",
      "group" : "actions-en-844x390"
    },
    {
      "pass" : true,
      "name" : "Status width follows the scroll viewport",
      "group" : "actions-en-844x390"
    },
    {
      "name" : "Visible long title never covers end at offset 0.0",
      "pass" : true,
      "group" : "actions-en-844x390"
    },
    {
      "name" : "Visible long title never covers end at offset 573.5",
      "group" : "actions-en-844x390",
      "pass" : true
    },
    {
      "name" : "Cancel is complete and at least 64 points",
      "group" : "purpose-en-844x390",
      "pass" : true
    },
    {
      "group" : "purpose-en-844x390",
      "name" : "Scrollable purpose stays above cancel",
      "pass" : true
    },
    {
      "pass" : true,
      "name" : "Skip and cancel are distinct controls",
      "group" : "purpose-en-844x390"
    },
    {
      "group" : "purpose-en-844x390",
      "name" : "Purpose follows largest accessibility text",
      "pass" : true
    },
    {
      "group" : "purpose-en-844x390",
      "name" : "Long purpose label is not cropped",
      "pass" : true
    },
    {
      "group" : "actions-en-768x1024",
      "name" : "UIKit child uses requested profile dimensions",
      "pass" : true
    },
    {
      "group" : "actions-en-768x1024",
      "pass" : true,
      "name" : "Cancel and end keep identical fixed vertical position"
    },
    {
      "group" : "actions-en-768x1024",
      "name" : "End is fully visible with safe touch height",
      "pass" : true
    },
    {
      "name" : "Action follows largest accessibility text",
      "group" : "actions-en-768x1024",
      "pass" : true
    },
    {
      "group" : "actions-en-768x1024",
      "name" : "Cancel label fits the action",
      "pass" : true
    },
    {
      "group" : "actions-en-768x1024",
      "name" : "Status is clipped above fixed end action",
      "pass" : true
    },
    {
      "group" : "actions-en-768x1024",
      "name" : "Status width follows the scroll viewport",
      "pass" : true
    },
    {
      "pass" : true,
      "group" : "actions-en-768x1024",
      "name" : "Visible long title never covers end at offset 0.0"
    },
    {
      "name" : "Visible long title never covers end at offset 0.0",
      "group" : "actions-en-768x1024",
      "pass" : true
    },
    {
      "pass" : true,
      "group" : "purpose-en-768x1024",
      "name" : "Cancel is complete and at least 64 points"
    },
    {
      "group" : "purpose-en-768x1024",
      "name" : "Scrollable purpose stays above cancel",
      "pass" : true
    },
    {
      "pass" : true,
      "name" : "Skip and cancel are distinct controls",
      "group" : "purpose-en-768x1024"
    },
    {
      "name" : "Purpose follows largest accessibility text",
      "pass" : true,
      "group" : "purpose-en-768x1024"
    },
    {
      "group" : "purpose-en-768x1024",
      "name" : "Long purpose label is not cropped",
      "pass" : true
    },
    {
      "pass" : true,
      "name" : "UIKit child uses requested profile dimensions",
      "group" : "actions-en-1024x768"
    },
    {
      "name" : "Cancel and end keep identical fixed vertical position",
      "pass" : true,
      "group" : "actions-en-1024x768"
    },
    {
      "group" : "actions-en-1024x768",
      "pass" : true,
      "name" : "End is fully visible with safe touch height"
    },
    {
      "group" : "actions-en-1024x768",
      "name" : "Action follows largest accessibility text",
      "pass" : true
    },
    {
      "group" : "actions-en-1024x768",
      "pass" : true,
      "name" : "Cancel label fits the action"
    },
    {
      "name" : "Status is clipped above fixed end action",
      "group" : "actions-en-1024x768",
      "pass" : true
    },
    {
      "name" : "Status width follows the scroll viewport",
      "pass" : true,
      "group" : "actions-en-1024x768"
    },
    {
      "name" : "Visible long title never covers end at offset 0.0",
      "pass" : true,
      "group" : "actions-en-1024x768"
    },
    {
      "pass" : true,
      "group" : "actions-en-1024x768",
      "name" : "Visible long title never covers end at offset 94.0"
    },
    {
      "pass" : true,
      "group" : "purpose-en-1024x768",
      "name" : "Cancel is complete and at least 64 points"
    },
    {
      "group" : "purpose-en-1024x768",
      "name" : "Scrollable purpose stays above cancel",
      "pass" : true
    },
    {
      "name" : "Skip and cancel are distinct controls",
      "pass" : true,
      "group" : "purpose-en-1024x768"
    },
    {
      "pass" : true,
      "group" : "purpose-en-1024x768",
      "name" : "Purpose follows largest accessibility text"
    },
    {
      "name" : "Long purpose label is not cropped",
      "group" : "purpose-en-1024x768",
      "pass" : true
    },
    {
      "pass" : true,
      "group" : "actions-zh-320x480",
      "name" : "UIKit child uses requested profile dimensions"
    },
    {
      "name" : "Cancel and end keep identical fixed vertical position",
      "pass" : true,
      "group" : "actions-zh-320x480"
    },
    {
      "name" : "End is fully visible with safe touch height",
      "group" : "actions-zh-320x480",
      "pass" : true
    },
    {
      "group" : "actions-zh-320x480",
      "name" : "Action follows largest accessibility text",
      "pass" : true
    },
    {
      "pass" : true,
      "group" : "actions-zh-320x480",
      "name" : "Cancel label fits the action"
    },
    {
      "group" : "actions-zh-320x480",
      "name" : "Status is clipped above fixed end action",
      "pass" : true
    },
    {
      "pass" : true,
      "name" : "Status width follows the scroll viewport",
      "group" : "actions-zh-320x480"
    },
    {
      "pass" : true,
      "name" : "Visible long title never covers end at offset 0.0",
      "group" : "actions-zh-320x480"
    },
    {
      "pass" : true,
      "group" : "actions-zh-320x480",
      "name" : "Visible long title never covers end at offset 889.0"
    },
    {
      "name" : "Cancel is complete and at least 64 points",
      "pass" : true,
      "group" : "purpose-zh-320x480"
    },
    {
      "name" : "Scrollable purpose stays above cancel",
      "group" : "purpose-zh-320x480",
      "pass" : true
    },
    {
      "pass" : true,
      "name" : "Skip and cancel are distinct controls",
      "group" : "purpose-zh-320x480"
    },
    {
      "pass" : true,
      "group" : "purpose-zh-320x480",
      "name" : "Purpose follows largest accessibility text"
    },
    {
      "group" : "purpose-zh-320x480",
      "name" : "Long purpose label is not cropped",
      "pass" : true
    },
    {
      "group" : "actions-zh-480x320",
      "name" : "UIKit child uses requested profile dimensions",
      "pass" : true
    },
    {
      "pass" : true,
      "name" : "Cancel and end keep identical fixed vertical position",
      "group" : "actions-zh-480x320"
    },
    {
      "group" : "actions-zh-480x320",
      "name" : "End is fully visible with safe touch height",
      "pass" : true
    },
    {
      "group" : "actions-zh-480x320",
      "name" : "Action follows largest accessibility text",
      "pass" : true
    },
    {
      "pass" : true,
      "group" : "actions-zh-480x320",
      "name" : "Cancel label fits the action"
    },
    {
      "pass" : true,
      "name" : "Status is clipped above fixed end action",
      "group" : "actions-zh-480x320"
    },
    {
      "name" : "Status width follows the scroll viewport",
      "pass" : true,
      "group" : "actions-zh-480x320"
    },
    {
      "name" : "Visible long title never covers end at offset 0.0",
      "group" : "actions-zh-480x320",
      "pass" : true
    },
    {
      "name" : "Visible long title never covers end at offset 643.5",
      "pass" : true,
      "group" : "actions-zh-480x320"
    },
    {
      "group" : "actions-zh-480x320",
      "pass" : true,
      "name" : "Short landscape exposes overflowing title by scrolling"
    },
    {
      "pass" : true,
      "name" : "Cancel is complete and at least 64 points",
      "group" : "purpose-zh-480x320"
    },
    {
      "name" : "Scrollable purpose stays above cancel",
      "group" : "purpose-zh-480x320",
      "pass" : true
    },
    {
      "name" : "Skip and cancel are distinct controls",
      "pass" : true,
      "group" : "purpose-zh-480x320"
    },
    {
      "group" : "purpose-zh-480x320",
      "name" : "Purpose follows largest accessibility text",
      "pass" : true
    },
    {
      "name" : "Long purpose label is not cropped",
      "pass" : true,
      "group" : "purpose-zh-480x320"
    },
    {
      "group" : "actions-zh-844x390",
      "pass" : true,
      "name" : "UIKit child uses requested profile dimensions"
    },
    {
      "pass" : true,
      "name" : "Cancel and end keep identical fixed vertical position",
      "group" : "actions-zh-844x390"
    },
    {
      "name" : "End is fully visible with safe touch height",
      "pass" : true,
      "group" : "actions-zh-844x390"
    },
    {
      "pass" : true,
      "name" : "Action follows largest accessibility text",
      "group" : "actions-zh-844x390"
    },
    {
      "name" : "Cancel label fits the action",
      "pass" : true,
      "group" : "actions-zh-844x390"
    },
    {
      "group" : "actions-zh-844x390",
      "name" : "Status is clipped above fixed end action",
      "pass" : true
    },
    {
      "name" : "Status width follows the scroll viewport",
      "group" : "actions-zh-844x390",
      "pass" : true
    },
    {
      "pass" : true,
      "group" : "actions-zh-844x390",
      "name" : "Visible long title never covers end at offset 0.0"
    },
    {
      "group" : "actions-zh-844x390",
      "name" : "Visible long title never covers end at offset 269.0",
      "pass" : true
    },
    {
      "group" : "purpose-zh-844x390",
      "name" : "Cancel is complete and at least 64 points",
      "pass" : true
    },
    {
      "name" : "Scrollable purpose stays above cancel",
      "pass" : true,
      "group" : "purpose-zh-844x390"
    },
    {
      "name" : "Skip and cancel are distinct controls",
      "pass" : true,
      "group" : "purpose-zh-844x390"
    },
    {
      "name" : "Purpose follows largest accessibility text",
      "group" : "purpose-zh-844x390",
      "pass" : true
    },
    {
      "name" : "Long purpose label is not cropped",
      "pass" : true,
      "group" : "purpose-zh-844x390"
    },
    {
      "group" : "actions-zh-768x1024",
      "name" : "UIKit child uses requested profile dimensions",
      "pass" : true
    },
    {
      "group" : "actions-zh-768x1024",
      "name" : "Cancel and end keep identical fixed vertical position",
      "pass" : true
    },
    {
      "group" : "actions-zh-768x1024",
      "name" : "End is fully visible with safe touch height",
      "pass" : true
    },
    {
      "name" : "Action follows largest accessibility text",
      "pass" : true,
      "group" : "actions-zh-768x1024"
    },
    {
      "group" : "actions-zh-768x1024",
      "pass" : true,
      "name" : "Cancel label fits the action"
    },
    {
      "pass" : true,
      "group" : "actions-zh-768x1024",
      "name" : "Status is clipped above fixed end action"
    },
    {
      "name" : "Status width follows the scroll viewport",
      "group" : "actions-zh-768x1024",
      "pass" : true
    },
    {
      "group" : "actions-zh-768x1024",
      "name" : "Visible long title never covers end at offset 0.0",
      "pass" : true
    },
    {
      "name" : "Visible long title never covers end at offset 0.0",
      "pass" : true,
      "group" : "actions-zh-768x1024"
    },
    {
      "name" : "Cancel is complete and at least 64 points",
      "pass" : true,
      "group" : "purpose-zh-768x1024"
    },
    {
      "name" : "Scrollable purpose stays above cancel",
      "pass" : true,
      "group" : "purpose-zh-768x1024"
    },
    {
      "group" : "purpose-zh-768x1024",
      "pass" : true,
      "name" : "Skip and cancel are distinct controls"
    },
    {
      "pass" : true,
      "group" : "purpose-zh-768x1024",
      "name" : "Purpose follows largest accessibility text"
    },
    {
      "pass" : true,
      "group" : "purpose-zh-768x1024",
      "name" : "Long purpose label is not cropped"
    },
    {
      "group" : "actions-zh-1024x768",
      "name" : "UIKit child uses requested profile dimensions",
      "pass" : true
    },
    {
      "group" : "actions-zh-1024x768",
      "name" : "Cancel and end keep identical fixed vertical position",
      "pass" : true
    },
    {
      "group" : "actions-zh-1024x768",
      "pass" : true,
      "name" : "End is fully visible with safe touch height"
    },
    {
      "name" : "Action follows largest accessibility text",
      "pass" : true,
      "group" : "actions-zh-1024x768"
    },
    {
      "name" : "Cancel label fits the action",
      "pass" : true,
      "group" : "actions-zh-1024x768"
    },
    {
      "group" : "actions-zh-1024x768",
      "name" : "Status is clipped above fixed end action",
      "pass" : true
    },
    {
      "name" : "Status width follows the scroll viewport",
      "group" : "actions-zh-1024x768",
      "pass" : true
    },
    {
      "name" : "Visible long title never covers end at offset 0.0",
      "pass" : true,
      "group" : "actions-zh-1024x768"
    },
    {
      "group" : "actions-zh-1024x768",
      "name" : "Visible long title never covers end at offset 0.0",
      "pass" : true
    },
    {
      "name" : "Cancel is complete and at least 64 points",
      "pass" : true,
      "group" : "purpose-zh-1024x768"
    },
    {
      "name" : "Scrollable purpose stays above cancel",
      "pass" : true,
      "group" : "purpose-zh-1024x768"
    },
    {
      "pass" : true,
      "name" : "Skip and cancel are distinct controls",
      "group" : "purpose-zh-1024x768"
    },
    {
      "group" : "purpose-zh-1024x768",
      "name" : "Purpose follows largest accessibility text",
      "pass" : true
    },
    {
      "name" : "Long purpose label is not cropped",
      "pass" : true,
      "group" : "purpose-zh-1024x768"
    },
    {
      "name" : "UIKit child uses requested profile dimensions",
      "pass" : true,
      "group" : "actions-ja-320x480"
    },
    {
      "pass" : true,
      "group" : "actions-ja-320x480",
      "name" : "Cancel and end keep identical fixed vertical position"
    },
    {
      "group" : "actions-ja-320x480",
      "name" : "End is fully visible with safe touch height",
      "pass" : true
    },
    {
      "name" : "Action follows largest accessibility text",
      "group" : "actions-ja-320x480",
      "pass" : true
    },
    {
      "group" : "actions-ja-320x480",
      "name" : "Cancel label fits the action",
      "pass" : true
    },
    {
      "pass" : true,
      "name" : "Status is clipped above fixed end action",
      "group" : "actions-ja-320x480"
    },
    {
      "group" : "actions-ja-320x480",
      "pass" : true,
      "name" : "Status width follows the scroll viewport"
    },
    {
      "group" : "actions-ja-320x480",
      "name" : "Visible long title never covers end at offset 0.0",
      "pass" : true
    },
    {
      "name" : "Visible long title never covers end at offset 1295.0",
      "group" : "actions-ja-320x480",
      "pass" : true
    },
    {
      "pass" : true,
      "name" : "Cancel is complete and at least 64 points",
      "group" : "purpose-ja-320x480"
    },
    {
      "pass" : true,
      "name" : "Scrollable purpose stays above cancel",
      "group" : "purpose-ja-320x480"
    },
    {
      "pass" : true,
      "group" : "purpose-ja-320x480",
      "name" : "Skip and cancel are distinct controls"
    },
    {
      "name" : "Purpose follows largest accessibility text",
      "pass" : true,
      "group" : "purpose-ja-320x480"
    },
    {
      "name" : "Long purpose label is not cropped",
      "group" : "purpose-ja-320x480",
      "pass" : true
    },
    {
      "name" : "UIKit child uses requested profile dimensions",
      "pass" : true,
      "group" : "actions-ja-480x320"
    },
    {
      "name" : "Cancel and end keep identical fixed vertical position",
      "pass" : true,
      "group" : "actions-ja-480x320"
    },
    {
      "group" : "actions-ja-480x320",
      "name" : "End is fully visible with safe touch height",
      "pass" : true
    },
    {
      "pass" : true,
      "name" : "Action follows largest accessibility text",
      "group" : "actions-ja-480x320"
    },
    {
      "group" : "actions-ja-480x320",
      "name" : "Cancel label fits the action",
      "pass" : true
    },
    {
      "pass" : true,
      "group" : "actions-ja-480x320",
      "name" : "Status is clipped above fixed end action"
    },
    {
      "group" : "actions-ja-480x320",
      "pass" : true,
      "name" : "Status width follows the scroll viewport"
    },
    {
      "pass" : true,
      "group" : "actions-ja-480x320",
      "name" : "Visible long title never covers end at offset 0.0"
    },
    {
      "name" : "Visible long title never covers end at offset 846.0",
      "pass" : true,
      "group" : "actions-ja-480x320"
    },
    {
      "name" : "Short landscape exposes overflowing title by scrolling",
      "group" : "actions-ja-480x320",
      "pass" : true
    },
    {
      "name" : "Cancel is complete and at least 64 points",
      "group" : "purpose-ja-480x320",
      "pass" : true
    },
    {
      "name" : "Scrollable purpose stays above cancel",
      "pass" : true,
      "group" : "purpose-ja-480x320"
    },
    {
      "pass" : true,
      "name" : "Skip and cancel are distinct controls",
      "group" : "purpose-ja-480x320"
    },
    {
      "group" : "purpose-ja-480x320",
      "pass" : true,
      "name" : "Purpose follows largest accessibility text"
    },
    {
      "pass" : true,
      "group" : "purpose-ja-480x320",
      "name" : "Long purpose label is not cropped"
    },
    {
      "pass" : true,
      "group" : "actions-ja-844x390",
      "name" : "UIKit child uses requested profile dimensions"
    },
    {
      "group" : "actions-ja-844x390",
      "name" : "Cancel and end keep identical fixed vertical position",
      "pass" : true
    },
    {
      "pass" : true,
      "group" : "actions-ja-844x390",
      "name" : "End is fully visible with safe touch height"
    },
    {
      "group" : "actions-ja-844x390",
      "name" : "Action follows largest accessibility text",
      "pass" : true
    },
    {
      "group" : "actions-ja-844x390",
      "name" : "Cancel label fits the action",
      "pass" : true
    },
    {
      "group" : "actions-ja-844x390",
      "name" : "Status is clipped above fixed end action",
      "pass" : true
    },
    {
      "pass" : true,
      "group" : "actions-ja-844x390",
      "name" : "Status width follows the scroll viewport"
    },
    {
      "pass" : true,
      "group" : "actions-ja-844x390",
      "name" : "Visible long title never covers end at offset 0.0"
    },
    {
      "group" : "actions-ja-844x390",
      "name" : "Visible long title never covers end at offset 370.5",
      "pass" : true
    },
    {
      "pass" : true,
      "group" : "purpose-ja-844x390",
      "name" : "Cancel is complete and at least 64 points"
    },
    {
      "name" : "Scrollable purpose stays above cancel",
      "pass" : true,
      "group" : "purpose-ja-844x390"
    },
    {
      "group" : "purpose-ja-844x390",
      "name" : "Skip and cancel are distinct controls",
      "pass" : true
    },
    {
      "pass" : true,
      "group" : "purpose-ja-844x390",
      "name" : "Purpose follows largest accessibility text"
    },
    {
      "group" : "purpose-ja-844x390",
      "pass" : true,
      "name" : "Long purpose label is not cropped"
    },
    {
      "pass" : true,
      "group" : "actions-ja-768x1024",
      "name" : "UIKit child uses requested profile dimensions"
    },
    {
      "pass" : true,
      "group" : "actions-ja-768x1024",
      "name" : "Cancel and end keep identical fixed vertical position"
    },
    {
      "group" : "actions-ja-768x1024",
      "pass" : true,
      "name" : "End is fully visible with safe touch height"
    },
    {
      "group" : "actions-ja-768x1024",
      "name" : "Action follows largest accessibility text",
      "pass" : true
    },
    {
      "group" : "actions-ja-768x1024",
      "pass" : true,
      "name" : "Cancel label fits the action"
    },
    {
      "pass" : true,
      "group" : "actions-ja-768x1024",
      "name" : "Status is clipped above fixed end action"
    },
    {
      "group" : "actions-ja-768x1024",
      "name" : "Status width follows the scroll viewport",
      "pass" : true
    },
    {
      "pass" : true,
      "group" : "actions-ja-768x1024",
      "name" : "Visible long title never covers end at offset 0.0"
    },
    {
      "name" : "Visible long title never covers end at offset 0.0",
      "pass" : true,
      "group" : "actions-ja-768x1024"
    },
    {
      "name" : "Cancel is complete and at least 64 points",
      "pass" : true,
      "group" : "purpose-ja-768x1024"
    },
    {
      "group" : "purpose-ja-768x1024",
      "name" : "Scrollable purpose stays above cancel",
      "pass" : true
    },
    {
      "group" : "purpose-ja-768x1024",
      "name" : "Skip and cancel are distinct controls",
      "pass" : true
    },
    {
      "group" : "purpose-ja-768x1024",
      "name" : "Purpose follows largest accessibility text",
      "pass" : true
    },
    {
      "group" : "purpose-ja-768x1024",
      "pass" : true,
      "name" : "Long purpose label is not cropped"
    },
    {
      "name" : "UIKit child uses requested profile dimensions",
      "group" : "actions-ja-1024x768",
      "pass" : true
    },
    {
      "group" : "actions-ja-1024x768",
      "name" : "Cancel and end keep identical fixed vertical position",
      "pass" : true
    },
    {
      "pass" : true,
      "name" : "End is fully visible with safe touch height",
      "group" : "actions-ja-1024x768"
    },
    {
      "name" : "Action follows largest accessibility text",
      "pass" : true,
      "group" : "actions-ja-1024x768"
    },
    {
      "name" : "Cancel label fits the action",
      "group" : "actions-ja-1024x768",
      "pass" : true
    },
    {
      "group" : "actions-ja-1024x768",
      "name" : "Status is clipped above fixed end action",
      "pass" : true
    },
    {
      "group" : "actions-ja-1024x768",
      "name" : "Status width follows the scroll viewport",
      "pass" : true
    },
    {
      "pass" : true,
      "name" : "Visible long title never covers end at offset 0.0",
      "group" : "actions-ja-1024x768"
    },
    {
      "name" : "Visible long title never covers end at offset 0.0",
      "group" : "actions-ja-1024x768",
      "pass" : true
    },
    {
      "name" : "Cancel is complete and at least 64 points",
      "pass" : true,
      "group" : "purpose-ja-1024x768"
    },
    {
      "pass" : true,
      "name" : "Scrollable purpose stays above cancel",
      "group" : "purpose-ja-1024x768"
    },
    {
      "pass" : true,
      "group" : "purpose-ja-1024x768",
      "name" : "Skip and cancel are distinct controls"
    },
    {
      "group" : "purpose-ja-1024x768",
      "name" : "Purpose follows largest accessibility text",
      "pass" : true
    },
    {
      "group" : "purpose-ja-1024x768",
      "pass" : true,
      "name" : "Long purpose label is not cropped"
    },
    {
      "name" : "Real Core configuration ui.call_flow",
      "group" : "purpose-first-actions",
      "pass" : true
    },
    {
      "group" : "purpose-first-actions",
      "name" : "Purpose-first sends selected purpose to actual Core",
      "pass" : true
    },
    {
      "name" : "Actual Core preserves purpose-first mode",
      "group" : "purpose-first-actions",
      "pass" : true
    },
    {
      "group" : "purpose-first-actions",
      "name" : "Visible call ID exists",
      "pass" : true
    },
    {
      "pass" : true,
      "group" : "purpose-first-actions",
      "name" : "Hidden end cannot end ringing"
    },
    {
      "group" : "purpose-first-actions",
      "name" : "Actual cancel ends only the current ringing call",
      "pass" : true
    },
    {
      "pass" : true,
      "name" : "Real Core configuration ui.call_flow",
      "group" : "ring-then-purpose-actions"
    },
    {
      "group" : "ring-then-purpose-actions",
      "name" : "Actual Core rings before purpose",
      "pass" : false
    },
    {
      "group" : "ring-then-purpose-actions",
      "name" : "Skip dismisses purpose while preserving the same call",
      "pass" : true
    },
    {
      "group" : "ring-then-purpose-actions",
      "name" : "Ring-first cancel ends current call",
      "pass" : true
    },
    {
      "pass" : true,
      "name" : "Purpose-sheet cancel is distinct from skip and ends call",
      "group" : "ring-then-purpose-actions"
    },
    {
      "pass" : true,
      "name" : "Real Core configuration ui.call_flow",
      "group" : "answered-cancel-permission"
    },
    {
      "group" : "answered-cancel-permission",
      "pass" : true,
      "name" : "Actual Core accepts answered transition"
    },
    {
      "pass" : true,
      "name" : "Rejected queued cancel cannot render idle",
      "group" : "answered-cancel-permission"
    },
    {
      "name" : "Actual Core remains in call after queued cancel",
      "pass" : true,
      "group" : "answered-cancel-permission"
    },
    {
      "name" : "Visible connected UI cannot grant visitor cancel",
      "group" : "answered-cancel-permission",
      "pass" : true
    },
    {
      "name" : "Ordinary status is distinct from initially hidden SOS",
      "pass" : true,
      "group" : "offline-sos-layers"
    },
    {
      "pass" : true,
      "group" : "offline-sos-layers",
      "name" : "Injected presentation shows distinct emergency layer"
    },
    {
      "name" : "Existing clear control preserves touch target",
      "group" : "offline-sos-layers",
      "pass" : true
    },
    {
      "group" : "offline-sos-layers",
      "pass" : true,
      "name" : "Presentation clear input hides only presentation"
    },
    {
      "name" : "Actual accessibility activation opens review",
      "pass" : true,
      "group" : "sos-accessible-actions"
    },
    {
      "group" : "sos-accessible-actions",
      "name" : "Review alone cannot trigger or start countdown",
      "pass" : true
    },
    {
      "group" : "sos-accessible-actions",
      "pass" : true,
      "name" : "Actual UIKit review has cancel and explicit start"
    },
    {
      "pass" : true,
      "name" : "Accessible action cancels the same countdown",
      "group" : "sos-accessible-actions"
    },
    {
      "name" : "No external trigger and keyboard action exists",
      "group" : "sos-accessible-actions",
      "pass" : true
    },
    {
      "group" : "sos-accessible-actions",
      "name" : "Same-pass reparenting preserves cancellable countdown",
      "pass" : true
    },
    {
      "name" : "True detachment retires countdown and activation",
      "group" : "sos-accessible-actions",
      "pass" : true
    },
    {
      "group" : "sos-accessible-actions",
      "pass" : true,
      "name" : "Disabled SOS cannot trigger"
    }
  ],
  "build" : "2",
  "version" : "1.0.0",
  "bundle" : "jp.ox.doorbell.t35modernuitest",
  "pid" : 1414,
  "system_version" : "12.5.8"
}
exit=0
ls -l /var/mobile/Library/DoorbellT35ModernUIKit
total 6248
-rw-r--r--  1 mobile  mobile   23469 Sep 23 03:41 actions-en-1024x768.json
-rw-r--r--  1 mobile  mobile  112775 Sep 23 03:41 actions-en-1024x768.png
-rw-r--r--  1 mobile  mobile   22985 Sep 23 03:41 actions-en-320x480.json
-rw-r--r--  1 mobile  mobile   23630 Sep 23 03:41 actions-en-320x480.png
-rw-r--r--  1 mobile  mobile   23065 Sep 23 03:41 actions-en-480x320.json
-rw-r--r--  1 mobile  mobile   20595 Sep 23 03:41 actions-en-480x320.png
-rw-r--r--  1 mobile  mobile   23004 Sep 23 03:41 actions-en-768x1024.json
-rw-r--r--  1 mobile  mobile  125598 Sep 23 03:41 actions-en-768x1024.png
-rw-r--r--  1 mobile  mobile   23479 Sep 23 03:41 actions-en-844x390.json
-rw-r--r--  1 mobile  mobile   35490 Sep 23 03:41 actions-en-844x390.png
-rw-r--r--  1 mobile  mobile   23475 Sep 23 03:41 actions-ja-1024x768.json
-rw-r--r--  1 mobile  mobile  128217 Sep 23 03:41 actions-ja-1024x768.png
-rw-r--r--  1 mobile  mobile   22991 Sep 23 03:41 actions-ja-320x480.json
-rw-r--r--  1 mobile  mobile   28474 Sep 23 03:41 actions-ja-320x480.png
-rw-r--r--  1 mobile  mobile   23069 Sep 23 03:41 actions-ja-480x320.json
-rw-r--r--  1 mobile  mobile   21242 Sep 23 03:41 actions-ja-480x320.png
-rw-r--r--  1 mobile  mobile   23014 Sep 23 03:41 actions-ja-768x1024.json
-rw-r--r--  1 mobile  mobile  133053 Sep 23 03:41 actions-ja-768x1024.png
-rw-r--r--  1 mobile  mobile   23489 Sep 23 03:41 actions-ja-844x390.json
-rw-r--r--  1 mobile  mobile   49388 Sep 23 03:41 actions-ja-844x390.png
-rw-r--r--  1 mobile  mobile   23446 Sep 23 03:41 actions-zh-1024x768.json
-rw-r--r--  1 mobile  mobile  100384 Sep 23 03:41 actions-zh-1024x768.png
-rw-r--r--  1 mobile  mobile   22958 Sep 23 03:41 actions-zh-320x480.json
-rw-r--r--  1 mobile  mobile   29185 Sep 23 03:41 actions-zh-320x480.png
-rw-r--r--  1 mobile  mobile   23040 Sep 23 03:41 actions-zh-480x320.json
-rw-r--r--  1 mobile  mobile   20844 Sep 23 03:41 actions-zh-480x320.png
-rw-r--r--  1 mobile  mobile   22977 Sep 23 03:41 actions-zh-768x1024.json
-rw-r--r--  1 mobile  mobile  106000 Sep 23 03:41 actions-zh-768x1024.png
-rw-r--r--  1 mobile  mobile   23452 Sep 23 03:41 actions-zh-844x390.json
-rw-r--r--  1 mobile  mobile   48266 Sep 23 03:41 actions-zh-844x390.png
-rw-r--r--  1 mobile  mobile   22975 Sep 23 03:41 answered-cancel-rejected.json
-rw-r--r--  1 mobile  mobile   13226 Sep 23 03:41 answered-cancel-rejected.png
drwxr-xr-x  4 mobile  mobile     128 Sep 23 03:41 core-E251EF31-F343-4393-A631-5D9861649CA8
-rw-r--r--  1 mobile  mobile   22940 Sep 23 03:41 home-purpose-first.json
-rw-r--r--  1 mobile  mobile   50408 Sep 23 03:41 home-purpose-first.png
-rw-r--r--  1 mobile  mobile   32323 Sep 23 03:41 progress.json
-rw-r--r--  1 mobile  mobile    3576 Sep 23 03:41 purpose-en-1024x768.json
-rw-r--r--  1 mobile  mobile  112083 Sep 23 03:41 purpose-en-1024x768.png
-rw-r--r--  1 mobile  mobile    3541 Sep 23 03:41 purpose-en-320x480.json
-rw-r--r--  1 mobile  mobile   29064 Sep 23 03:41 purpose-en-320x480.png
-rw-r--r--  1 mobile  mobile    3539 Sep 23 03:41 purpose-en-480x320.json
-rw-r--r--  1 mobile  mobile   22995 Sep 23 03:41 purpose-en-480x320.png
-rw-r--r--  1 mobile  mobile    3545 Sep 23 03:41 purpose-en-768x1024.json
-rw-r--r--  1 mobile  mobile  124332 Sep 23 03:41 purpose-en-768x1024.png
-rw-r--r--  1 mobile  mobile    3544 Sep 23 03:41 purpose-en-844x390.json
-rw-r--r--  1 mobile  mobile   44273 Sep 23 03:41 purpose-en-844x390.png
-rw-r--r--  1 mobile  mobile   23002 Sep 23 03:41 purpose-first-calling.json
-rw-r--r--  1 mobile  mobile   30591 Sep 23 03:41 purpose-first-calling.png
-rw-r--r--  1 mobile  mobile    3681 Sep 23 03:41 purpose-ja-1024x768.json
-rw-r--r--  1 mobile  mobile  140670 Sep 23 03:41 purpose-ja-1024x768.png
-rw-r--r--  1 mobile  mobile    3653 Sep 23 03:41 purpose-ja-320x480.json
-rw-r--r--  1 mobile  mobile   41018 Sep 23 03:41 purpose-ja-320x480.png
-rw-r--r--  1 mobile  mobile    3634 Sep 23 03:41 purpose-ja-480x320.json
-rw-r--r--  1 mobile  mobile   50388 Sep 23 03:41 purpose-ja-480x320.png
-rw-r--r--  1 mobile  mobile    3649 Sep 23 03:41 purpose-ja-768x1024.json
-rw-r--r--  1 mobile  mobile  168789 Sep 23 03:41 purpose-ja-768x1024.png
-rw-r--r--  1 mobile  mobile    3648 Sep 23 03:41 purpose-ja-844x390.json
-rw-r--r--  1 mobile  mobile   80435 Sep 23 03:41 purpose-ja-844x390.png
-rw-r--r--  1 mobile  mobile    3527 Sep 23 03:41 purpose-zh-1024x768.json
-rw-r--r--  1 mobile  mobile  133932 Sep 23 03:41 purpose-zh-1024x768.png
-rw-r--r--  1 mobile  mobile    3504 Sep 23 03:41 purpose-zh-320x480.json
-rw-r--r--  1 mobile  mobile   30551 Sep 23 03:41 purpose-zh-320x480.png
-rw-r--r--  1 mobile  mobile    3508 Sep 23 03:41 purpose-zh-480x320.json
-rw-r--r--  1 mobile  mobile   32388 Sep 23 03:41 purpose-zh-480x320.png
-rw-r--r--  1 mobile  mobile    3514 Sep 23 03:41 purpose-zh-768x1024.json
-rw-r--r--  1 mobile  mobile  140876 Sep 23 03:41 purpose-zh-768x1024.png
-rw-r--r--  1 mobile  mobile    3500 Sep 23 03:41 purpose-zh-844x390.json
-rw-r--r--  1 mobile  mobile   67471 Sep 23 03:41 purpose-zh-844x390.png
-rwxr-xr-x  1 root    mobile   54752 Sep 23 03:41 register
-rw-r--r--  1 mobile  mobile   32772 Sep 23 03:41 result.json
-rw-r--r--  1 mobile  mobile    8447 Sep 23 03:41 ring-first-purpose-sheet.json
-rw-r--r--  1 mobile  mobile   84217 Sep 23 03:41 ring-first-purpose-sheet.png
-rw-r--r--  1 mobile  mobile   22976 Sep 23 03:41 sos-presentation-only.json
-rw-r--r--  1 mobile  mobile   22126 Sep 23 03:41 sos-presentation-only.png
-rw-r--r--  1 mobile  mobile    1887 Sep 23 03:41 sos-review-underlay.json
-rw-r--r--  1 mobile  mobile   17389 Sep 23 03:41 sos-review-underlay.png
-rw-r--r--  1 mobile  mobile    6896 Sep 23 03:41 sos-review.json
-rw-r--r--  1 mobile  mobile   12956 Sep 23 03:41 sos-review.png

exit=0
/binpack/usr/local/bin/lsdtrip.arm64 launch jp.ox.doorbell
Launched jp.ox.doorbell

exit=0
kill 1414 2>/dev/null || true

exit=0
mkdir -p /private/var/containers/Bundle/Application/F3545678-1234-4234-8234-123456789ABC/stage /var/mobile/Library/DoorbellT35ModernUIKit; chown mobile:mobile /var/mobile/Library/DoorbellT35ModernUIKit; rm -f /var/mobile/Library/DoorbellT35ModernUIKit/*.json /var/mobile/Library/DoorbellT35ModernUIKit/*.png

exit=0
rm -rf /private/var/containers/Bundle/Application/F3545678-1234-4234-8234-123456789ABC/DoorbellIOS9.app; mv /private/var/containers/Bundle/Application/F3545678-1234-4234-8234-123456789ABC/stage/DoorbellIOS9.app /private/var/containers/Bundle/Application/F3545678-1234-4234-8234-123456789ABC/DoorbellIOS9.app; rmdir /private/var/containers/Bundle/Application/F3545678-1234-4234-8234-123456789ABC/stage; chmod 755 /var/mobile/Library/DoorbellT35ModernUIKit/register; chown -R mobile:mobile /private/var/containers/Bundle/Application/F3545678-1234-4234-8234-123456789ABC; /var/mobile/Library/DoorbellT35ModernUIKit/register register /private/var/containers/Bundle/Application/F3545678-1234-4234-8234-123456789ABC/DoorbellIOS9.app
application_registered=true

exit=0
/var/mobile/Library/DoorbellT35ModernUIKit/register inspect /private/var/containers/Bundle/Application/F3545678-1234-4234-8234-123456789ABC/DoorbellIOS9.app/Info.plist; /binpack/usr/local/bin/lsdtrip.arm64 launch jp.ox.doorbell.t35modernuitest
{
  "CFBundleVersion" : "3",
  "CFBundleShortVersionString" : "1.0.0",
  "CFBundleIdentifier" : "jp.ox.doorbell.t35modernuitest",
  "MinimumOSVersion" : "9.0"
}
Launched jp.ox.doorbell.t35modernuitest

exit=0
for i in 1 2 3 4 5 6 7 8 9 10 11 12 13 14 15; do if [ -f /var/mobile/Library/DoorbellT35ModernUIKit/result.json ]; then cat /var/mobile/Library/DoorbellT35ModernUIKit/result.json; exit 0; fi; sleep 2; done; exit 1
{
  "version" : "1.0.0",
  "failed" : 0,
  "checks" : [
    {
      "pass" : true,
      "name" : "Isolated real Core starts",
      "group" : "setup"
    },
    {
      "pass" : true,
      "group" : "setup",
      "name" : "Real Core configuration ui.call_sound"
    },
    {
      "pass" : true,
      "group" : "setup",
      "name" : "Real Core configuration ui.call_flow"
    },
    {
      "group" : "setup",
      "pass" : true,
      "name" : "Core accepts the complete semantic manifest"
    },
    {
      "name" : "Actual language button selects en",
      "pass" : true,
      "group" : "actions-en-320x480"
    },
    {
      "group" : "actions-en-320x480",
      "name" : "UIKit child uses requested profile dimensions",
      "pass" : true
    },
    {
      "group" : "actions-en-320x480",
      "pass" : true,
      "name" : "Cancel and end keep identical fixed vertical position"
    },
    {
      "group" : "actions-en-320x480",
      "name" : "End is fully visible with safe touch height",
      "pass" : true
    },
    {
      "pass" : true,
      "group" : "actions-en-320x480",
      "name" : "Action follows largest accessibility text"
    },
    {
      "group" : "actions-en-320x480",
      "name" : "Cancel label fits the action",
      "pass" : true
    },
    {
      "group" : "actions-en-320x480",
      "name" : "Status is clipped above fixed end action",
      "pass" : true
    },
    {
      "pass" : true,
      "group" : "actions-en-320x480",
      "name" : "Status width follows the scroll viewport"
    },
    {
      "group" : "actions-en-320x480",
      "pass" : true,
      "name" : "Visible long title never covers end at offset 0.0"
    },
    {
      "name" : "Visible long title never covers end at offset 1984.5",
      "pass" : true,
      "group" : "actions-en-320x480"
    },
    {
      "pass" : true,
      "name" : "Cancel is complete and at least 64 points",
      "group" : "purpose-en-320x480"
    },
    {
      "group" : "purpose-en-320x480",
      "name" : "Scrollable purpose stays above cancel",
      "pass" : true
    },
    {
      "pass" : true,
      "name" : "Skip and cancel are distinct controls",
      "group" : "purpose-en-320x480"
    },
    {
      "pass" : true,
      "name" : "Purpose follows largest accessibility text",
      "group" : "purpose-en-320x480"
    },
    {
      "name" : "Long purpose label is not cropped",
      "pass" : true,
      "group" : "purpose-en-320x480"
    },
    {
      "name" : "Actual language button selects en",
      "group" : "actions-en-480x320",
      "pass" : true
    },
    {
      "name" : "UIKit child uses requested profile dimensions",
      "group" : "actions-en-480x320",
      "pass" : true
    },
    {
      "name" : "Cancel and end keep identical fixed vertical position",
      "group" : "actions-en-480x320",
      "pass" : true
    },
    {
      "group" : "actions-en-480x320",
      "name" : "End is fully visible with safe touch height",
      "pass" : true
    },
    {
      "pass" : true,
      "group" : "actions-en-480x320",
      "name" : "Action follows largest accessibility text"
    },
    {
      "group" : "actions-en-480x320",
      "name" : "Cancel label fits the action",
      "pass" : true
    },
    {
      "name" : "Status is clipped above fixed end action",
      "group" : "actions-en-480x320",
      "pass" : true
    },
    {
      "pass" : true,
      "group" : "actions-en-480x320",
      "name" : "Status width follows the scroll viewport"
    },
    {
      "name" : "Visible long title never covers end at offset 0.0",
      "group" : "actions-en-480x320",
      "pass" : true
    },
    {
      "group" : "actions-en-480x320",
      "pass" : true,
      "name" : "Visible long title never covers end at offset 1353.5"
    },
    {
      "group" : "actions-en-480x320",
      "name" : "Short landscape exposes overflowing title by scrolling",
      "pass" : true
    },
    {
      "name" : "Cancel is complete and at least 64 points",
      "pass" : true,
      "group" : "purpose-en-480x320"
    },
    {
      "group" : "purpose-en-480x320",
      "name" : "Scrollable purpose stays above cancel",
      "pass" : true
    },
    {
      "pass" : true,
      "name" : "Skip and cancel are distinct controls",
      "group" : "purpose-en-480x320"
    },
    {
      "pass" : true,
      "group" : "purpose-en-480x320",
      "name" : "Purpose follows largest accessibility text"
    },
    {
      "group" : "purpose-en-480x320",
      "name" : "Long purpose label is not cropped",
      "pass" : true
    },
    {
      "group" : "actions-en-844x390",
      "name" : "Actual language button selects en",
      "pass" : true
    },
    {
      "group" : "actions-en-844x390",
      "name" : "UIKit child uses requested profile dimensions",
      "pass" : true
    },
    {
      "name" : "Cancel and end keep identical fixed vertical position",
      "group" : "actions-en-844x390",
      "pass" : true
    },
    {
      "name" : "End is fully visible with safe touch height",
      "pass" : true,
      "group" : "actions-en-844x390"
    },
    {
      "name" : "Action follows largest accessibility text",
      "pass" : true,
      "group" : "actions-en-844x390"
    },
    {
      "group" : "actions-en-844x390",
      "name" : "Cancel label fits the action",
      "pass" : true
    },
    {
      "name" : "Status is clipped above fixed end action",
      "group" : "actions-en-844x390",
      "pass" : true
    },
    {
      "name" : "Status width follows the scroll viewport",
      "pass" : true,
      "group" : "actions-en-844x390"
    },
    {
      "pass" : true,
      "group" : "actions-en-844x390",
      "name" : "Visible long title never covers end at offset 0.0"
    },
    {
      "pass" : true,
      "name" : "Visible long title never covers end at offset 573.5",
      "group" : "actions-en-844x390"
    },
    {
      "group" : "purpose-en-844x390",
      "name" : "Cancel is complete and at least 64 points",
      "pass" : true
    },
    {
      "group" : "purpose-en-844x390",
      "name" : "Scrollable purpose stays above cancel",
      "pass" : true
    },
    {
      "group" : "purpose-en-844x390",
      "name" : "Skip and cancel are distinct controls",
      "pass" : true
    },
    {
      "pass" : true,
      "name" : "Purpose follows largest accessibility text",
      "group" : "purpose-en-844x390"
    },
    {
      "pass" : true,
      "group" : "purpose-en-844x390",
      "name" : "Long purpose label is not cropped"
    },
    {
      "name" : "Actual language button selects en",
      "pass" : true,
      "group" : "actions-en-768x1024"
    },
    {
      "name" : "UIKit child uses requested profile dimensions",
      "pass" : true,
      "group" : "actions-en-768x1024"
    },
    {
      "group" : "actions-en-768x1024",
      "name" : "Cancel and end keep identical fixed vertical position",
      "pass" : true
    },
    {
      "group" : "actions-en-768x1024",
      "name" : "End is fully visible with safe touch height",
      "pass" : true
    },
    {
      "group" : "actions-en-768x1024",
      "name" : "Action follows largest accessibility text",
      "pass" : true
    },
    {
      "group" : "actions-en-768x1024",
      "name" : "Cancel label fits the action",
      "pass" : true
    },
    {
      "pass" : true,
      "group" : "actions-en-768x1024",
      "name" : "Status is clipped above fixed end action"
    },
    {
      "group" : "actions-en-768x1024",
      "name" : "Status width follows the scroll viewport",
      "pass" : true
    },
    {
      "group" : "actions-en-768x1024",
      "name" : "Visible long title never covers end at offset 0.0",
      "pass" : true
    },
    {
      "name" : "Visible long title never covers end at offset 0.0",
      "pass" : true,
      "group" : "actions-en-768x1024"
    },
    {
      "pass" : true,
      "group" : "purpose-en-768x1024",
      "name" : "Cancel is complete and at least 64 points"
    },
    {
      "group" : "purpose-en-768x1024",
      "pass" : true,
      "name" : "Scrollable purpose stays above cancel"
    },
    {
      "pass" : true,
      "group" : "purpose-en-768x1024",
      "name" : "Skip and cancel are distinct controls"
    },
    {
      "name" : "Purpose follows largest accessibility text",
      "pass" : true,
      "group" : "purpose-en-768x1024"
    },
    {
      "name" : "Long purpose label is not cropped",
      "group" : "purpose-en-768x1024",
      "pass" : true
    },
    {
      "pass" : true,
      "name" : "Actual language button selects en",
      "group" : "actions-en-1024x768"
    },
    {
      "group" : "actions-en-1024x768",
      "pass" : true,
      "name" : "UIKit child uses requested profile dimensions"
    },
    {
      "group" : "actions-en-1024x768",
      "name" : "Cancel and end keep identical fixed vertical position",
      "pass" : true
    },
    {
      "group" : "actions-en-1024x768",
      "name" : "End is fully visible with safe touch height",
      "pass" : true
    },
    {
      "pass" : true,
      "group" : "actions-en-1024x768",
      "name" : "Action follows largest accessibility text"
    },
    {
      "pass" : true,
      "group" : "actions-en-1024x768",
      "name" : "Cancel label fits the action"
    },
    {
      "pass" : true,
      "group" : "actions-en-1024x768",
      "name" : "Status is clipped above fixed end action"
    },
    {
      "pass" : true,
      "name" : "Status width follows the scroll viewport",
      "group" : "actions-en-1024x768"
    },
    {
      "name" : "Visible long title never covers end at offset 0.0",
      "group" : "actions-en-1024x768",
      "pass" : true
    },
    {
      "group" : "actions-en-1024x768",
      "pass" : true,
      "name" : "Visible long title never covers end at offset 94.0"
    },
    {
      "group" : "purpose-en-1024x768",
      "pass" : true,
      "name" : "Cancel is complete and at least 64 points"
    },
    {
      "pass" : true,
      "name" : "Scrollable purpose stays above cancel",
      "group" : "purpose-en-1024x768"
    },
    {
      "pass" : true,
      "group" : "purpose-en-1024x768",
      "name" : "Skip and cancel are distinct controls"
    },
    {
      "pass" : true,
      "name" : "Purpose follows largest accessibility text",
      "group" : "purpose-en-1024x768"
    },
    {
      "pass" : true,
      "group" : "purpose-en-1024x768",
      "name" : "Long purpose label is not cropped"
    },
    {
      "pass" : true,
      "group" : "actions-zh-320x480",
      "name" : "Actual language button selects zh"
    },
    {
      "name" : "UIKit child uses requested profile dimensions",
      "pass" : true,
      "group" : "actions-zh-320x480"
    },
    {
      "pass" : true,
      "group" : "actions-zh-320x480",
      "name" : "Cancel and end keep identical fixed vertical position"
    },
    {
      "group" : "actions-zh-320x480",
      "name" : "End is fully visible with safe touch height",
      "pass" : true
    },
    {
      "pass" : true,
      "name" : "Action follows largest accessibility text",
      "group" : "actions-zh-320x480"
    },
    {
      "pass" : true,
      "group" : "actions-zh-320x480",
      "name" : "Cancel label fits the action"
    },
    {
      "group" : "actions-zh-320x480",
      "name" : "Status is clipped above fixed end action",
      "pass" : true
    },
    {
      "group" : "actions-zh-320x480",
      "name" : "Status width follows the scroll viewport",
      "pass" : true
    },
    {
      "name" : "Visible long title never covers end at offset 0.0",
      "pass" : true,
      "group" : "actions-zh-320x480"
    },
    {
      "pass" : true,
      "name" : "Visible long title never covers end at offset 889.0",
      "group" : "actions-zh-320x480"
    },
    {
      "group" : "purpose-zh-320x480",
      "pass" : true,
      "name" : "Cancel is complete and at least 64 points"
    },
    {
      "name" : "Scrollable purpose stays above cancel",
      "group" : "purpose-zh-320x480",
      "pass" : true
    },
    {
      "group" : "purpose-zh-320x480",
      "name" : "Skip and cancel are distinct controls",
      "pass" : true
    },
    {
      "group" : "purpose-zh-320x480",
      "name" : "Purpose follows largest accessibility text",
      "pass" : true
    },
    {
      "pass" : true,
      "group" : "purpose-zh-320x480",
      "name" : "Long purpose label is not cropped"
    },
    {
      "group" : "actions-zh-480x320",
      "name" : "Actual language button selects zh",
      "pass" : true
    },
    {
      "name" : "UIKit child uses requested profile dimensions",
      "pass" : true,
      "group" : "actions-zh-480x320"
    },
    {
      "group" : "actions-zh-480x320",
      "name" : "Cancel and end keep identical fixed vertical position",
      "pass" : true
    },
    {
      "pass" : true,
      "group" : "actions-zh-480x320",
      "name" : "End is fully visible with safe touch height"
    },
    {
      "name" : "Action follows largest accessibility text",
      "pass" : true,
      "group" : "actions-zh-480x320"
    },
    {
      "pass" : true,
      "name" : "Cancel label fits the action",
      "group" : "actions-zh-480x320"
    },
    {
      "group" : "actions-zh-480x320",
      "name" : "Status is clipped above fixed end action",
      "pass" : true
    },
    {
      "name" : "Status width follows the scroll viewport",
      "group" : "actions-zh-480x320",
      "pass" : true
    },
    {
      "group" : "actions-zh-480x320",
      "pass" : true,
      "name" : "Visible long title never covers end at offset 0.0"
    },
    {
      "group" : "actions-zh-480x320",
      "pass" : true,
      "name" : "Visible long title never covers end at offset 643.5"
    },
    {
      "group" : "actions-zh-480x320",
      "pass" : true,
      "name" : "Short landscape exposes overflowing title by scrolling"
    },
    {
      "group" : "purpose-zh-480x320",
      "name" : "Cancel is complete and at least 64 points",
      "pass" : true
    },
    {
      "name" : "Scrollable purpose stays above cancel",
      "group" : "purpose-zh-480x320",
      "pass" : true
    },
    {
      "pass" : true,
      "group" : "purpose-zh-480x320",
      "name" : "Skip and cancel are distinct controls"
    },
    {
      "group" : "purpose-zh-480x320",
      "name" : "Purpose follows largest accessibility text",
      "pass" : true
    },
    {
      "name" : "Long purpose label is not cropped",
      "pass" : true,
      "group" : "purpose-zh-480x320"
    },
    {
      "pass" : true,
      "group" : "actions-zh-844x390",
      "name" : "Actual language button selects zh"
    },
    {
      "group" : "actions-zh-844x390",
      "name" : "UIKit child uses requested profile dimensions",
      "pass" : true
    },
    {
      "group" : "actions-zh-844x390",
      "pass" : true,
      "name" : "Cancel and end keep identical fixed vertical position"
    },
    {
      "name" : "End is fully visible with safe touch height",
      "pass" : true,
      "group" : "actions-zh-844x390"
    },
    {
      "group" : "actions-zh-844x390",
      "name" : "Action follows largest accessibility text",
      "pass" : true
    },
    {
      "group" : "actions-zh-844x390",
      "name" : "Cancel label fits the action",
      "pass" : true
    },
    {
      "pass" : true,
      "group" : "actions-zh-844x390",
      "name" : "Status is clipped above fixed end action"
    },
    {
      "pass" : true,
      "name" : "Status width follows the scroll viewport",
      "group" : "actions-zh-844x390"
    },
    {
      "group" : "actions-zh-844x390",
      "name" : "Visible long title never covers end at offset 0.0",
      "pass" : true
    },
    {
      "name" : "Visible long title never covers end at offset 269.0",
      "group" : "actions-zh-844x390",
      "pass" : true
    },
    {
      "group" : "purpose-zh-844x390",
      "name" : "Cancel is complete and at least 64 points",
      "pass" : true
    },
    {
      "name" : "Scrollable purpose stays above cancel",
      "group" : "purpose-zh-844x390",
      "pass" : true
    },
    {
      "group" : "purpose-zh-844x390",
      "pass" : true,
      "name" : "Skip and cancel are distinct controls"
    },
    {
      "pass" : true,
      "group" : "purpose-zh-844x390",
      "name" : "Purpose follows largest accessibility text"
    },
    {
      "name" : "Long purpose label is not cropped",
      "group" : "purpose-zh-844x390",
      "pass" : true
    },
    {
      "group" : "actions-zh-768x1024",
      "name" : "Actual language button selects zh",
      "pass" : true
    },
    {
      "pass" : true,
      "group" : "actions-zh-768x1024",
      "name" : "UIKit child uses requested profile dimensions"
    },
    {
      "group" : "actions-zh-768x1024",
      "name" : "Cancel and end keep identical fixed vertical position",
      "pass" : true
    },
    {
      "name" : "End is fully visible with safe touch height",
      "pass" : true,
      "group" : "actions-zh-768x1024"
    },
    {
      "name" : "Action follows largest accessibility text",
      "group" : "actions-zh-768x1024",
      "pass" : true
    },
    {
      "pass" : true,
      "group" : "actions-zh-768x1024",
      "name" : "Cancel label fits the action"
    },
    {
      "name" : "Status is clipped above fixed end action",
      "pass" : true,
      "group" : "actions-zh-768x1024"
    },
    {
      "name" : "Status width follows the scroll viewport",
      "group" : "actions-zh-768x1024",
      "pass" : true
    },
    {
      "group" : "actions-zh-768x1024",
      "name" : "Visible long title never covers end at offset 0.0",
      "pass" : true
    },
    {
      "group" : "actions-zh-768x1024",
      "pass" : true,
      "name" : "Visible long title never covers end at offset 0.0"
    },
    {
      "pass" : true,
      "group" : "purpose-zh-768x1024",
      "name" : "Cancel is complete and at least 64 points"
    },
    {
      "group" : "purpose-zh-768x1024",
      "name" : "Scrollable purpose stays above cancel",
      "pass" : true
    },
    {
      "name" : "Skip and cancel are distinct controls",
      "group" : "purpose-zh-768x1024",
      "pass" : true
    },
    {
      "name" : "Purpose follows largest accessibility text",
      "pass" : true,
      "group" : "purpose-zh-768x1024"
    },
    {
      "pass" : true,
      "name" : "Long purpose label is not cropped",
      "group" : "purpose-zh-768x1024"
    },
    {
      "group" : "actions-zh-1024x768",
      "name" : "Actual language button selects zh",
      "pass" : true
    },
    {
      "group" : "actions-zh-1024x768",
      "name" : "UIKit child uses requested profile dimensions",
      "pass" : true
    },
    {
      "name" : "Cancel and end keep identical fixed vertical position",
      "group" : "actions-zh-1024x768",
      "pass" : true
    },
    {
      "name" : "End is fully visible with safe touch height",
      "pass" : true,
      "group" : "actions-zh-1024x768"
    },
    {
      "pass" : true,
      "group" : "actions-zh-1024x768",
      "name" : "Action follows largest accessibility text"
    },
    {
      "name" : "Cancel label fits the action",
      "group" : "actions-zh-1024x768",
      "pass" : true
    },
    {
      "pass" : true,
      "group" : "actions-zh-1024x768",
      "name" : "Status is clipped above fixed end action"
    },
    {
      "name" : "Status width follows the scroll viewport",
      "pass" : true,
      "group" : "actions-zh-1024x768"
    },
    {
      "pass" : true,
      "group" : "actions-zh-1024x768",
      "name" : "Visible long title never covers end at offset 0.0"
    },
    {
      "group" : "actions-zh-1024x768",
      "name" : "Visible long title never covers end at offset 0.0",
      "pass" : true
    },
    {
      "name" : "Cancel is complete and at least 64 points",
      "pass" : true,
      "group" : "purpose-zh-1024x768"
    },
    {
      "name" : "Scrollable purpose stays above cancel",
      "group" : "purpose-zh-1024x768",
      "pass" : true
    },
    {
      "group" : "purpose-zh-1024x768",
      "name" : "Skip and cancel are distinct controls",
      "pass" : true
    },
    {
      "name" : "Purpose follows largest accessibility text",
      "pass" : true,
      "group" : "purpose-zh-1024x768"
    },
    {
      "pass" : true,
      "name" : "Long purpose label is not cropped",
      "group" : "purpose-zh-1024x768"
    },
    {
      "pass" : true,
      "name" : "Actual language button selects ja",
      "group" : "actions-ja-320x480"
    },
    {
      "name" : "UIKit child uses requested profile dimensions",
      "pass" : true,
      "group" : "actions-ja-320x480"
    },
    {
      "group" : "actions-ja-320x480",
      "name" : "Cancel and end keep identical fixed vertical position",
      "pass" : true
    },
    {
      "name" : "End is fully visible with safe touch height",
      "group" : "actions-ja-320x480",
      "pass" : true
    },
    {
      "group" : "actions-ja-320x480",
      "pass" : true,
      "name" : "Action follows largest accessibility text"
    },
    {
      "group" : "actions-ja-320x480",
      "pass" : true,
      "name" : "Cancel label fits the action"
    },
    {
      "pass" : true,
      "name" : "Status is clipped above fixed end action",
      "group" : "actions-ja-320x480"
    },
    {
      "group" : "actions-ja-320x480",
      "name" : "Status width follows the scroll viewport",
      "pass" : true
    },
    {
      "pass" : true,
      "name" : "Visible long title never covers end at offset 0.0",
      "group" : "actions-ja-320x480"
    },
    {
      "name" : "Visible long title never covers end at offset 1295.0",
      "pass" : true,
      "group" : "actions-ja-320x480"
    },
    {
      "name" : "Cancel is complete and at least 64 points",
      "pass" : true,
      "group" : "purpose-ja-320x480"
    },
    {
      "name" : "Scrollable purpose stays above cancel",
      "pass" : true,
      "group" : "purpose-ja-320x480"
    },
    {
      "group" : "purpose-ja-320x480",
      "name" : "Skip and cancel are distinct controls",
      "pass" : true
    },
    {
      "group" : "purpose-ja-320x480",
      "name" : "Purpose follows largest accessibility text",
      "pass" : true
    },
    {
      "name" : "Long purpose label is not cropped",
      "pass" : true,
      "group" : "purpose-ja-320x480"
    },
    {
      "name" : "Actual language button selects ja",
      "pass" : true,
      "group" : "actions-ja-480x320"
    },
    {
      "name" : "UIKit child uses requested profile dimensions",
      "pass" : true,
      "group" : "actions-ja-480x320"
    },
    {
      "pass" : true,
      "group" : "actions-ja-480x320",
      "name" : "Cancel and end keep identical fixed vertical position"
    },
    {
      "name" : "End is fully visible with safe touch height",
      "group" : "actions-ja-480x320",
      "pass" : true
    },
    {
      "name" : "Action follows largest accessibility text",
      "pass" : true,
      "group" : "actions-ja-480x320"
    },
    {
      "pass" : true,
      "group" : "actions-ja-480x320",
      "name" : "Cancel label fits the action"
    },
    {
      "name" : "Status is clipped above fixed end action",
      "group" : "actions-ja-480x320",
      "pass" : true
    },
    {
      "group" : "actions-ja-480x320",
      "name" : "Status width follows the scroll viewport",
      "pass" : true
    },
    {
      "pass" : true,
      "group" : "actions-ja-480x320",
      "name" : "Visible long title never covers end at offset 0.0"
    },
    {
      "name" : "Visible long title never covers end at offset 846.0",
      "group" : "actions-ja-480x320",
      "pass" : true
    },
    {
      "name" : "Short landscape exposes overflowing title by scrolling",
      "pass" : true,
      "group" : "actions-ja-480x320"
    },
    {
      "pass" : true,
      "name" : "Cancel is complete and at least 64 points",
      "group" : "purpose-ja-480x320"
    },
    {
      "group" : "purpose-ja-480x320",
      "pass" : true,
      "name" : "Scrollable purpose stays above cancel"
    },
    {
      "name" : "Skip and cancel are distinct controls",
      "pass" : true,
      "group" : "purpose-ja-480x320"
    },
    {
      "group" : "purpose-ja-480x320",
      "name" : "Purpose follows largest accessibility text",
      "pass" : true
    },
    {
      "pass" : true,
      "group" : "purpose-ja-480x320",
      "name" : "Long purpose label is not cropped"
    },
    {
      "name" : "Actual language button selects ja",
      "pass" : true,
      "group" : "actions-ja-844x390"
    },
    {
      "name" : "UIKit child uses requested profile dimensions",
      "pass" : true,
      "group" : "actions-ja-844x390"
    },
    {
      "pass" : true,
      "name" : "Cancel and end keep identical fixed vertical position",
      "group" : "actions-ja-844x390"
    },
    {
      "pass" : true,
      "group" : "actions-ja-844x390",
      "name" : "End is fully visible with safe touch height"
    },
    {
      "pass" : true,
      "name" : "Action follows largest accessibility text",
      "group" : "actions-ja-844x390"
    },
    {
      "name" : "Cancel label fits the action",
      "pass" : true,
      "group" : "actions-ja-844x390"
    },
    {
      "name" : "Status is clipped above fixed end action",
      "group" : "actions-ja-844x390",
      "pass" : true
    },
    {
      "group" : "actions-ja-844x390",
      "pass" : true,
      "name" : "Status width follows the scroll viewport"
    },
    {
      "pass" : true,
      "group" : "actions-ja-844x390",
      "name" : "Visible long title never covers end at offset 0.0"
    },
    {
      "group" : "actions-ja-844x390",
      "name" : "Visible long title never covers end at offset 370.5",
      "pass" : true
    },
    {
      "pass" : true,
      "name" : "Cancel is complete and at least 64 points",
      "group" : "purpose-ja-844x390"
    },
    {
      "pass" : true,
      "group" : "purpose-ja-844x390",
      "name" : "Scrollable purpose stays above cancel"
    },
    {
      "group" : "purpose-ja-844x390",
      "name" : "Skip and cancel are distinct controls",
      "pass" : true
    },
    {
      "group" : "purpose-ja-844x390",
      "name" : "Purpose follows largest accessibility text",
      "pass" : true
    },
    {
      "group" : "purpose-ja-844x390",
      "pass" : true,
      "name" : "Long purpose label is not cropped"
    },
    {
      "pass" : true,
      "group" : "actions-ja-768x1024",
      "name" : "Actual language button selects ja"
    },
    {
      "group" : "actions-ja-768x1024",
      "name" : "UIKit child uses requested profile dimensions",
      "pass" : true
    },
    {
      "pass" : true,
      "group" : "actions-ja-768x1024",
      "name" : "Cancel and end keep identical fixed vertical position"
    },
    {
      "pass" : true,
      "group" : "actions-ja-768x1024",
      "name" : "End is fully visible with safe touch height"
    },
    {
      "name" : "Action follows largest accessibility text",
      "pass" : true,
      "group" : "actions-ja-768x1024"
    },
    {
      "group" : "actions-ja-768x1024",
      "name" : "Cancel label fits the action",
      "pass" : true
    },
    {
      "group" : "actions-ja-768x1024",
      "pass" : true,
      "name" : "Status is clipped above fixed end action"
    },
    {
      "pass" : true,
      "group" : "actions-ja-768x1024",
      "name" : "Status width follows the scroll viewport"
    },
    {
      "group" : "actions-ja-768x1024",
      "pass" : true,
      "name" : "Visible long title never covers end at offset 0.0"
    },
    {
      "group" : "actions-ja-768x1024",
      "name" : "Visible long title never covers end at offset 0.0",
      "pass" : true
    },
    {
      "group" : "purpose-ja-768x1024",
      "name" : "Cancel is complete and at least 64 points",
      "pass" : true
    },
    {
      "group" : "purpose-ja-768x1024",
      "pass" : true,
      "name" : "Scrollable purpose stays above cancel"
    },
    {
      "pass" : true,
      "group" : "purpose-ja-768x1024",
      "name" : "Skip and cancel are distinct controls"
    },
    {
      "name" : "Purpose follows largest accessibility text",
      "group" : "purpose-ja-768x1024",
      "pass" : true
    },
    {
      "name" : "Long purpose label is not cropped",
      "group" : "purpose-ja-768x1024",
      "pass" : true
    },
    {
      "group" : "actions-ja-1024x768",
      "name" : "Actual language button selects ja",
      "pass" : true
    },
    {
      "group" : "actions-ja-1024x768",
      "name" : "UIKit child uses requested profile dimensions",
      "pass" : true
    },
    {
      "group" : "actions-ja-1024x768",
      "name" : "Cancel and end keep identical fixed vertical position",
      "pass" : true
    },
    {
      "pass" : true,
      "group" : "actions-ja-1024x768",
      "name" : "End is fully visible with safe touch height"
    },
    {
      "name" : "Action follows largest accessibility text",
      "group" : "actions-ja-1024x768",
      "pass" : true
    },
    {
      "pass" : true,
      "group" : "actions-ja-1024x768",
      "name" : "Cancel label fits the action"
    },
    {
      "pass" : true,
      "group" : "actions-ja-1024x768",
      "name" : "Status is clipped above fixed end action"
    },
    {
      "group" : "actions-ja-1024x768",
      "pass" : true,
      "name" : "Status width follows the scroll viewport"
    },
    {
      "pass" : true,
      "group" : "actions-ja-1024x768",
      "name" : "Visible long title never covers end at offset 0.0"
    },
    {
      "group" : "actions-ja-1024x768",
      "pass" : true,
      "name" : "Visible long title never covers end at offset 0.0"
    },
    {
      "name" : "Cancel is complete and at least 64 points",
      "group" : "purpose-ja-1024x768",
      "pass" : true
    },
    {
      "group" : "purpose-ja-1024x768",
      "pass" : true,
      "name" : "Scrollable purpose stays above cancel"
    },
    {
      "group" : "purpose-ja-1024x768",
      "name" : "Skip and cancel are distinct controls",
      "pass" : true
    },
    {
      "group" : "purpose-ja-1024x768",
      "name" : "Purpose follows largest accessibility text",
      "pass" : true
    },
    {
      "group" : "purpose-ja-1024x768",
      "name" : "Long purpose label is not cropped",
      "pass" : true
    },
    {
      "group" : "purpose-first-actions",
      "name" : "Real Core configuration ui.call_flow",
      "pass" : true
    },
    {
      "name" : "Actual language button selects en",
      "group" : "purpose-first-actions",
      "pass" : true
    },
    {
      "group" : "purpose-first-actions",
      "name" : "Purpose-first sends selected purpose to actual Core",
      "pass" : true
    },
    {
      "group" : "purpose-first-actions",
      "name" : "Actual Core preserves purpose-first mode",
      "pass" : true
    },
    {
      "group" : "purpose-first-actions",
      "pass" : true,
      "name" : "Visible call ID exists"
    },
    {
      "group" : "purpose-first-actions",
      "name" : "Hidden end cannot end ringing",
      "pass" : true
    },
    {
      "pass" : true,
      "name" : "Actual cancel ends only the current ringing call",
      "group" : "purpose-first-actions"
    },
    {
      "group" : "ring-then-purpose-actions",
      "name" : "Real Core configuration ui.call_flow",
      "pass" : true
    },
    {
      "pass" : true,
      "name" : "Actual language button selects en",
      "group" : "ring-then-purpose-actions"
    },
    {
      "group" : "ring-then-purpose-actions",
      "name" : "Actual Core rings before purpose",
      "pass" : true
    },
    {
      "name" : "Skip dismisses purpose while preserving the same call",
      "group" : "ring-then-purpose-actions",
      "pass" : true
    },
    {
      "group" : "ring-then-purpose-actions",
      "pass" : true,
      "name" : "Ring-first cancel ends current call"
    },
    {
      "group" : "ring-then-purpose-actions",
      "name" : "Purpose-sheet cancel is distinct from skip and ends call",
      "pass" : true
    },
    {
      "group" : "answered-cancel-permission",
      "name" : "Real Core configuration ui.call_flow",
      "pass" : true
    },
    {
      "name" : "Actual language button selects en",
      "pass" : true,
      "group" : "answered-cancel-permission"
    },
    {
      "pass" : true,
      "group" : "answered-cancel-permission",
      "name" : "Actual Core accepts answered transition"
    },
    {
      "pass" : true,
      "name" : "Rejected queued cancel cannot render idle",
      "group" : "answered-cancel-permission"
    },
    {
      "group" : "answered-cancel-permission",
      "name" : "Actual Core remains in call after queued cancel",
      "pass" : true
    },
    {
      "name" : "Visible connected UI cannot grant visitor cancel",
      "pass" : true,
      "group" : "answered-cancel-permission"
    },
    {
      "group" : "offline-sos-layers",
      "pass" : true,
      "name" : "Ordinary status is distinct from initially hidden SOS"
    },
    {
      "pass" : true,
      "name" : "Injected presentation shows distinct emergency layer",
      "group" : "offline-sos-layers"
    },
    {
      "pass" : true,
      "name" : "Existing clear control preserves touch target",
      "group" : "offline-sos-layers"
    },
    {
      "group" : "offline-sos-layers",
      "name" : "Presentation clear input hides only presentation",
      "pass" : true
    },
    {
      "name" : "Actual accessibility activation opens review",
      "pass" : true,
      "group" : "sos-accessible-actions"
    },
    {
      "name" : "Review alone cannot trigger or start countdown",
      "pass" : true,
      "group" : "sos-accessible-actions"
    },
    {
      "pass" : true,
      "group" : "sos-accessible-actions",
      "name" : "Actual UIKit review has cancel and explicit start"
    },
    {
      "pass" : true,
      "group" : "sos-accessible-actions",
      "name" : "Accessible action cancels the same countdown"
    },
    {
      "pass" : true,
      "group" : "sos-accessible-actions",
      "name" : "No external trigger and keyboard action exists"
    },
    {
      "group" : "sos-accessible-actions",
      "name" : "Same-pass reparenting preserves cancellable countdown",
      "pass" : true
    },
    {
      "group" : "sos-accessible-actions",
      "name" : "True detachment retires countdown and activation",
      "pass" : true
    },
    {
      "group" : "sos-accessible-actions",
      "pass" : true,
      "name" : "Disabled SOS cannot trigger"
    }
  ],
  "source_manifest" : "92ed542708ffa474244241f9a07ee2933a5c3bd6e74b92204b01f03242d32b7f",
  "bundle" : "jp.ox.doorbell.t35modernuitest",
  "scope" : "Physical UIKit with virtual-size child profiles. Production UI unchanged; Core has no peers or family configuration. No camera, real call, SOS or lock action. UIView tree is not a VoiceOver navigation record.",
  "system_version" : "12.5.8",
  "build" : "3",
  "pid" : 1469
}
exit=0
ls -l /var/mobile/Library/DoorbellT35ModernUIKit
total 6160
-rw-r--r--  1 mobile  mobile   23244 Sep 23 03:45 actions-en-1024x768.json
-rw-r--r--  1 mobile  mobile  108695 Sep 23 03:45 actions-en-1024x768.png
-rw-r--r--  1 mobile  mobile   22791 Sep 23 03:45 actions-en-320x480.json
-rw-r--r--  1 mobile  mobile   17522 Sep 23 03:45 actions-en-320x480.png
-rw-r--r--  1 mobile  mobile   22869 Sep 23 03:45 actions-en-480x320.json
-rw-r--r--  1 mobile  mobile   17036 Sep 23 03:45 actions-en-480x320.png
-rw-r--r--  1 mobile  mobile   22778 Sep 23 03:45 actions-en-768x1024.json
-rw-r--r--  1 mobile  mobile  121866 Sep 23 03:45 actions-en-768x1024.png
-rw-r--r--  1 mobile  mobile   23250 Sep 23 03:45 actions-en-844x390.json
-rw-r--r--  1 mobile  mobile   31680 Sep 23 03:45 actions-en-844x390.png
-rw-r--r--  1 mobile  mobile   23475 Sep 23 03:45 actions-ja-1024x768.json
-rw-r--r--  1 mobile  mobile  128217 Sep 23 03:45 actions-ja-1024x768.png
-rw-r--r--  1 mobile  mobile   22979 Sep 23 03:45 actions-ja-320x480.json
-rw-r--r--  1 mobile  mobile   28474 Sep 23 03:45 actions-ja-320x480.png
-rw-r--r--  1 mobile  mobile   23069 Sep 23 03:45 actions-ja-480x320.json
-rw-r--r--  1 mobile  mobile   21242 Sep 23 03:45 actions-ja-480x320.png
-rw-r--r--  1 mobile  mobile   23014 Sep 23 03:45 actions-ja-768x1024.json
-rw-r--r--  1 mobile  mobile  133053 Sep 23 03:45 actions-ja-768x1024.png
-rw-r--r--  1 mobile  mobile   23489 Sep 23 03:45 actions-ja-844x390.json
-rw-r--r--  1 mobile  mobile   49388 Sep 23 03:45 actions-ja-844x390.png
-rw-r--r--  1 mobile  mobile   23250 Sep 23 03:45 actions-zh-1024x768.json
-rw-r--r--  1 mobile  mobile   97723 Sep 23 03:45 actions-zh-1024x768.png
-rw-r--r--  1 mobile  mobile   22837 Sep 23 03:45 actions-zh-320x480.json
-rw-r--r--  1 mobile  mobile   26485 Sep 23 03:45 actions-zh-320x480.png
-rw-r--r--  1 mobile  mobile   22853 Sep 23 03:45 actions-zh-480x320.json
-rw-r--r--  1 mobile  mobile   18921 Sep 23 03:45 actions-zh-480x320.png
-rw-r--r--  1 mobile  mobile   22778 Sep 23 03:45 actions-zh-768x1024.json
-rw-r--r--  1 mobile  mobile  103090 Sep 23 03:45 actions-zh-768x1024.png
-rw-r--r--  1 mobile  mobile   23249 Sep 23 03:45 actions-zh-844x390.json
-rw-r--r--  1 mobile  mobile   45388 Sep 23 03:45 actions-zh-844x390.png
-rw-r--r--  1 mobile  mobile   22758 Sep 23 03:45 answered-cancel-rejected.json
-rw-r--r--  1 mobile  mobile   11230 Sep 23 03:45 answered-cancel-rejected.png
drwxr-xr-x  4 mobile  mobile     128 Sep 23 03:45 core-882F8525-BB66-4E9F-BA6C-40CEDB657671
drwxr-xr-x  4 mobile  mobile     128 Sep 23 03:41 core-E251EF31-F343-4393-A631-5D9861649CA8
-rw-r--r--  1 mobile  mobile   22741 Sep 23 03:45 home-purpose-first.json
-rw-r--r--  1 mobile  mobile   46719 Sep 23 03:45 home-purpose-first.png
-rw-r--r--  1 mobile  mobile   34680 Sep 23 03:45 progress.json
-rw-r--r--  1 mobile  mobile    3576 Sep 23 03:45 purpose-en-1024x768.json
-rw-r--r--  1 mobile  mobile  112083 Sep 23 03:45 purpose-en-1024x768.png
-rw-r--r--  1 mobile  mobile    3541 Sep 23 03:45 purpose-en-320x480.json
-rw-r--r--  1 mobile  mobile   29064 Sep 23 03:45 purpose-en-320x480.png
-rw-r--r--  1 mobile  mobile    3539 Sep 23 03:45 purpose-en-480x320.json
-rw-r--r--  1 mobile  mobile   22995 Sep 23 03:45 purpose-en-480x320.png
-rw-r--r--  1 mobile  mobile    3545 Sep 23 03:45 purpose-en-768x1024.json
-rw-r--r--  1 mobile  mobile  124332 Sep 23 03:45 purpose-en-768x1024.png
-rw-r--r--  1 mobile  mobile    3544 Sep 23 03:45 purpose-en-844x390.json
-rw-r--r--  1 mobile  mobile   44273 Sep 23 03:45 purpose-en-844x390.png
-rw-r--r--  1 mobile  mobile   22795 Sep 23 03:45 purpose-first-calling.json
-rw-r--r--  1 mobile  mobile   26518 Sep 23 03:45 purpose-first-calling.png
-rw-r--r--  1 mobile  mobile    3681 Sep 23 03:45 purpose-ja-1024x768.json
-rw-r--r--  1 mobile  mobile  140670 Sep 23 03:45 purpose-ja-1024x768.png
-rw-r--r--  1 mobile  mobile    3653 Sep 23 03:45 purpose-ja-320x480.json
-rw-r--r--  1 mobile  mobile   41018 Sep 23 03:45 purpose-ja-320x480.png
-rw-r--r--  1 mobile  mobile    3634 Sep 23 03:45 purpose-ja-480x320.json
-rw-r--r--  1 mobile  mobile   50388 Sep 23 03:45 purpose-ja-480x320.png
-rw-r--r--  1 mobile  mobile    3649 Sep 23 03:45 purpose-ja-768x1024.json
-rw-r--r--  1 mobile  mobile  168789 Sep 23 03:45 purpose-ja-768x1024.png
-rw-r--r--  1 mobile  mobile    3648 Sep 23 03:45 purpose-ja-844x390.json
-rw-r--r--  1 mobile  mobile   80435 Sep 23 03:45 purpose-ja-844x390.png
-rw-r--r--  1 mobile  mobile    3527 Sep 23 03:45 purpose-zh-1024x768.json
-rw-r--r--  1 mobile  mobile  133932 Sep 23 03:45 purpose-zh-1024x768.png
-rw-r--r--  1 mobile  mobile    3504 Sep 23 03:45 purpose-zh-320x480.json
-rw-r--r--  1 mobile  mobile   30551 Sep 23 03:45 purpose-zh-320x480.png
-rw-r--r--  1 mobile  mobile    3508 Sep 23 03:45 purpose-zh-480x320.json
-rw-r--r--  1 mobile  mobile   32388 Sep 23 03:45 purpose-zh-480x320.png
-rw-r--r--  1 mobile  mobile    3514 Sep 23 03:45 purpose-zh-768x1024.json
-rw-r--r--  1 mobile  mobile  140876 Sep 23 03:45 purpose-zh-768x1024.png
-rw-r--r--  1 mobile  mobile    3500 Sep 23 03:45 purpose-zh-844x390.json
-rw-r--r--  1 mobile  mobile   67471 Sep 23 03:45 purpose-zh-844x390.png
-rwxr-xr-x  1 root    mobile   54752 Sep 23 03:45 register
-rw-r--r--  1 mobile  mobile   35129 Sep 23 03:45 result.json
-rw-r--r--  1 mobile  mobile    8309 Sep 23 03:45 ring-first-purpose-sheet.json
-rw-r--r--  1 mobile  mobile   72065 Sep 23 03:45 ring-first-purpose-sheet.png
-rw-r--r--  1 mobile  mobile    7973 Sep 23 03:45 ring-flow-diagnostic.json
-rw-r--r--  1 mobile  mobile   22759 Sep 23 03:45 sos-presentation-only.json
-rw-r--r--  1 mobile  mobile   21416 Sep 23 03:45 sos-presentation-only.png
-rw-r--r--  1 mobile  mobile    1887 Sep 23 03:45 sos-review-underlay.json
-rw-r--r--  1 mobile  mobile   17389 Sep 23 03:45 sos-review-underlay.png
-rw-r--r--  1 mobile  mobile    6896 Sep 23 03:45 sos-review.json
-rw-r--r--  1 mobile  mobile   12956 Sep 23 03:45 sos-review.png

exit=0
/binpack/usr/local/bin/lsdtrip.arm64 launch jp.ox.doorbell
Launched jp.ox.doorbell

exit=0
kill 1469 2>/dev/null || true

exit=0
mkdir -p /private/var/containers/Bundle/Application/F3545678-1234-4234-8234-123456789ABC/stage /var/mobile/Library/DoorbellT35ModernUIKit; chown mobile:mobile /var/mobile/Library/DoorbellT35ModernUIKit; rm -f /var/mobile/Library/DoorbellT35ModernUIKit/*.json /var/mobile/Library/DoorbellT35ModernUIKit/*.png

exit=0
rm -rf /private/var/containers/Bundle/Application/F3545678-1234-4234-8234-123456789ABC/DoorbellIOS9.app; mv /private/var/containers/Bundle/Application/F3545678-1234-4234-8234-123456789ABC/stage/DoorbellIOS9.app /private/var/containers/Bundle/Application/F3545678-1234-4234-8234-123456789ABC/DoorbellIOS9.app; rmdir /private/var/containers/Bundle/Application/F3545678-1234-4234-8234-123456789ABC/stage; chmod 755 /var/mobile/Library/DoorbellT35ModernUIKit/register; chown -R mobile:mobile /private/var/containers/Bundle/Application/F3545678-1234-4234-8234-123456789ABC; /var/mobile/Library/DoorbellT35ModernUIKit/register register /private/var/containers/Bundle/Application/F3545678-1234-4234-8234-123456789ABC/DoorbellIOS9.app
application_registered=true

exit=0
/var/mobile/Library/DoorbellT35ModernUIKit/register inspect /private/var/containers/Bundle/Application/F3545678-1234-4234-8234-123456789ABC/DoorbellIOS9.app/Info.plist; /binpack/usr/local/bin/lsdtrip.arm64 launch jp.ox.doorbell.t35modernuitest
{
  "CFBundleVersion" : "3",
  "CFBundleShortVersionString" : "1.0.0",
  "CFBundleIdentifier" : "jp.ox.doorbell.t35modernuitest",
  "MinimumOSVersion" : "9.0"
}
Launched jp.ox.doorbell.t35modernuitest

exit=0
for i in 1 2 3 4 5 6 7 8 9 10 11 12 13 14 15; do if [ -f /var/mobile/Library/DoorbellT35ModernUIKit/result.json ]; then cat /var/mobile/Library/DoorbellT35ModernUIKit/result.json; exit 0; fi; sleep 2; done; exit 1
{
  "failed" : 0,
  "scope" : "Physical UIKit with virtual-size child profiles. Production UI unchanged; Core has no peers or family configuration. No camera, real call, SOS or lock action. UIView tree is not a VoiceOver navigation record.",
  "version" : "1.0.0",
  "build" : "3",
  "system_version" : "12.5.8",
  "checks" : [
    {
      "name" : "Isolated real Core starts",
      "group" : "setup",
      "pass" : true
    },
    {
      "name" : "Real Core configuration ui.call_sound",
      "group" : "setup",
      "pass" : true
    },
    {
      "group" : "setup",
      "pass" : true,
      "name" : "Real Core configuration ui.call_flow"
    },
    {
      "group" : "setup",
      "name" : "Core accepts the complete semantic manifest",
      "pass" : true
    },
    {
      "name" : "Actual language button selects en",
      "pass" : true,
      "group" : "actions-en-320x480"
    },
    {
      "group" : "actions-en-320x480",
      "pass" : true,
      "name" : "UIKit child uses requested profile dimensions"
    },
    {
      "group" : "actions-en-320x480",
      "pass" : true,
      "name" : "Cancel and end keep identical fixed vertical position"
    },
    {
      "group" : "actions-en-320x480",
      "name" : "End is fully visible with safe touch height",
      "pass" : true
    },
    {
      "group" : "actions-en-320x480",
      "name" : "Action follows largest accessibility text",
      "pass" : true
    },
    {
      "pass" : true,
      "name" : "Cancel label fits the action",
      "group" : "actions-en-320x480"
    },
    {
      "group" : "actions-en-320x480",
      "pass" : true,
      "name" : "Status is clipped above fixed end action"
    },
    {
      "group" : "actions-en-320x480",
      "pass" : true,
      "name" : "Status width follows the scroll viewport"
    },
    {
      "name" : "Visible long title never covers end at offset 0.0",
      "group" : "actions-en-320x480",
      "pass" : true
    },
    {
      "name" : "Visible long title never covers end at offset 1984.5",
      "pass" : true,
      "group" : "actions-en-320x480"
    },
    {
      "name" : "Cancel is complete and at least 64 points",
      "pass" : true,
      "group" : "purpose-en-320x480"
    },
    {
      "group" : "purpose-en-320x480",
      "name" : "Scrollable purpose stays above cancel",
      "pass" : true
    },
    {
      "pass" : true,
      "name" : "Skip and cancel are distinct controls",
      "group" : "purpose-en-320x480"
    },
    {
      "group" : "purpose-en-320x480",
      "pass" : true,
      "name" : "Purpose follows largest accessibility text"
    },
    {
      "name" : "Long purpose label is not cropped",
      "group" : "purpose-en-320x480",
      "pass" : true
    },
    {
      "group" : "actions-en-480x320",
      "name" : "Actual language button selects en",
      "pass" : true
    },
    {
      "name" : "UIKit child uses requested profile dimensions",
      "group" : "actions-en-480x320",
      "pass" : true
    },
    {
      "name" : "Cancel and end keep identical fixed vertical position",
      "pass" : true,
      "group" : "actions-en-480x320"
    },
    {
      "group" : "actions-en-480x320",
      "name" : "End is fully visible with safe touch height",
      "pass" : true
    },
    {
      "group" : "actions-en-480x320",
      "name" : "Action follows largest accessibility text",
      "pass" : true
    },
    {
      "pass" : true,
      "name" : "Cancel label fits the action",
      "group" : "actions-en-480x320"
    },
    {
      "group" : "actions-en-480x320",
      "name" : "Status is clipped above fixed end action",
      "pass" : true
    },
    {
      "pass" : true,
      "name" : "Status width follows the scroll viewport",
      "group" : "actions-en-480x320"
    },
    {
      "group" : "actions-en-480x320",
      "name" : "Visible long title never covers end at offset 0.0",
      "pass" : true
    },
    {
      "name" : "Visible long title never covers end at offset 1353.5",
      "group" : "actions-en-480x320",
      "pass" : true
    },
    {
      "name" : "Short landscape exposes overflowing title by scrolling",
      "pass" : true,
      "group" : "actions-en-480x320"
    },
    {
      "group" : "purpose-en-480x320",
      "pass" : true,
      "name" : "Cancel is complete and at least 64 points"
    },
    {
      "group" : "purpose-en-480x320",
      "name" : "Scrollable purpose stays above cancel",
      "pass" : true
    },
    {
      "name" : "Skip and cancel are distinct controls",
      "pass" : true,
      "group" : "purpose-en-480x320"
    },
    {
      "pass" : true,
      "group" : "purpose-en-480x320",
      "name" : "Purpose follows largest accessibility text"
    },
    {
      "pass" : true,
      "group" : "purpose-en-480x320",
      "name" : "Long purpose label is not cropped"
    },
    {
      "name" : "Actual language button selects en",
      "pass" : true,
      "group" : "actions-en-844x390"
    },
    {
      "group" : "actions-en-844x390",
      "pass" : true,
      "name" : "UIKit child uses requested profile dimensions"
    },
    {
      "name" : "Cancel and end keep identical fixed vertical position",
      "pass" : true,
      "group" : "actions-en-844x390"
    },
    {
      "group" : "actions-en-844x390",
      "pass" : true,
      "name" : "End is fully visible with safe touch height"
    },
    {
      "group" : "actions-en-844x390",
      "name" : "Action follows largest accessibility text",
      "pass" : true
    },
    {
      "group" : "actions-en-844x390",
      "name" : "Cancel label fits the action",
      "pass" : true
    },
    {
      "pass" : true,
      "group" : "actions-en-844x390",
      "name" : "Status is clipped above fixed end action"
    },
    {
      "group" : "actions-en-844x390",
      "pass" : true,
      "name" : "Status width follows the scroll viewport"
    },
    {
      "group" : "actions-en-844x390",
      "pass" : true,
      "name" : "Visible long title never covers end at offset 0.0"
    },
    {
      "group" : "actions-en-844x390",
      "pass" : true,
      "name" : "Visible long title never covers end at offset 573.5"
    },
    {
      "name" : "Cancel is complete and at least 64 points",
      "group" : "purpose-en-844x390",
      "pass" : true
    },
    {
      "pass" : true,
      "name" : "Scrollable purpose stays above cancel",
      "group" : "purpose-en-844x390"
    },
    {
      "pass" : true,
      "name" : "Skip and cancel are distinct controls",
      "group" : "purpose-en-844x390"
    },
    {
      "name" : "Purpose follows largest accessibility text",
      "group" : "purpose-en-844x390",
      "pass" : true
    },
    {
      "pass" : true,
      "group" : "purpose-en-844x390",
      "name" : "Long purpose label is not cropped"
    },
    {
      "group" : "actions-en-768x1024",
      "name" : "Actual language button selects en",
      "pass" : true
    },
    {
      "group" : "actions-en-768x1024",
      "pass" : true,
      "name" : "UIKit child uses requested profile dimensions"
    },
    {
      "group" : "actions-en-768x1024",
      "name" : "Cancel and end keep identical fixed vertical position",
      "pass" : true
    },
    {
      "pass" : true,
      "group" : "actions-en-768x1024",
      "name" : "End is fully visible with safe touch height"
    },
    {
      "group" : "actions-en-768x1024",
      "name" : "Action follows largest accessibility text",
      "pass" : true
    },
    {
      "name" : "Cancel label fits the action",
      "pass" : true,
      "group" : "actions-en-768x1024"
    },
    {
      "pass" : true,
      "group" : "actions-en-768x1024",
      "name" : "Status is clipped above fixed end action"
    },
    {
      "group" : "actions-en-768x1024",
      "pass" : true,
      "name" : "Status width follows the scroll viewport"
    },
    {
      "name" : "Visible long title never covers end at offset 0.0",
      "pass" : true,
      "group" : "actions-en-768x1024"
    },
    {
      "group" : "actions-en-768x1024",
      "name" : "Visible long title never covers end at offset 0.0",
      "pass" : true
    },
    {
      "name" : "Cancel is complete and at least 64 points",
      "pass" : true,
      "group" : "purpose-en-768x1024"
    },
    {
      "group" : "purpose-en-768x1024",
      "name" : "Scrollable purpose stays above cancel",
      "pass" : true
    },
    {
      "pass" : true,
      "group" : "purpose-en-768x1024",
      "name" : "Skip and cancel are distinct controls"
    },
    {
      "pass" : true,
      "group" : "purpose-en-768x1024",
      "name" : "Purpose follows largest accessibility text"
    },
    {
      "group" : "purpose-en-768x1024",
      "name" : "Long purpose label is not cropped",
      "pass" : true
    },
    {
      "group" : "actions-en-1024x768",
      "name" : "Actual language button selects en",
      "pass" : true
    },
    {
      "name" : "UIKit child uses requested profile dimensions",
      "group" : "actions-en-1024x768",
      "pass" : true
    },
    {
      "pass" : true,
      "group" : "actions-en-1024x768",
      "name" : "Cancel and end keep identical fixed vertical position"
    },
    {
      "name" : "End is fully visible with safe touch height",
      "pass" : true,
      "group" : "actions-en-1024x768"
    },
    {
      "name" : "Action follows largest accessibility text",
      "pass" : true,
      "group" : "actions-en-1024x768"
    },
    {
      "group" : "actions-en-1024x768",
      "name" : "Cancel label fits the action",
      "pass" : true
    },
    {
      "name" : "Status is clipped above fixed end action",
      "pass" : true,
      "group" : "actions-en-1024x768"
    },
    {
      "pass" : true,
      "name" : "Status width follows the scroll viewport",
      "group" : "actions-en-1024x768"
    },
    {
      "group" : "actions-en-1024x768",
      "name" : "Visible long title never covers end at offset 0.0",
      "pass" : true
    },
    {
      "name" : "Visible long title never covers end at offset 94.0",
      "group" : "actions-en-1024x768",
      "pass" : true
    },
    {
      "pass" : true,
      "group" : "purpose-en-1024x768",
      "name" : "Cancel is complete and at least 64 points"
    },
    {
      "pass" : true,
      "group" : "purpose-en-1024x768",
      "name" : "Scrollable purpose stays above cancel"
    },
    {
      "pass" : true,
      "group" : "purpose-en-1024x768",
      "name" : "Skip and cancel are distinct controls"
    },
    {
      "name" : "Purpose follows largest accessibility text",
      "group" : "purpose-en-1024x768",
      "pass" : true
    },
    {
      "pass" : true,
      "name" : "Long purpose label is not cropped",
      "group" : "purpose-en-1024x768"
    },
    {
      "name" : "Actual language button selects zh",
      "pass" : true,
      "group" : "actions-zh-320x480"
    },
    {
      "pass" : true,
      "name" : "UIKit child uses requested profile dimensions",
      "group" : "actions-zh-320x480"
    },
    {
      "name" : "Cancel and end keep identical fixed vertical position",
      "pass" : true,
      "group" : "actions-zh-320x480"
    },
    {
      "name" : "End is fully visible with safe touch height",
      "pass" : true,
      "group" : "actions-zh-320x480"
    },
    {
      "group" : "actions-zh-320x480",
      "pass" : true,
      "name" : "Action follows largest accessibility text"
    },
    {
      "group" : "actions-zh-320x480",
      "pass" : true,
      "name" : "Cancel label fits the action"
    },
    {
      "name" : "Status is clipped above fixed end action",
      "group" : "actions-zh-320x480",
      "pass" : true
    },
    {
      "name" : "Status width follows the scroll viewport",
      "group" : "actions-zh-320x480",
      "pass" : true
    },
    {
      "pass" : true,
      "group" : "actions-zh-320x480",
      "name" : "Visible long title never covers end at offset 0.0"
    },
    {
      "pass" : true,
      "group" : "actions-zh-320x480",
      "name" : "Visible long title never covers end at offset 889.0"
    },
    {
      "group" : "purpose-zh-320x480",
      "name" : "Cancel is complete and at least 64 points",
      "pass" : true
    },
    {
      "group" : "purpose-zh-320x480",
      "pass" : true,
      "name" : "Scrollable purpose stays above cancel"
    },
    {
      "name" : "Skip and cancel are distinct controls",
      "pass" : true,
      "group" : "purpose-zh-320x480"
    },
    {
      "pass" : true,
      "group" : "purpose-zh-320x480",
      "name" : "Purpose follows largest accessibility text"
    },
    {
      "group" : "purpose-zh-320x480",
      "name" : "Long purpose label is not cropped",
      "pass" : true
    },
    {
      "name" : "Actual language button selects zh",
      "pass" : true,
      "group" : "actions-zh-480x320"
    },
    {
      "pass" : true,
      "group" : "actions-zh-480x320",
      "name" : "UIKit child uses requested profile dimensions"
    },
    {
      "group" : "actions-zh-480x320",
      "pass" : true,
      "name" : "Cancel and end keep identical fixed vertical position"
    },
    {
      "group" : "actions-zh-480x320",
      "pass" : true,
      "name" : "End is fully visible with safe touch height"
    },
    {
      "group" : "actions-zh-480x320",
      "pass" : true,
      "name" : "Action follows largest accessibility text"
    },
    {
      "group" : "actions-zh-480x320",
      "name" : "Cancel label fits the action",
      "pass" : true
    },
    {
      "pass" : true,
      "name" : "Status is clipped above fixed end action",
      "group" : "actions-zh-480x320"
    },
    {
      "name" : "Status width follows the scroll viewport",
      "pass" : true,
      "group" : "actions-zh-480x320"
    },
    {
      "group" : "actions-zh-480x320",
      "pass" : true,
      "name" : "Visible long title never covers end at offset 0.0"
    },
    {
      "group" : "actions-zh-480x320",
      "name" : "Visible long title never covers end at offset 643.5",
      "pass" : true
    },
    {
      "group" : "actions-zh-480x320",
      "name" : "Short landscape exposes overflowing title by scrolling",
      "pass" : true
    },
    {
      "group" : "purpose-zh-480x320",
      "name" : "Cancel is complete and at least 64 points",
      "pass" : true
    },
    {
      "name" : "Scrollable purpose stays above cancel",
      "pass" : true,
      "group" : "purpose-zh-480x320"
    },
    {
      "name" : "Skip and cancel are distinct controls",
      "group" : "purpose-zh-480x320",
      "pass" : true
    },
    {
      "pass" : true,
      "group" : "purpose-zh-480x320",
      "name" : "Purpose follows largest accessibility text"
    },
    {
      "pass" : true,
      "group" : "purpose-zh-480x320",
      "name" : "Long purpose label is not cropped"
    },
    {
      "name" : "Actual language button selects zh",
      "group" : "actions-zh-844x390",
      "pass" : true
    },
    {
      "pass" : true,
      "group" : "actions-zh-844x390",
      "name" : "UIKit child uses requested profile dimensions"
    },
    {
      "group" : "actions-zh-844x390",
      "name" : "Cancel and end keep identical fixed vertical position",
      "pass" : true
    },
    {
      "pass" : true,
      "name" : "End is fully visible with safe touch height",
      "group" : "actions-zh-844x390"
    },
    {
      "name" : "Action follows largest accessibility text",
      "pass" : true,
      "group" : "actions-zh-844x390"
    },
    {
      "name" : "Cancel label fits the action",
      "pass" : true,
      "group" : "actions-zh-844x390"
    },
    {
      "group" : "actions-zh-844x390",
      "name" : "Status is clipped above fixed end action",
      "pass" : true
    },
    {
      "pass" : true,
      "group" : "actions-zh-844x390",
      "name" : "Status width follows the scroll viewport"
    },
    {
      "pass" : true,
      "group" : "actions-zh-844x390",
      "name" : "Visible long title never covers end at offset 0.0"
    },
    {
      "name" : "Visible long title never covers end at offset 269.0",
      "pass" : true,
      "group" : "actions-zh-844x390"
    },
    {
      "pass" : true,
      "group" : "purpose-zh-844x390",
      "name" : "Cancel is complete and at least 64 points"
    },
    {
      "group" : "purpose-zh-844x390",
      "pass" : true,
      "name" : "Scrollable purpose stays above cancel"
    },
    {
      "group" : "purpose-zh-844x390",
      "name" : "Skip and cancel are distinct controls",
      "pass" : true
    },
    {
      "name" : "Purpose follows largest accessibility text",
      "pass" : true,
      "group" : "purpose-zh-844x390"
    },
    {
      "name" : "Long purpose label is not cropped",
      "group" : "purpose-zh-844x390",
      "pass" : true
    },
    {
      "group" : "actions-zh-768x1024",
      "pass" : true,
      "name" : "Actual language button selects zh"
    },
    {
      "group" : "actions-zh-768x1024",
      "name" : "UIKit child uses requested profile dimensions",
      "pass" : true
    },
    {
      "pass" : true,
      "group" : "actions-zh-768x1024",
      "name" : "Cancel and end keep identical fixed vertical position"
    },
    {
      "group" : "actions-zh-768x1024",
      "name" : "End is fully visible with safe touch height",
      "pass" : true
    },
    {
      "pass" : true,
      "name" : "Action follows largest accessibility text",
      "group" : "actions-zh-768x1024"
    },
    {
      "pass" : true,
      "name" : "Cancel label fits the action",
      "group" : "actions-zh-768x1024"
    },
    {
      "pass" : true,
      "group" : "actions-zh-768x1024",
      "name" : "Status is clipped above fixed end action"
    },
    {
      "group" : "actions-zh-768x1024",
      "name" : "Status width follows the scroll viewport",
      "pass" : true
    },
    {
      "group" : "actions-zh-768x1024",
      "name" : "Visible long title never covers end at offset 0.0",
      "pass" : true
    },
    {
      "name" : "Visible long title never covers end at offset 0.0",
      "pass" : true,
      "group" : "actions-zh-768x1024"
    },
    {
      "group" : "purpose-zh-768x1024",
      "name" : "Cancel is complete and at least 64 points",
      "pass" : true
    },
    {
      "group" : "purpose-zh-768x1024",
      "pass" : true,
      "name" : "Scrollable purpose stays above cancel"
    },
    {
      "group" : "purpose-zh-768x1024",
      "name" : "Skip and cancel are distinct controls",
      "pass" : true
    },
    {
      "name" : "Purpose follows largest accessibility text",
      "pass" : true,
      "group" : "purpose-zh-768x1024"
    },
    {
      "name" : "Long purpose label is not cropped",
      "group" : "purpose-zh-768x1024",
      "pass" : true
    },
    {
      "pass" : true,
      "group" : "actions-zh-1024x768",
      "name" : "Actual language button selects zh"
    },
    {
      "pass" : true,
      "group" : "actions-zh-1024x768",
      "name" : "UIKit child uses requested profile dimensions"
    },
    {
      "pass" : true,
      "group" : "actions-zh-1024x768",
      "name" : "Cancel and end keep identical fixed vertical position"
    },
    {
      "pass" : true,
      "name" : "End is fully visible with safe touch height",
      "group" : "actions-zh-1024x768"
    },
    {
      "group" : "actions-zh-1024x768",
      "name" : "Action follows largest accessibility text",
      "pass" : true
    },
    {
      "pass" : true,
      "name" : "Cancel label fits the action",
      "group" : "actions-zh-1024x768"
    },
    {
      "group" : "actions-zh-1024x768",
      "name" : "Status is clipped above fixed end action",
      "pass" : true
    },
    {
      "group" : "actions-zh-1024x768",
      "name" : "Status width follows the scroll viewport",
      "pass" : true
    },
    {
      "name" : "Visible long title never covers end at offset 0.0",
      "group" : "actions-zh-1024x768",
      "pass" : true
    },
    {
      "group" : "actions-zh-1024x768",
      "name" : "Visible long title never covers end at offset 0.0",
      "pass" : true
    },
    {
      "pass" : true,
      "name" : "Cancel is complete and at least 64 points",
      "group" : "purpose-zh-1024x768"
    },
    {
      "name" : "Scrollable purpose stays above cancel",
      "pass" : true,
      "group" : "purpose-zh-1024x768"
    },
    {
      "pass" : true,
      "group" : "purpose-zh-1024x768",
      "name" : "Skip and cancel are distinct controls"
    },
    {
      "group" : "purpose-zh-1024x768",
      "name" : "Purpose follows largest accessibility text",
      "pass" : true
    },
    {
      "group" : "purpose-zh-1024x768",
      "pass" : true,
      "name" : "Long purpose label is not cropped"
    },
    {
      "name" : "Actual language button selects ja",
      "group" : "actions-ja-320x480",
      "pass" : true
    },
    {
      "name" : "UIKit child uses requested profile dimensions",
      "pass" : true,
      "group" : "actions-ja-320x480"
    },
    {
      "pass" : true,
      "name" : "Cancel and end keep identical fixed vertical position",
      "group" : "actions-ja-320x480"
    },
    {
      "name" : "End is fully visible with safe touch height",
      "pass" : true,
      "group" : "actions-ja-320x480"
    },
    {
      "group" : "actions-ja-320x480",
      "name" : "Action follows largest accessibility text",
      "pass" : true
    },
    {
      "group" : "actions-ja-320x480",
      "name" : "Cancel label fits the action",
      "pass" : true
    },
    {
      "pass" : true,
      "group" : "actions-ja-320x480",
      "name" : "Status is clipped above fixed end action"
    },
    {
      "group" : "actions-ja-320x480",
      "name" : "Status width follows the scroll viewport",
      "pass" : true
    },
    {
      "group" : "actions-ja-320x480",
      "name" : "Visible long title never covers end at offset 0.0",
      "pass" : true
    },
    {
      "pass" : true,
      "group" : "actions-ja-320x480",
      "name" : "Visible long title never covers end at offset 1295.0"
    },
    {
      "name" : "Cancel is complete and at least 64 points",
      "group" : "purpose-ja-320x480",
      "pass" : true
    },
    {
      "group" : "purpose-ja-320x480",
      "pass" : true,
      "name" : "Scrollable purpose stays above cancel"
    },
    {
      "name" : "Skip and cancel are distinct controls",
      "pass" : true,
      "group" : "purpose-ja-320x480"
    },
    {
      "name" : "Purpose follows largest accessibility text",
      "pass" : true,
      "group" : "purpose-ja-320x480"
    },
    {
      "group" : "purpose-ja-320x480",
      "name" : "Long purpose label is not cropped",
      "pass" : true
    },
    {
      "name" : "Actual language button selects ja",
      "group" : "actions-ja-480x320",
      "pass" : true
    },
    {
      "name" : "UIKit child uses requested profile dimensions",
      "pass" : true,
      "group" : "actions-ja-480x320"
    },
    {
      "name" : "Cancel and end keep identical fixed vertical position",
      "pass" : true,
      "group" : "actions-ja-480x320"
    },
    {
      "group" : "actions-ja-480x320",
      "pass" : true,
      "name" : "End is fully visible with safe touch height"
    },
    {
      "group" : "actions-ja-480x320",
      "name" : "Action follows largest accessibility text",
      "pass" : true
    },
    {
      "group" : "actions-ja-480x320",
      "name" : "Cancel label fits the action",
      "pass" : true
    },
    {
      "group" : "actions-ja-480x320",
      "name" : "Status is clipped above fixed end action",
      "pass" : true
    },
    {
      "pass" : true,
      "group" : "actions-ja-480x320",
      "name" : "Status width follows the scroll viewport"
    },
    {
      "pass" : true,
      "group" : "actions-ja-480x320",
      "name" : "Visible long title never covers end at offset 0.0"
    },
    {
      "group" : "actions-ja-480x320",
      "pass" : true,
      "name" : "Visible long title never covers end at offset 846.0"
    },
    {
      "group" : "actions-ja-480x320",
      "pass" : true,
      "name" : "Short landscape exposes overflowing title by scrolling"
    },
    {
      "group" : "purpose-ja-480x320",
      "name" : "Cancel is complete and at least 64 points",
      "pass" : true
    },
    {
      "pass" : true,
      "group" : "purpose-ja-480x320",
      "name" : "Scrollable purpose stays above cancel"
    },
    {
      "name" : "Skip and cancel are distinct controls",
      "pass" : true,
      "group" : "purpose-ja-480x320"
    },
    {
      "pass" : true,
      "group" : "purpose-ja-480x320",
      "name" : "Purpose follows largest accessibility text"
    },
    {
      "pass" : true,
      "group" : "purpose-ja-480x320",
      "name" : "Long purpose label is not cropped"
    },
    {
      "name" : "Actual language button selects ja",
      "pass" : true,
      "group" : "actions-ja-844x390"
    },
    {
      "pass" : true,
      "name" : "UIKit child uses requested profile dimensions",
      "group" : "actions-ja-844x390"
    },
    {
      "pass" : true,
      "group" : "actions-ja-844x390",
      "name" : "Cancel and end keep identical fixed vertical position"
    },
    {
      "group" : "actions-ja-844x390",
      "pass" : true,
      "name" : "End is fully visible with safe touch height"
    },
    {
      "group" : "actions-ja-844x390",
      "pass" : true,
      "name" : "Action follows largest accessibility text"
    },
    {
      "group" : "actions-ja-844x390",
      "name" : "Cancel label fits the action",
      "pass" : true
    },
    {
      "group" : "actions-ja-844x390",
      "pass" : true,
      "name" : "Status is clipped above fixed end action"
    },
    {
      "name" : "Status width follows the scroll viewport",
      "group" : "actions-ja-844x390",
      "pass" : true
    },
    {
      "name" : "Visible long title never covers end at offset 0.0",
      "pass" : true,
      "group" : "actions-ja-844x390"
    },
    {
      "name" : "Visible long title never covers end at offset 370.5",
      "pass" : true,
      "group" : "actions-ja-844x390"
    },
    {
      "pass" : true,
      "name" : "Cancel is complete and at least 64 points",
      "group" : "purpose-ja-844x390"
    },
    {
      "pass" : true,
      "name" : "Scrollable purpose stays above cancel",
      "group" : "purpose-ja-844x390"
    },
    {
      "pass" : true,
      "group" : "purpose-ja-844x390",
      "name" : "Skip and cancel are distinct controls"
    },
    {
      "group" : "purpose-ja-844x390",
      "name" : "Purpose follows largest accessibility text",
      "pass" : true
    },
    {
      "name" : "Long purpose label is not cropped",
      "group" : "purpose-ja-844x390",
      "pass" : true
    },
    {
      "pass" : true,
      "name" : "Actual language button selects ja",
      "group" : "actions-ja-768x1024"
    },
    {
      "name" : "UIKit child uses requested profile dimensions",
      "pass" : true,
      "group" : "actions-ja-768x1024"
    },
    {
      "pass" : true,
      "name" : "Cancel and end keep identical fixed vertical position",
      "group" : "actions-ja-768x1024"
    },
    {
      "group" : "actions-ja-768x1024",
      "name" : "End is fully visible with safe touch height",
      "pass" : true
    },
    {
      "pass" : true,
      "name" : "Action follows largest accessibility text",
      "group" : "actions-ja-768x1024"
    },
    {
      "pass" : true,
      "group" : "actions-ja-768x1024",
      "name" : "Cancel label fits the action"
    },
    {
      "pass" : true,
      "group" : "actions-ja-768x1024",
      "name" : "Status is clipped above fixed end action"
    },
    {
      "name" : "Status width follows the scroll viewport",
      "pass" : true,
      "group" : "actions-ja-768x1024"
    },
    {
      "pass" : true,
      "group" : "actions-ja-768x1024",
      "name" : "Visible long title never covers end at offset 0.0"
    },
    {
      "pass" : true,
      "name" : "Visible long title never covers end at offset 0.0",
      "group" : "actions-ja-768x1024"
    },
    {
      "group" : "purpose-ja-768x1024",
      "name" : "Cancel is complete and at least 64 points",
      "pass" : true
    },
    {
      "name" : "Scrollable purpose stays above cancel",
      "pass" : true,
      "group" : "purpose-ja-768x1024"
    },
    {
      "name" : "Skip and cancel are distinct controls",
      "pass" : true,
      "group" : "purpose-ja-768x1024"
    },
    {
      "name" : "Purpose follows largest accessibility text",
      "group" : "purpose-ja-768x1024",
      "pass" : true
    },
    {
      "pass" : true,
      "group" : "purpose-ja-768x1024",
      "name" : "Long purpose label is not cropped"
    },
    {
      "pass" : true,
      "name" : "Actual language button selects ja",
      "group" : "actions-ja-1024x768"
    },
    {
      "name" : "UIKit child uses requested profile dimensions",
      "pass" : true,
      "group" : "actions-ja-1024x768"
    },
    {
      "name" : "Cancel and end keep identical fixed vertical position",
      "group" : "actions-ja-1024x768",
      "pass" : true
    },
    {
      "name" : "End is fully visible with safe touch height",
      "pass" : true,
      "group" : "actions-ja-1024x768"
    },
    {
      "group" : "actions-ja-1024x768",
      "name" : "Action follows largest accessibility text",
      "pass" : true
    },
    {
      "name" : "Cancel label fits the action",
      "pass" : true,
      "group" : "actions-ja-1024x768"
    },
    {
      "name" : "Status is clipped above fixed end action",
      "pass" : true,
      "group" : "actions-ja-1024x768"
    },
    {
      "name" : "Status width follows the scroll viewport",
      "group" : "actions-ja-1024x768",
      "pass" : true
    },
    {
      "name" : "Visible long title never covers end at offset 0.0",
      "pass" : true,
      "group" : "actions-ja-1024x768"
    },
    {
      "name" : "Visible long title never covers end at offset 0.0",
      "pass" : true,
      "group" : "actions-ja-1024x768"
    },
    {
      "pass" : true,
      "group" : "purpose-ja-1024x768",
      "name" : "Cancel is complete and at least 64 points"
    },
    {
      "name" : "Scrollable purpose stays above cancel",
      "pass" : true,
      "group" : "purpose-ja-1024x768"
    },
    {
      "name" : "Skip and cancel are distinct controls",
      "pass" : true,
      "group" : "purpose-ja-1024x768"
    },
    {
      "name" : "Purpose follows largest accessibility text",
      "pass" : true,
      "group" : "purpose-ja-1024x768"
    },
    {
      "name" : "Long purpose label is not cropped",
      "group" : "purpose-ja-1024x768",
      "pass" : true
    },
    {
      "name" : "Real Core configuration ui.call_flow",
      "pass" : true,
      "group" : "purpose-first-actions"
    },
    {
      "pass" : true,
      "group" : "purpose-first-actions",
      "name" : "Actual language button selects en"
    },
    {
      "group" : "purpose-first-actions",
      "pass" : true,
      "name" : "Purpose-first sends selected purpose to actual Core"
    },
    {
      "group" : "purpose-first-actions",
      "name" : "Actual Core preserves purpose-first mode",
      "pass" : true
    },
    {
      "group" : "purpose-first-actions",
      "pass" : true,
      "name" : "Visible call ID exists"
    },
    {
      "name" : "Hidden end cannot end ringing",
      "group" : "purpose-first-actions",
      "pass" : true
    },
    {
      "group" : "purpose-first-actions",
      "pass" : true,
      "name" : "Actual cancel ends only the current ringing call"
    },
    {
      "pass" : true,
      "group" : "ring-then-purpose-actions",
      "name" : "Real Core configuration ui.call_flow"
    },
    {
      "group" : "ring-then-purpose-actions",
      "name" : "Actual language button selects en",
      "pass" : true
    },
    {
      "name" : "Actual Core rings before purpose",
      "pass" : true,
      "group" : "ring-then-purpose-actions"
    },
    {
      "group" : "ring-then-purpose-actions",
      "name" : "Skip dismisses purpose while preserving the same call",
      "pass" : true
    },
    {
      "group" : "ring-then-purpose-actions",
      "pass" : true,
      "name" : "Ring-first cancel ends current call"
    },
    {
      "group" : "ring-then-purpose-actions",
      "name" : "Purpose-sheet cancel is distinct from skip and ends call",
      "pass" : true
    },
    {
      "name" : "Real Core configuration ui.call_flow",
      "group" : "answered-cancel-permission",
      "pass" : true
    },
    {
      "name" : "Actual language button selects en",
      "group" : "answered-cancel-permission",
      "pass" : true
    },
    {
      "pass" : true,
      "group" : "answered-cancel-permission",
      "name" : "Actual Core accepts answered transition"
    },
    {
      "name" : "Rejected queued cancel cannot render idle",
      "pass" : true,
      "group" : "answered-cancel-permission"
    },
    {
      "group" : "answered-cancel-permission",
      "pass" : true,
      "name" : "Actual Core remains in call after queued cancel"
    },
    {
      "group" : "answered-cancel-permission",
      "name" : "Visible connected UI cannot grant visitor cancel",
      "pass" : true
    },
    {
      "group" : "offline-sos-layers",
      "pass" : true,
      "name" : "Ordinary status is distinct from initially hidden SOS"
    },
    {
      "group" : "offline-sos-layers",
      "pass" : true,
      "name" : "Injected presentation shows distinct emergency layer"
    },
    {
      "name" : "Existing clear control preserves touch target",
      "group" : "offline-sos-layers",
      "pass" : true
    },
    {
      "group" : "offline-sos-layers",
      "pass" : true,
      "name" : "Presentation clear input hides only presentation"
    },
    {
      "pass" : true,
      "name" : "Actual accessibility activation opens review",
      "group" : "sos-accessible-actions"
    },
    {
      "group" : "sos-accessible-actions",
      "pass" : true,
      "name" : "Review alone cannot trigger or start countdown"
    },
    {
      "name" : "Actual UIKit review has cancel and explicit start",
      "pass" : true,
      "group" : "sos-accessible-actions"
    },
    {
      "name" : "Accessible action cancels the same countdown",
      "group" : "sos-accessible-actions",
      "pass" : true
    },
    {
      "name" : "No external trigger and keyboard action exists",
      "pass" : true,
      "group" : "sos-accessible-actions"
    },
    {
      "pass" : true,
      "name" : "Same-pass reparenting preserves cancellable countdown",
      "group" : "sos-accessible-actions"
    },
    {
      "pass" : true,
      "name" : "True detachment retires countdown and activation",
      "group" : "sos-accessible-actions"
    },
    {
      "name" : "Disabled SOS cannot trigger",
      "pass" : true,
      "group" : "sos-accessible-actions"
    }
  ],
  "bundle" : "jp.ox.doorbell.t35modernuitest",
  "source_manifest" : "92ed542708ffa474244241f9a07ee2933a5c3bd6e74b92204b01f03242d32b7f",
  "pid" : 1514
}
exit=0
ls -l /var/mobile/Library/DoorbellT35ModernUIKit
total 6160
-rw-r--r--  1 mobile  mobile   23244 Sep 23 03:48 actions-en-1024x768.json
-rw-r--r--  1 mobile  mobile  108695 Sep 23 03:48 actions-en-1024x768.png
-rw-r--r--  1 mobile  mobile   22791 Sep 23 03:48 actions-en-320x480.json
-rw-r--r--  1 mobile  mobile   17522 Sep 23 03:48 actions-en-320x480.png
-rw-r--r--  1 mobile  mobile   22869 Sep 23 03:48 actions-en-480x320.json
-rw-r--r--  1 mobile  mobile   17036 Sep 23 03:48 actions-en-480x320.png
-rw-r--r--  1 mobile  mobile   22778 Sep 23 03:48 actions-en-768x1024.json
-rw-r--r--  1 mobile  mobile  121866 Sep 23 03:48 actions-en-768x1024.png
-rw-r--r--  1 mobile  mobile   23250 Sep 23 03:48 actions-en-844x390.json
-rw-r--r--  1 mobile  mobile   31680 Sep 23 03:48 actions-en-844x390.png
-rw-r--r--  1 mobile  mobile   23475 Sep 23 03:48 actions-ja-1024x768.json
-rw-r--r--  1 mobile  mobile  128217 Sep 23 03:48 actions-ja-1024x768.png
-rw-r--r--  1 mobile  mobile   22979 Sep 23 03:48 actions-ja-320x480.json
-rw-r--r--  1 mobile  mobile   28474 Sep 23 03:48 actions-ja-320x480.png
-rw-r--r--  1 mobile  mobile   23069 Sep 23 03:48 actions-ja-480x320.json
-rw-r--r--  1 mobile  mobile   21242 Sep 23 03:48 actions-ja-480x320.png
-rw-r--r--  1 mobile  mobile   23014 Sep 23 03:48 actions-ja-768x1024.json
-rw-r--r--  1 mobile  mobile  133053 Sep 23 03:48 actions-ja-768x1024.png
-rw-r--r--  1 mobile  mobile   23489 Sep 23 03:48 actions-ja-844x390.json
-rw-r--r--  1 mobile  mobile   49388 Sep 23 03:48 actions-ja-844x390.png
-rw-r--r--  1 mobile  mobile   23250 Sep 23 03:48 actions-zh-1024x768.json
-rw-r--r--  1 mobile  mobile   97723 Sep 23 03:48 actions-zh-1024x768.png
-rw-r--r--  1 mobile  mobile   22837 Sep 23 03:48 actions-zh-320x480.json
-rw-r--r--  1 mobile  mobile   26485 Sep 23 03:48 actions-zh-320x480.png
-rw-r--r--  1 mobile  mobile   22853 Sep 23 03:48 actions-zh-480x320.json
-rw-r--r--  1 mobile  mobile   18921 Sep 23 03:48 actions-zh-480x320.png
-rw-r--r--  1 mobile  mobile   22778 Sep 23 03:48 actions-zh-768x1024.json
-rw-r--r--  1 mobile  mobile  103090 Sep 23 03:48 actions-zh-768x1024.png
-rw-r--r--  1 mobile  mobile   23249 Sep 23 03:48 actions-zh-844x390.json
-rw-r--r--  1 mobile  mobile   45388 Sep 23 03:48 actions-zh-844x390.png
-rw-r--r--  1 mobile  mobile   22758 Sep 23 03:48 answered-cancel-rejected.json
-rw-r--r--  1 mobile  mobile   11230 Sep 23 03:48 answered-cancel-rejected.png
drwxr-xr-x  4 mobile  mobile     128 Sep 23 03:45 core-882F8525-BB66-4E9F-BA6C-40CEDB657671
drwxr-xr-x  4 mobile  mobile     128 Sep 23 03:49 core-93BD2CEF-3D4F-42D2-AEA0-E3CB83B62F7A
drwxr-xr-x  4 mobile  mobile     128 Sep 23 03:41 core-E251EF31-F343-4393-A631-5D9861649CA8
-rw-r--r--  1 mobile  mobile   22741 Sep 23 03:48 home-purpose-first.json
-rw-r--r--  1 mobile  mobile   46719 Sep 23 03:48 home-purpose-first.png
-rw-r--r--  1 mobile  mobile   34680 Sep 23 03:48 progress.json
-rw-r--r--  1 mobile  mobile    3576 Sep 23 03:48 purpose-en-1024x768.json
-rw-r--r--  1 mobile  mobile  112083 Sep 23 03:48 purpose-en-1024x768.png
-rw-r--r--  1 mobile  mobile    3541 Sep 23 03:48 purpose-en-320x480.json
-rw-r--r--  1 mobile  mobile   29064 Sep 23 03:48 purpose-en-320x480.png
-rw-r--r--  1 mobile  mobile    3539 Sep 23 03:48 purpose-en-480x320.json
-rw-r--r--  1 mobile  mobile   22995 Sep 23 03:48 purpose-en-480x320.png
-rw-r--r--  1 mobile  mobile    3545 Sep 23 03:48 purpose-en-768x1024.json
-rw-r--r--  1 mobile  mobile  124332 Sep 23 03:48 purpose-en-768x1024.png
-rw-r--r--  1 mobile  mobile    3544 Sep 23 03:48 purpose-en-844x390.json
-rw-r--r--  1 mobile  mobile   44273 Sep 23 03:48 purpose-en-844x390.png
-rw-r--r--  1 mobile  mobile   22795 Sep 23 03:48 purpose-first-calling.json
-rw-r--r--  1 mobile  mobile   26518 Sep 23 03:48 purpose-first-calling.png
-rw-r--r--  1 mobile  mobile    3681 Sep 23 03:48 purpose-ja-1024x768.json
-rw-r--r--  1 mobile  mobile  140670 Sep 23 03:48 purpose-ja-1024x768.png
-rw-r--r--  1 mobile  mobile    3653 Sep 23 03:48 purpose-ja-320x480.json
-rw-r--r--  1 mobile  mobile   41018 Sep 23 03:48 purpose-ja-320x480.png
-rw-r--r--  1 mobile  mobile    3634 Sep 23 03:48 purpose-ja-480x320.json
-rw-r--r--  1 mobile  mobile   50388 Sep 23 03:48 purpose-ja-480x320.png
-rw-r--r--  1 mobile  mobile    3649 Sep 23 03:48 purpose-ja-768x1024.json
-rw-r--r--  1 mobile  mobile  168789 Sep 23 03:48 purpose-ja-768x1024.png
-rw-r--r--  1 mobile  mobile    3648 Sep 23 03:48 purpose-ja-844x390.json
-rw-r--r--  1 mobile  mobile   80435 Sep 23 03:48 purpose-ja-844x390.png
-rw-r--r--  1 mobile  mobile    3527 Sep 23 03:48 purpose-zh-1024x768.json
-rw-r--r--  1 mobile  mobile  133932 Sep 23 03:48 purpose-zh-1024x768.png
-rw-r--r--  1 mobile  mobile    3504 Sep 23 03:48 purpose-zh-320x480.json
-rw-r--r--  1 mobile  mobile   30551 Sep 23 03:48 purpose-zh-320x480.png
-rw-r--r--  1 mobile  mobile    3508 Sep 23 03:48 purpose-zh-480x320.json
-rw-r--r--  1 mobile  mobile   32388 Sep 23 03:48 purpose-zh-480x320.png
-rw-r--r--  1 mobile  mobile    3514 Sep 23 03:48 purpose-zh-768x1024.json
-rw-r--r--  1 mobile  mobile  140876 Sep 23 03:48 purpose-zh-768x1024.png
-rw-r--r--  1 mobile  mobile    3500 Sep 23 03:48 purpose-zh-844x390.json
-rw-r--r--  1 mobile  mobile   67471 Sep 23 03:48 purpose-zh-844x390.png
-rwxr-xr-x  1 root    mobile   54752 Sep 23 03:48 register
-rw-r--r--  1 mobile  mobile   35129 Sep 23 03:49 result.json
-rw-r--r--  1 mobile  mobile    8309 Sep 23 03:48 ring-first-purpose-sheet.json
-rw-r--r--  1 mobile  mobile   72065 Sep 23 03:48 ring-first-purpose-sheet.png
-rw-r--r--  1 mobile  mobile    7973 Sep 23 03:48 ring-flow-diagnostic.json
-rw-r--r--  1 mobile  mobile   22759 Sep 23 03:48 sos-presentation-only.json
-rw-r--r--  1 mobile  mobile   21416 Sep 23 03:48 sos-presentation-only.png
-rw-r--r--  1 mobile  mobile    1887 Sep 23 03:48 sos-review-underlay.json
-rw-r--r--  1 mobile  mobile   17389 Sep 23 03:48 sos-review-underlay.png
-rw-r--r--  1 mobile  mobile    6896 Sep 23 03:48 sos-review.json
-rw-r--r--  1 mobile  mobile   12956 Sep 23 03:48 sos-review.png

exit=0
/binpack/usr/local/bin/lsdtrip.arm64 launch jp.ox.doorbell
Launched jp.ox.doorbell

exit=0
kill 1514 2>/dev/null || true

exit=0
mkdir -p /private/var/containers/Bundle/Application/F3545678-1234-4234-8234-123456789ABC/stage /var/mobile/Library/DoorbellT35ModernUIKit; chown mobile:mobile /var/mobile/Library/DoorbellT35ModernUIKit; rm -f /var/mobile/Library/DoorbellT35ModernUIKit/*.json /var/mobile/Library/DoorbellT35ModernUIKit/*.png

exit=0
rm -rf /private/var/containers/Bundle/Application/F3545678-1234-4234-8234-123456789ABC/DoorbellIOS9.app; mv /private/var/containers/Bundle/Application/F3545678-1234-4234-8234-123456789ABC/stage/DoorbellIOS9.app /private/var/containers/Bundle/Application/F3545678-1234-4234-8234-123456789ABC/DoorbellIOS9.app; rmdir /private/var/containers/Bundle/Application/F3545678-1234-4234-8234-123456789ABC/stage; chmod 755 /var/mobile/Library/DoorbellT35ModernUIKit/register; chown -R mobile:mobile /private/var/containers/Bundle/Application/F3545678-1234-4234-8234-123456789ABC; /var/mobile/Library/DoorbellT35ModernUIKit/register register /private/var/containers/Bundle/Application/F3545678-1234-4234-8234-123456789ABC/DoorbellIOS9.app
application_registered=true

exit=0
/var/mobile/Library/DoorbellT35ModernUIKit/register inspect /private/var/containers/Bundle/Application/F3545678-1234-4234-8234-123456789ABC/DoorbellIOS9.app/Info.plist; /binpack/usr/local/bin/lsdtrip.arm64 launch jp.ox.doorbell.t35modernuitest
{
  "CFBundleVersion" : "5",
  "CFBundleShortVersionString" : "1.0.0",
  "CFBundleIdentifier" : "jp.ox.doorbell.t35modernuitest",
  "MinimumOSVersion" : "9.0"
}
Launched jp.ox.doorbell.t35modernuitest

exit=0
for i in 1 2 3 4 5 6 7 8 9 10 11 12 13 14 15; do if [ -f /var/mobile/Library/DoorbellT35ModernUIKit/result.json ]; then cat /var/mobile/Library/DoorbellT35ModernUIKit/result.json; exit 0; fi; sleep 2; done; exit 1
{
  "build" : "5",
  "bundle" : "jp.ox.doorbell.t35modernuitest",
  "version" : "1.0.0",
  "source_manifest" : "92ed542708ffa474244241f9a07ee2933a5c3bd6e74b92204b01f03242d32b7f",
  "failed" : 3,
  "pid" : 1551,
  "scope" : "Physical UIKit with virtual-size child profiles. Production UI unchanged; Core has no peers or family configuration. No camera, real call, SOS or lock action. UIView tree is not a VoiceOver navigation record.",
  "system_version" : "12.5.8",
  "checks" : [
    {
      "group" : "setup",
      "name" : "Isolated real Core starts",
      "pass" : true
    },
    {
      "group" : "setup",
      "name" : "Real Core configuration ui.call_sound",
      "pass" : true
    },
    {
      "group" : "setup",
      "name" : "Real Core configuration ui.call_flow",
      "pass" : true
    },
    {
      "group" : "setup",
      "pass" : true,
      "name" : "Core accepts the complete semantic manifest"
    },
    {
      "group" : "actions-en-320x480",
      "pass" : true,
      "name" : "Actual language button selects en"
    },
    {
      "group" : "actions-en-320x480",
      "name" : "UIKit child uses requested profile dimensions",
      "pass" : true
    },
    {
      "name" : "Cancel and end keep identical fixed vertical position",
      "group" : "actions-en-320x480",
      "pass" : true
    },
    {
      "name" : "End is fully visible with safe touch height",
      "group" : "actions-en-320x480",
      "pass" : true
    },
    {
      "pass" : true,
      "group" : "actions-en-320x480",
      "name" : "Action follows largest accessibility text"
    },
    {
      "pass" : true,
      "name" : "Cancel label fits the action",
      "group" : "actions-en-320x480"
    },
    {
      "group" : "actions-en-320x480",
      "name" : "Status is clipped above fixed end action",
      "pass" : true
    },
    {
      "group" : "actions-en-320x480",
      "name" : "Status width follows the scroll viewport",
      "pass" : true
    },
    {
      "name" : "Visible long title never covers end at offset 0.0",
      "pass" : true,
      "group" : "actions-en-320x480"
    },
    {
      "pass" : true,
      "name" : "Visible long title never covers end at offset 1984.5",
      "group" : "actions-en-320x480"
    },
    {
      "pass" : true,
      "group" : "purpose-en-320x480",
      "name" : "Cancel is complete and at least 64 points"
    },
    {
      "pass" : true,
      "group" : "purpose-en-320x480",
      "name" : "Scrollable purpose stays above cancel"
    },
    {
      "name" : "Skip and cancel are distinct controls",
      "group" : "purpose-en-320x480",
      "pass" : true
    },
    {
      "group" : "purpose-en-320x480",
      "name" : "Purpose follows largest accessibility text",
      "pass" : true
    },
    {
      "pass" : true,
      "group" : "purpose-en-320x480",
      "name" : "Long purpose label is not cropped"
    },
    {
      "group" : "actions-en-480x320",
      "name" : "Actual language button selects en",
      "pass" : true
    },
    {
      "pass" : true,
      "group" : "actions-en-480x320",
      "name" : "UIKit child uses requested profile dimensions"
    },
    {
      "group" : "actions-en-480x320",
      "name" : "Cancel and end keep identical fixed vertical position",
      "pass" : true
    },
    {
      "pass" : true,
      "name" : "End is fully visible with safe touch height",
      "group" : "actions-en-480x320"
    },
    {
      "pass" : true,
      "name" : "Action follows largest accessibility text",
      "group" : "actions-en-480x320"
    },
    {
      "group" : "actions-en-480x320",
      "name" : "Cancel label fits the action",
      "pass" : true
    },
    {
      "pass" : true,
      "group" : "actions-en-480x320",
      "name" : "Status is clipped above fixed end action"
    },
    {
      "group" : "actions-en-480x320",
      "name" : "Status width follows the scroll viewport",
      "pass" : true
    },
    {
      "name" : "Visible long title never covers end at offset 0.0",
      "pass" : true,
      "group" : "actions-en-480x320"
    },
    {
      "group" : "actions-en-480x320",
      "name" : "Visible long title never covers end at offset 1353.5",
      "pass" : true
    },
    {
      "name" : "Short landscape exposes overflowing title by scrolling",
      "pass" : true,
      "group" : "actions-en-480x320"
    },
    {
      "name" : "Cancel is complete and at least 64 points",
      "group" : "purpose-en-480x320",
      "pass" : true
    },
    {
      "name" : "Scrollable purpose stays above cancel",
      "pass" : true,
      "group" : "purpose-en-480x320"
    },
    {
      "pass" : true,
      "group" : "purpose-en-480x320",
      "name" : "Skip and cancel are distinct controls"
    },
    {
      "pass" : true,
      "group" : "purpose-en-480x320",
      "name" : "Purpose follows largest accessibility text"
    },
    {
      "pass" : true,
      "group" : "purpose-en-480x320",
      "name" : "Long purpose label is not cropped"
    },
    {
      "pass" : true,
      "group" : "actions-en-844x390",
      "name" : "Actual language button selects en"
    },
    {
      "pass" : true,
      "group" : "actions-en-844x390",
      "name" : "UIKit child uses requested profile dimensions"
    },
    {
      "name" : "Cancel and end keep identical fixed vertical position",
      "pass" : true,
      "group" : "actions-en-844x390"
    },
    {
      "pass" : true,
      "group" : "actions-en-844x390",
      "name" : "End is fully visible with safe touch height"
    },
    {
      "group" : "actions-en-844x390",
      "name" : "Action follows largest accessibility text",
      "pass" : true
    },
    {
      "pass" : true,
      "group" : "actions-en-844x390",
      "name" : "Cancel label fits the action"
    },
    {
      "group" : "actions-en-844x390",
      "name" : "Status is clipped above fixed end action",
      "pass" : true
    },
    {
      "group" : "actions-en-844x390",
      "pass" : true,
      "name" : "Status width follows the scroll viewport"
    },
    {
      "group" : "actions-en-844x390",
      "name" : "Visible long title never covers end at offset 0.0",
      "pass" : true
    },
    {
      "pass" : true,
      "group" : "actions-en-844x390",
      "name" : "Visible long title never covers end at offset 573.5"
    },
    {
      "pass" : true,
      "name" : "Cancel is complete and at least 64 points",
      "group" : "purpose-en-844x390"
    },
    {
      "name" : "Scrollable purpose stays above cancel",
      "pass" : true,
      "group" : "purpose-en-844x390"
    },
    {
      "name" : "Skip and cancel are distinct controls",
      "pass" : true,
      "group" : "purpose-en-844x390"
    },
    {
      "pass" : true,
      "name" : "Purpose follows largest accessibility text",
      "group" : "purpose-en-844x390"
    },
    {
      "group" : "purpose-en-844x390",
      "name" : "Long purpose label is not cropped",
      "pass" : true
    },
    {
      "name" : "Actual language button selects en",
      "pass" : true,
      "group" : "actions-en-768x1024"
    },
    {
      "name" : "UIKit child uses requested profile dimensions",
      "group" : "actions-en-768x1024",
      "pass" : true
    },
    {
      "group" : "actions-en-768x1024",
      "name" : "Cancel and end keep identical fixed vertical position",
      "pass" : true
    },
    {
      "pass" : true,
      "group" : "actions-en-768x1024",
      "name" : "End is fully visible with safe touch height"
    },
    {
      "name" : "Action follows largest accessibility text",
      "group" : "actions-en-768x1024",
      "pass" : true
    },
    {
      "group" : "actions-en-768x1024",
      "name" : "Cancel label fits the action",
      "pass" : true
    },
    {
      "pass" : true,
      "name" : "Status is clipped above fixed end action",
      "group" : "actions-en-768x1024"
    },
    {
      "group" : "actions-en-768x1024",
      "pass" : true,
      "name" : "Status width follows the scroll viewport"
    },
    {
      "group" : "actions-en-768x1024",
      "name" : "Visible long title never covers end at offset 0.0",
      "pass" : true
    },
    {
      "name" : "Visible long title never covers end at offset 0.0",
      "group" : "actions-en-768x1024",
      "pass" : true
    },
    {
      "name" : "Cancel is complete and at least 64 points",
      "pass" : true,
      "group" : "purpose-en-768x1024"
    },
    {
      "pass" : true,
      "name" : "Scrollable purpose stays above cancel",
      "group" : "purpose-en-768x1024"
    },
    {
      "group" : "purpose-en-768x1024",
      "name" : "Skip and cancel are distinct controls",
      "pass" : true
    },
    {
      "name" : "Purpose follows largest accessibility text",
      "pass" : true,
      "group" : "purpose-en-768x1024"
    },
    {
      "pass" : true,
      "group" : "purpose-en-768x1024",
      "name" : "Long purpose label is not cropped"
    },
    {
      "name" : "Actual language button selects en",
      "group" : "actions-en-1024x768",
      "pass" : true
    },
    {
      "pass" : true,
      "group" : "actions-en-1024x768",
      "name" : "UIKit child uses requested profile dimensions"
    },
    {
      "pass" : true,
      "name" : "Cancel and end keep identical fixed vertical position",
      "group" : "actions-en-1024x768"
    },
    {
      "name" : "End is fully visible with safe touch height",
      "pass" : true,
      "group" : "actions-en-1024x768"
    },
    {
      "pass" : true,
      "group" : "actions-en-1024x768",
      "name" : "Action follows largest accessibility text"
    },
    {
      "name" : "Cancel label fits the action",
      "pass" : true,
      "group" : "actions-en-1024x768"
    },
    {
      "name" : "Status is clipped above fixed end action",
      "group" : "actions-en-1024x768",
      "pass" : true
    },
    {
      "group" : "actions-en-1024x768",
      "pass" : true,
      "name" : "Status width follows the scroll viewport"
    },
    {
      "name" : "Visible long title never covers end at offset 0.0",
      "group" : "actions-en-1024x768",
      "pass" : true
    },
    {
      "pass" : true,
      "group" : "actions-en-1024x768",
      "name" : "Visible long title never covers end at offset 94.0"
    },
    {
      "name" : "Cancel is complete and at least 64 points",
      "group" : "purpose-en-1024x768",
      "pass" : true
    },
    {
      "group" : "purpose-en-1024x768",
      "pass" : true,
      "name" : "Scrollable purpose stays above cancel"
    },
    {
      "pass" : true,
      "group" : "purpose-en-1024x768",
      "name" : "Skip and cancel are distinct controls"
    },
    {
      "name" : "Purpose follows largest accessibility text",
      "group" : "purpose-en-1024x768",
      "pass" : true
    },
    {
      "group" : "purpose-en-1024x768",
      "name" : "Long purpose label is not cropped",
      "pass" : true
    },
    {
      "pass" : true,
      "name" : "Actual language button selects zh",
      "group" : "actions-zh-320x480"
    },
    {
      "group" : "actions-zh-320x480",
      "name" : "UIKit child uses requested profile dimensions",
      "pass" : true
    },
    {
      "name" : "Cancel and end keep identical fixed vertical position",
      "pass" : true,
      "group" : "actions-zh-320x480"
    },
    {
      "group" : "actions-zh-320x480",
      "pass" : true,
      "name" : "End is fully visible with safe touch height"
    },
    {
      "group" : "actions-zh-320x480",
      "name" : "Action follows largest accessibility text",
      "pass" : true
    },
    {
      "pass" : true,
      "group" : "actions-zh-320x480",
      "name" : "Cancel label fits the action"
    },
    {
      "name" : "Status is clipped above fixed end action",
      "pass" : true,
      "group" : "actions-zh-320x480"
    },
    {
      "pass" : true,
      "group" : "actions-zh-320x480",
      "name" : "Status width follows the scroll viewport"
    },
    {
      "group" : "actions-zh-320x480",
      "pass" : true,
      "name" : "Visible long title never covers end at offset 0.0"
    },
    {
      "group" : "actions-zh-320x480",
      "name" : "Visible long title never covers end at offset 889.0",
      "pass" : true
    },
    {
      "name" : "Cancel is complete and at least 64 points",
      "group" : "purpose-zh-320x480",
      "pass" : true
    },
    {
      "name" : "Scrollable purpose stays above cancel",
      "group" : "purpose-zh-320x480",
      "pass" : true
    },
    {
      "name" : "Skip and cancel are distinct controls",
      "pass" : true,
      "group" : "purpose-zh-320x480"
    },
    {
      "pass" : true,
      "name" : "Purpose follows largest accessibility text",
      "group" : "purpose-zh-320x480"
    },
    {
      "group" : "purpose-zh-320x480",
      "name" : "Long purpose label is not cropped",
      "pass" : true
    },
    {
      "pass" : true,
      "group" : "actions-zh-480x320",
      "name" : "Actual language button selects zh"
    },
    {
      "pass" : true,
      "name" : "UIKit child uses requested profile dimensions",
      "group" : "actions-zh-480x320"
    },
    {
      "group" : "actions-zh-480x320",
      "name" : "Cancel and end keep identical fixed vertical position",
      "pass" : true
    },
    {
      "group" : "actions-zh-480x320",
      "pass" : true,
      "name" : "End is fully visible with safe touch height"
    },
    {
      "group" : "actions-zh-480x320",
      "name" : "Action follows largest accessibility text",
      "pass" : true
    },
    {
      "pass" : true,
      "group" : "actions-zh-480x320",
      "name" : "Cancel label fits the action"
    },
    {
      "pass" : true,
      "group" : "actions-zh-480x320",
      "name" : "Status is clipped above fixed end action"
    },
    {
      "name" : "Status width follows the scroll viewport",
      "pass" : true,
      "group" : "actions-zh-480x320"
    },
    {
      "name" : "Visible long title never covers end at offset 0.0",
      "pass" : true,
      "group" : "actions-zh-480x320"
    },
    {
      "pass" : true,
      "group" : "actions-zh-480x320",
      "name" : "Visible long title never covers end at offset 643.5"
    },
    {
      "name" : "Short landscape exposes overflowing title by scrolling",
      "pass" : true,
      "group" : "actions-zh-480x320"
    },
    {
      "group" : "purpose-zh-480x320",
      "pass" : true,
      "name" : "Cancel is complete and at least 64 points"
    },
    {
      "pass" : true,
      "group" : "purpose-zh-480x320",
      "name" : "Scrollable purpose stays above cancel"
    },
    {
      "name" : "Skip and cancel are distinct controls",
      "group" : "purpose-zh-480x320",
      "pass" : true
    },
    {
      "name" : "Purpose follows largest accessibility text",
      "pass" : true,
      "group" : "purpose-zh-480x320"
    },
    {
      "group" : "purpose-zh-480x320",
      "pass" : true,
      "name" : "Long purpose label is not cropped"
    },
    {
      "group" : "actions-zh-844x390",
      "name" : "Actual language button selects zh",
      "pass" : true
    },
    {
      "pass" : true,
      "group" : "actions-zh-844x390",
      "name" : "UIKit child uses requested profile dimensions"
    },
    {
      "name" : "Cancel and end keep identical fixed vertical position",
      "group" : "actions-zh-844x390",
      "pass" : true
    },
    {
      "group" : "actions-zh-844x390",
      "name" : "End is fully visible with safe touch height",
      "pass" : true
    },
    {
      "pass" : true,
      "group" : "actions-zh-844x390",
      "name" : "Action follows largest accessibility text"
    },
    {
      "pass" : true,
      "name" : "Cancel label fits the action",
      "group" : "actions-zh-844x390"
    },
    {
      "group" : "actions-zh-844x390",
      "name" : "Status is clipped above fixed end action",
      "pass" : true
    },
    {
      "name" : "Status width follows the scroll viewport",
      "pass" : true,
      "group" : "actions-zh-844x390"
    },
    {
      "group" : "actions-zh-844x390",
      "name" : "Visible long title never covers end at offset 0.0",
      "pass" : true
    },
    {
      "pass" : true,
      "group" : "actions-zh-844x390",
      "name" : "Visible long title never covers end at offset 269.0"
    },
    {
      "pass" : true,
      "name" : "Cancel is complete and at least 64 points",
      "group" : "purpose-zh-844x390"
    },
    {
      "name" : "Scrollable purpose stays above cancel",
      "pass" : true,
      "group" : "purpose-zh-844x390"
    },
    {
      "pass" : true,
      "name" : "Skip and cancel are distinct controls",
      "group" : "purpose-zh-844x390"
    },
    {
      "pass" : true,
      "group" : "purpose-zh-844x390",
      "name" : "Purpose follows largest accessibility text"
    },
    {
      "pass" : true,
      "name" : "Long purpose label is not cropped",
      "group" : "purpose-zh-844x390"
    },
    {
      "group" : "actions-zh-768x1024",
      "pass" : true,
      "name" : "Actual language button selects zh"
    },
    {
      "name" : "UIKit child uses requested profile dimensions",
      "group" : "actions-zh-768x1024",
      "pass" : true
    },
    {
      "name" : "Cancel and end keep identical fixed vertical position",
      "group" : "actions-zh-768x1024",
      "pass" : true
    },
    {
      "name" : "End is fully visible with safe touch height",
      "group" : "actions-zh-768x1024",
      "pass" : true
    },
    {
      "name" : "Action follows largest accessibility text",
      "pass" : true,
      "group" : "actions-zh-768x1024"
    },
    {
      "pass" : true,
      "name" : "Cancel label fits the action",
      "group" : "actions-zh-768x1024"
    },
    {
      "name" : "Status is clipped above fixed end action",
      "group" : "actions-zh-768x1024",
      "pass" : true
    },
    {
      "name" : "Status width follows the scroll viewport",
      "group" : "actions-zh-768x1024",
      "pass" : true
    },
    {
      "name" : "Visible long title never covers end at offset 0.0",
      "pass" : true,
      "group" : "actions-zh-768x1024"
    },
    {
      "group" : "actions-zh-768x1024",
      "name" : "Visible long title never covers end at offset 0.0",
      "pass" : true
    },
    {
      "name" : "Cancel is complete and at least 64 points",
      "group" : "purpose-zh-768x1024",
      "pass" : true
    },
    {
      "pass" : true,
      "group" : "purpose-zh-768x1024",
      "name" : "Scrollable purpose stays above cancel"
    },
    {
      "name" : "Skip and cancel are distinct controls",
      "pass" : true,
      "group" : "purpose-zh-768x1024"
    },
    {
      "group" : "purpose-zh-768x1024",
      "pass" : true,
      "name" : "Purpose follows largest accessibility text"
    },
    {
      "pass" : true,
      "group" : "purpose-zh-768x1024",
      "name" : "Long purpose label is not cropped"
    },
    {
      "group" : "actions-zh-1024x768",
      "pass" : true,
      "name" : "Actual language button selects zh"
    },
    {
      "name" : "UIKit child uses requested profile dimensions",
      "pass" : true,
      "group" : "actions-zh-1024x768"
    },
    {
      "name" : "Cancel and end keep identical fixed vertical position",
      "group" : "actions-zh-1024x768",
      "pass" : true
    },
    {
      "name" : "End is fully visible with safe touch height",
      "group" : "actions-zh-1024x768",
      "pass" : true
    },
    {
      "group" : "actions-zh-1024x768",
      "pass" : true,
      "name" : "Action follows largest accessibility text"
    },
    {
      "pass" : true,
      "name" : "Cancel label fits the action",
      "group" : "actions-zh-1024x768"
    },
    {
      "pass" : true,
      "group" : "actions-zh-1024x768",
      "name" : "Status is clipped above fixed end action"
    },
    {
      "pass" : true,
      "group" : "actions-zh-1024x768",
      "name" : "Status width follows the scroll viewport"
    },
    {
      "group" : "actions-zh-1024x768",
      "name" : "Visible long title never covers end at offset 0.0",
      "pass" : true
    },
    {
      "pass" : true,
      "group" : "actions-zh-1024x768",
      "name" : "Visible long title never covers end at offset 0.0"
    },
    {
      "name" : "Cancel is complete and at least 64 points",
      "group" : "purpose-zh-1024x768",
      "pass" : true
    },
    {
      "name" : "Scrollable purpose stays above cancel",
      "group" : "purpose-zh-1024x768",
      "pass" : true
    },
    {
      "pass" : true,
      "group" : "purpose-zh-1024x768",
      "name" : "Skip and cancel are distinct controls"
    },
    {
      "pass" : true,
      "group" : "purpose-zh-1024x768",
      "name" : "Purpose follows largest accessibility text"
    },
    {
      "group" : "purpose-zh-1024x768",
      "pass" : true,
      "name" : "Long purpose label is not cropped"
    },
    {
      "name" : "Actual language button selects ja",
      "group" : "actions-ja-320x480",
      "pass" : true
    },
    {
      "pass" : true,
      "name" : "UIKit child uses requested profile dimensions",
      "group" : "actions-ja-320x480"
    },
    {
      "group" : "actions-ja-320x480",
      "name" : "Cancel and end keep identical fixed vertical position",
      "pass" : true
    },
    {
      "group" : "actions-ja-320x480",
      "pass" : true,
      "name" : "End is fully visible with safe touch height"
    },
    {
      "pass" : true,
      "group" : "actions-ja-320x480",
      "name" : "Action follows largest accessibility text"
    },
    {
      "group" : "actions-ja-320x480",
      "name" : "Cancel label fits the action",
      "pass" : true
    },
    {
      "name" : "Status is clipped above fixed end action",
      "group" : "actions-ja-320x480",
      "pass" : true
    },
    {
      "name" : "Status width follows the scroll viewport",
      "pass" : true,
      "group" : "actions-ja-320x480"
    },
    {
      "pass" : true,
      "name" : "Visible long title never covers end at offset 0.0",
      "group" : "actions-ja-320x480"
    },
    {
      "name" : "Visible long title never covers end at offset 1295.0",
      "group" : "actions-ja-320x480",
      "pass" : true
    },
    {
      "group" : "purpose-ja-320x480",
      "pass" : true,
      "name" : "Cancel is complete and at least 64 points"
    },
    {
      "pass" : true,
      "group" : "purpose-ja-320x480",
      "name" : "Scrollable purpose stays above cancel"
    },
    {
      "name" : "Skip and cancel are distinct controls",
      "pass" : true,
      "group" : "purpose-ja-320x480"
    },
    {
      "group" : "purpose-ja-320x480",
      "pass" : true,
      "name" : "Purpose follows largest accessibility text"
    },
    {
      "name" : "Long purpose label is not cropped",
      "group" : "purpose-ja-320x480",
      "pass" : true
    },
    {
      "name" : "Actual language button selects ja",
      "group" : "actions-ja-480x320",
      "pass" : true
    },
    {
      "name" : "UIKit child uses requested profile dimensions",
      "group" : "actions-ja-480x320",
      "pass" : true
    },
    {
      "name" : "Cancel and end keep identical fixed vertical position",
      "pass" : true,
      "group" : "actions-ja-480x320"
    },
    {
      "group" : "actions-ja-480x320",
      "name" : "End is fully visible with safe touch height",
      "pass" : true
    },
    {
      "name" : "Action follows largest accessibility text",
      "group" : "actions-ja-480x320",
      "pass" : true
    },
    {
      "group" : "actions-ja-480x320",
      "name" : "Cancel label fits the action",
      "pass" : true
    },
    {
      "group" : "actions-ja-480x320",
      "pass" : true,
      "name" : "Status is clipped above fixed end action"
    },
    {
      "group" : "actions-ja-480x320",
      "name" : "Status width follows the scroll viewport",
      "pass" : true
    },
    {
      "name" : "Visible long title never covers end at offset 0.0",
      "pass" : true,
      "group" : "actions-ja-480x320"
    },
    {
      "pass" : true,
      "name" : "Visible long title never covers end at offset 846.0",
      "group" : "actions-ja-480x320"
    },
    {
      "group" : "actions-ja-480x320",
      "name" : "Short landscape exposes overflowing title by scrolling",
      "pass" : true
    },
    {
      "pass" : true,
      "name" : "Cancel is complete and at least 64 points",
      "group" : "purpose-ja-480x320"
    },
    {
      "pass" : true,
      "group" : "purpose-ja-480x320",
      "name" : "Scrollable purpose stays above cancel"
    },
    {
      "group" : "purpose-ja-480x320",
      "name" : "Skip and cancel are distinct controls",
      "pass" : true
    },
    {
      "pass" : true,
      "name" : "Purpose follows largest accessibility text",
      "group" : "purpose-ja-480x320"
    },
    {
      "name" : "Long purpose label is not cropped",
      "pass" : true,
      "group" : "purpose-ja-480x320"
    },
    {
      "name" : "Actual language button selects ja",
      "group" : "actions-ja-844x390",
      "pass" : true
    },
    {
      "group" : "actions-ja-844x390",
      "name" : "UIKit child uses requested profile dimensions",
      "pass" : true
    },
    {
      "pass" : true,
      "group" : "actions-ja-844x390",
      "name" : "Cancel and end keep identical fixed vertical position"
    },
    {
      "group" : "actions-ja-844x390",
      "pass" : true,
      "name" : "End is fully visible with safe touch height"
    },
    {
      "group" : "actions-ja-844x390",
      "name" : "Action follows largest accessibility text",
      "pass" : true
    },
    {
      "group" : "actions-ja-844x390",
      "name" : "Cancel label fits the action",
      "pass" : true
    },
    {
      "name" : "Status is clipped above fixed end action",
      "group" : "actions-ja-844x390",
      "pass" : true
    },
    {
      "group" : "actions-ja-844x390",
      "pass" : true,
      "name" : "Status width follows the scroll viewport"
    },
    {
      "name" : "Visible long title never covers end at offset 0.0",
      "pass" : true,
      "group" : "actions-ja-844x390"
    },
    {
      "group" : "actions-ja-844x390",
      "pass" : true,
      "name" : "Visible long title never covers end at offset 370.5"
    },
    {
      "pass" : true,
      "group" : "purpose-ja-844x390",
      "name" : "Cancel is complete and at least 64 points"
    },
    {
      "group" : "purpose-ja-844x390",
      "name" : "Scrollable purpose stays above cancel",
      "pass" : true
    },
    {
      "group" : "purpose-ja-844x390",
      "name" : "Skip and cancel are distinct controls",
      "pass" : true
    },
    {
      "pass" : true,
      "name" : "Purpose follows largest accessibility text",
      "group" : "purpose-ja-844x390"
    },
    {
      "pass" : true,
      "name" : "Long purpose label is not cropped",
      "group" : "purpose-ja-844x390"
    },
    {
      "name" : "Actual language button selects ja",
      "group" : "actions-ja-768x1024",
      "pass" : true
    },
    {
      "group" : "actions-ja-768x1024",
      "name" : "UIKit child uses requested profile dimensions",
      "pass" : true
    },
    {
      "group" : "actions-ja-768x1024",
      "pass" : true,
      "name" : "Cancel and end keep identical fixed vertical position"
    },
    {
      "name" : "End is fully visible with safe touch height",
      "pass" : true,
      "group" : "actions-ja-768x1024"
    },
    {
      "pass" : true,
      "group" : "actions-ja-768x1024",
      "name" : "Action follows largest accessibility text"
    },
    {
      "group" : "actions-ja-768x1024",
      "name" : "Cancel label fits the action",
      "pass" : true
    },
    {
      "group" : "actions-ja-768x1024",
      "name" : "Status is clipped above fixed end action",
      "pass" : true
    },
    {
      "pass" : true,
      "name" : "Status width follows the scroll viewport",
      "group" : "actions-ja-768x1024"
    },
    {
      "name" : "Visible long title never covers end at offset 0.0",
      "pass" : true,
      "group" : "actions-ja-768x1024"
    },
    {
      "group" : "actions-ja-768x1024",
      "pass" : true,
      "name" : "Visible long title never covers end at offset 0.0"
    },
    {
      "name" : "Cancel is complete and at least 64 points",
      "pass" : true,
      "group" : "purpose-ja-768x1024"
    },
    {
      "name" : "Scrollable purpose stays above cancel",
      "group" : "purpose-ja-768x1024",
      "pass" : true
    },
    {
      "group" : "purpose-ja-768x1024",
      "name" : "Skip and cancel are distinct controls",
      "pass" : true
    },
    {
      "pass" : true,
      "group" : "purpose-ja-768x1024",
      "name" : "Purpose follows largest accessibility text"
    },
    {
      "pass" : true,
      "group" : "purpose-ja-768x1024",
      "name" : "Long purpose label is not cropped"
    },
    {
      "group" : "actions-ja-1024x768",
      "name" : "Actual language button selects ja",
      "pass" : true
    },
    {
      "pass" : true,
      "group" : "actions-ja-1024x768",
      "name" : "UIKit child uses requested profile dimensions"
    },
    {
      "group" : "actions-ja-1024x768",
      "name" : "Cancel and end keep identical fixed vertical position",
      "pass" : true
    },
    {
      "name" : "End is fully visible with safe touch height",
      "group" : "actions-ja-1024x768",
      "pass" : true
    },
    {
      "pass" : true,
      "group" : "actions-ja-1024x768",
      "name" : "Action follows largest accessibility text"
    },
    {
      "pass" : true,
      "name" : "Cancel label fits the action",
      "group" : "actions-ja-1024x768"
    },
    {
      "name" : "Status is clipped above fixed end action",
      "pass" : true,
      "group" : "actions-ja-1024x768"
    },
    {
      "group" : "actions-ja-1024x768",
      "name" : "Status width follows the scroll viewport",
      "pass" : true
    },
    {
      "name" : "Visible long title never covers end at offset 0.0",
      "pass" : true,
      "group" : "actions-ja-1024x768"
    },
    {
      "pass" : true,
      "group" : "actions-ja-1024x768",
      "name" : "Visible long title never covers end at offset 0.0"
    },
    {
      "name" : "Cancel is complete and at least 64 points",
      "group" : "purpose-ja-1024x768",
      "pass" : true
    },
    {
      "pass" : true,
      "group" : "purpose-ja-1024x768",
      "name" : "Scrollable purpose stays above cancel"
    },
    {
      "group" : "purpose-ja-1024x768",
      "name" : "Skip and cancel are distinct controls",
      "pass" : true
    },
    {
      "name" : "Purpose follows largest accessibility text",
      "group" : "purpose-ja-1024x768",
      "pass" : true
    },
    {
      "group" : "purpose-ja-1024x768",
      "pass" : true,
      "name" : "Long purpose label is not cropped"
    },
    {
      "name" : "Real Core configuration ui.call_flow",
      "pass" : true,
      "group" : "purpose-first-actions"
    },
    {
      "pass" : true,
      "group" : "purpose-first-actions",
      "name" : "Actual language button selects en"
    },
    {
      "name" : "Purpose-first sends selected purpose to actual Core",
      "pass" : true,
      "group" : "purpose-first-actions"
    },
    {
      "group" : "purpose-first-actions",
      "name" : "Actual Core preserves purpose-first mode",
      "pass" : true
    },
    {
      "pass" : true,
      "name" : "Visible call ID exists",
      "group" : "purpose-first-actions"
    },
    {
      "pass" : true,
      "group" : "purpose-first-actions",
      "name" : "Hidden end cannot end ringing"
    },
    {
      "name" : "Actual cancel ends only the current ringing call",
      "pass" : true,
      "group" : "purpose-first-actions"
    },
    {
      "pass" : true,
      "name" : "Real Core configuration ui.call_flow",
      "group" : "ring-then-purpose-actions"
    },
    {
      "pass" : true,
      "name" : "Actual language button selects en",
      "group" : "ring-then-purpose-actions"
    },
    {
      "pass" : true,
      "name" : "Actual Core rings before purpose",
      "group" : "ring-then-purpose-actions"
    },
    {
      "group" : "ring-then-purpose-actions",
      "pass" : true,
      "name" : "Skip dismisses purpose while preserving the same call"
    },
    {
      "pass" : true,
      "group" : "ring-then-purpose-actions",
      "name" : "Ring-first cancel ends current call"
    },
    {
      "name" : "Purpose-sheet cancel is distinct from skip and ends call",
      "pass" : true,
      "group" : "ring-then-purpose-actions"
    },
    {
      "name" : "Real Core configuration ui.call_flow",
      "group" : "answered-cancel-permission",
      "pass" : true
    },
    {
      "group" : "answered-cancel-permission",
      "pass" : true,
      "name" : "Actual language button selects en"
    },
    {
      "pass" : true,
      "group" : "answered-cancel-permission",
      "name" : "Actual Core accepts answered transition"
    },
    {
      "name" : "Rejected queued cancel cannot render idle",
      "pass" : true,
      "group" : "answered-cancel-permission"
    },
    {
      "pass" : true,
      "group" : "answered-cancel-permission",
      "name" : "Actual Core remains in call after queued cancel"
    },
    {
      "pass" : true,
      "group" : "answered-cancel-permission",
      "name" : "Visible connected UI cannot grant visitor cancel"
    },
    {
      "group" : "offline-sos-layers",
      "name" : "Ordinary status is distinct from initially hidden SOS",
      "pass" : true
    },
    {
      "name" : "Injected presentation shows distinct emergency layer",
      "group" : "offline-sos-layers",
      "pass" : true
    },
    {
      "group" : "offline-sos-layers",
      "pass" : true,
      "name" : "Existing clear control preserves touch target"
    },
    {
      "group" : "offline-sos-layers",
      "pass" : true,
      "name" : "Presentation clear input hides only presentation"
    },
    {
      "name" : "Actual language button selects en",
      "pass" : true,
      "group" : "held-cancel-cross-call"
    },
    {
      "pass" : true,
      "name" : "Actual Core call A exists before held cancel",
      "group" : "held-cancel-cross-call"
    },
    {
      "pass" : true,
      "name" : "External local test actor ends A",
      "group" : "held-cancel-cross-call"
    },
    {
      "pass" : true,
      "group" : "held-cancel-cross-call",
      "name" : "Same screen now owns actual distinct Core call B"
    },
    {
      "pass" : false,
      "group" : "held-cancel-cross-call",
      "name" : "Held A cancel release cannot cancel successor B"
    },
    {
      "pass" : true,
      "group" : "held-end-cross-call",
      "name" : "Actual Core call A answered"
    },
    {
      "name" : "Actual distinct Core call B answered",
      "pass" : true,
      "group" : "held-end-cross-call"
    },
    {
      "name" : "Held A end release cannot dismiss successor B",
      "group" : "held-end-cross-call",
      "pass" : false
    },
    {
      "group" : "nil-id-and-assistive-end",
      "pass" : true,
      "name" : "Normal held end remains usable for nil-ID SIP UI"
    },
    {
      "name" : "Assistive end without touchDown remains usable",
      "pass" : true,
      "group" : "nil-id-and-assistive-end"
    },
    {
      "name" : "Held nil-ID end cannot cross idle into another SIP UI session",
      "pass" : false,
      "group" : "nil-id-and-assistive-end"
    },
    {
      "group" : "nil-id-and-assistive-end",
      "pass" : true,
      "name" : "Retired physical input permits current assistive end"
    },
    {
      "group" : "actual-offline-presentation",
      "name" : "Stopped Core shows actual visible offline status",
      "pass" : true
    },
    {
      "name" : "Ordinary offline state does not show SOS",
      "pass" : true,
      "group" : "actual-offline-presentation"
    },
    {
      "name" : "Offline surface differs from SOS warning control",
      "group" : "actual-offline-presentation",
      "pass" : true
    },
    {
      "pass" : true,
      "group" : "sos-accessible-actions",
      "name" : "Actual accessibility activation opens review"
    },
    {
      "pass" : true,
      "name" : "Review alone cannot trigger or start countdown",
      "group" : "sos-accessible-actions"
    },
    {
      "name" : "Actual UIKit review has cancel and explicit start",
      "pass" : true,
      "group" : "sos-accessible-actions"
    },
    {
      "name" : "Accessible action cancels the same countdown",
      "pass" : true,
      "group" : "sos-accessible-actions"
    },
    {
      "name" : "No external trigger and keyboard action exists",
      "group" : "sos-accessible-actions",
      "pass" : true
    },
    {
      "name" : "Same-pass reparenting preserves cancellable countdown",
      "pass" : true,
      "group" : "sos-accessible-actions"
    },
    {
      "name" : "True detachment retires countdown and activation",
      "group" : "sos-accessible-actions",
      "pass" : true
    },
    {
      "group" : "sos-accessible-actions",
      "name" : "Disabled SOS cannot trigger",
      "pass" : true
    },
    {
      "name" : "Actual primary-action target requires review",
      "pass" : true,
      "group" : "sos-accessible-actions"
    },
    {
      "name" : "Actual keyboard target requires the same review",
      "pass" : true,
      "group" : "sos-accessible-actions"
    },
    {
      "group" : "sos-accessible-actions",
      "name" : "All SOS UI paths stayed inside the counter boundary",
      "pass" : true
    }
  ]
}
exit=0
ls -l /var/mobile/Library/DoorbellT35ModernUIKit
total 6592
-rw-r--r--  1 mobile  mobile   23235 Sep 23 03:52 actions-en-1024x768.json
-rw-r--r--  1 mobile  mobile  108695 Sep 23 03:52 actions-en-1024x768.png
-rw-r--r--  1 mobile  mobile   22781 Sep 23 03:52 actions-en-320x480.json
-rw-r--r--  1 mobile  mobile   17522 Sep 23 03:52 actions-en-320x480.png
-rw-r--r--  1 mobile  mobile   22860 Sep 23 03:52 actions-en-480x320.json
-rw-r--r--  1 mobile  mobile   17036 Sep 23 03:52 actions-en-480x320.png
-rw-r--r--  1 mobile  mobile   22769 Sep 23 03:52 actions-en-768x1024.json
-rw-r--r--  1 mobile  mobile  121866 Sep 23 03:52 actions-en-768x1024.png
-rw-r--r--  1 mobile  mobile   23241 Sep 23 03:52 actions-en-844x390.json
-rw-r--r--  1 mobile  mobile   31680 Sep 23 03:52 actions-en-844x390.png
-rw-r--r--  1 mobile  mobile   23465 Sep 23 03:53 actions-ja-1024x768.json
-rw-r--r--  1 mobile  mobile  128217 Sep 23 03:53 actions-ja-1024x768.png
-rw-r--r--  1 mobile  mobile   22969 Sep 23 03:53 actions-ja-320x480.json
-rw-r--r--  1 mobile  mobile   28474 Sep 23 03:53 actions-ja-320x480.png
-rw-r--r--  1 mobile  mobile   23059 Sep 23 03:53 actions-ja-480x320.json
-rw-r--r--  1 mobile  mobile   21242 Sep 23 03:53 actions-ja-480x320.png
-rw-r--r--  1 mobile  mobile   23004 Sep 23 03:53 actions-ja-768x1024.json
-rw-r--r--  1 mobile  mobile  133053 Sep 23 03:53 actions-ja-768x1024.png
-rw-r--r--  1 mobile  mobile   23479 Sep 23 03:53 actions-ja-844x390.json
-rw-r--r--  1 mobile  mobile   49388 Sep 23 03:53 actions-ja-844x390.png
-rw-r--r--  1 mobile  mobile   23240 Sep 23 03:52 actions-zh-1024x768.json
-rw-r--r--  1 mobile  mobile   97723 Sep 23 03:52 actions-zh-1024x768.png
-rw-r--r--  1 mobile  mobile   22828 Sep 23 03:52 actions-zh-320x480.json
-rw-r--r--  1 mobile  mobile   26485 Sep 23 03:52 actions-zh-320x480.png
-rw-r--r--  1 mobile  mobile   22843 Sep 23 03:52 actions-zh-480x320.json
-rw-r--r--  1 mobile  mobile   18921 Sep 23 03:52 actions-zh-480x320.png
-rw-r--r--  1 mobile  mobile   22768 Sep 23 03:52 actions-zh-768x1024.json
-rw-r--r--  1 mobile  mobile  103090 Sep 23 03:52 actions-zh-768x1024.png
-rw-r--r--  1 mobile  mobile   23239 Sep 23 03:52 actions-zh-844x390.json
-rw-r--r--  1 mobile  mobile   45388 Sep 23 03:52 actions-zh-844x390.png
-rw-r--r--  1 mobile  mobile   16800 Sep 23 03:53 actual-offline.json
-rw-r--r--  1 mobile  mobile   26786 Sep 23 03:53 actual-offline.png
-rw-r--r--  1 mobile  mobile   22749 Sep 23 03:53 answered-cancel-rejected.json
-rw-r--r--  1 mobile  mobile   11230 Sep 23 03:53 answered-cancel-rejected.png
drwxr-xr-x  4 mobile  mobile     128 Sep 23 03:45 core-882F8525-BB66-4E9F-BA6C-40CEDB657671
drwxr-xr-x  4 mobile  mobile     128 Sep 23 03:49 core-93BD2CEF-3D4F-42D2-AEA0-E3CB83B62F7A
drwxr-xr-x  4 mobile  mobile     128 Sep 23 03:53 core-9843AAAA-B8D5-494A-ADF6-F0B39E5EB528
drwxr-xr-x  4 mobile  mobile     128 Sep 23 03:41 core-E251EF31-F343-4393-A631-5D9861649CA8
-rw-r--r--  1 mobile  mobile   22754 Sep 23 03:53 held-cancel-cross-call.json
-rw-r--r--  1 mobile  mobile   52336 Sep 23 03:53 held-cancel-cross-call.png
-rw-r--r--  1 mobile  mobile   22751 Sep 23 03:53 held-end-cross-call.json
-rw-r--r--  1 mobile  mobile   52336 Sep 23 03:53 held-end-cross-call.png
-rw-r--r--  1 mobile  mobile   22731 Sep 23 03:53 home-purpose-first.json
-rw-r--r--  1 mobile  mobile   45368 Sep 23 03:53 home-purpose-first.png
-rw-r--r--  1 mobile  mobile   37186 Sep 23 03:53 progress.json
-rw-r--r--  1 mobile  mobile    3576 Sep 23 03:52 purpose-en-1024x768.json
-rw-r--r--  1 mobile  mobile  112083 Sep 23 03:52 purpose-en-1024x768.png
-rw-r--r--  1 mobile  mobile    3541 Sep 23 03:52 purpose-en-320x480.json
-rw-r--r--  1 mobile  mobile   29064 Sep 23 03:52 purpose-en-320x480.png
-rw-r--r--  1 mobile  mobile    3539 Sep 23 03:52 purpose-en-480x320.json
-rw-r--r--  1 mobile  mobile   22995 Sep 23 03:52 purpose-en-480x320.png
-rw-r--r--  1 mobile  mobile    3545 Sep 23 03:52 purpose-en-768x1024.json
-rw-r--r--  1 mobile  mobile  124332 Sep 23 03:52 purpose-en-768x1024.png
-rw-r--r--  1 mobile  mobile    3544 Sep 23 03:52 purpose-en-844x390.json
-rw-r--r--  1 mobile  mobile   44273 Sep 23 03:52 purpose-en-844x390.png
-rw-r--r--  1 mobile  mobile   22785 Sep 23 03:53 purpose-first-calling.json
-rw-r--r--  1 mobile  mobile   26518 Sep 23 03:53 purpose-first-calling.png
-rw-r--r--  1 mobile  mobile    7973 Sep 23 03:53 purpose-first-diagnostic.json
-rw-r--r--  1 mobile  mobile    3681 Sep 23 03:53 purpose-ja-1024x768.json
-rw-r--r--  1 mobile  mobile  140670 Sep 23 03:53 purpose-ja-1024x768.png
-rw-r--r--  1 mobile  mobile    3653 Sep 23 03:53 purpose-ja-320x480.json
-rw-r--r--  1 mobile  mobile   41018 Sep 23 03:53 purpose-ja-320x480.png
-rw-r--r--  1 mobile  mobile    3634 Sep 23 03:53 purpose-ja-480x320.json
-rw-r--r--  1 mobile  mobile   50388 Sep 23 03:53 purpose-ja-480x320.png
-rw-r--r--  1 mobile  mobile    3649 Sep 23 03:53 purpose-ja-768x1024.json
-rw-r--r--  1 mobile  mobile  168789 Sep 23 03:53 purpose-ja-768x1024.png
-rw-r--r--  1 mobile  mobile    3648 Sep 23 03:53 purpose-ja-844x390.json
-rw-r--r--  1 mobile  mobile   80435 Sep 23 03:53 purpose-ja-844x390.png
-rw-r--r--  1 mobile  mobile    3527 Sep 23 03:52 purpose-zh-1024x768.json
-rw-r--r--  1 mobile  mobile  133932 Sep 23 03:52 purpose-zh-1024x768.png
-rw-r--r--  1 mobile  mobile    3504 Sep 23 03:52 purpose-zh-320x480.json
-rw-r--r--  1 mobile  mobile   30551 Sep 23 03:52 purpose-zh-320x480.png
-rw-r--r--  1 mobile  mobile    3508 Sep 23 03:52 purpose-zh-480x320.json
-rw-r--r--  1 mobile  mobile   32388 Sep 23 03:52 purpose-zh-480x320.png
-rw-r--r--  1 mobile  mobile    3514 Sep 23 03:52 purpose-zh-768x1024.json
-rw-r--r--  1 mobile  mobile  140876 Sep 23 03:52 purpose-zh-768x1024.png
-rw-r--r--  1 mobile  mobile    3500 Sep 23 03:52 purpose-zh-844x390.json
-rw-r--r--  1 mobile  mobile   67471 Sep 23 03:52 purpose-zh-844x390.png
-rwxr-xr-x  1 root    mobile   54752 Sep 23 03:52 register
-rw-r--r--  1 mobile  mobile   37635 Sep 23 03:53 result.json
-rw-r--r--  1 mobile  mobile    8309 Sep 23 03:53 ring-first-purpose-sheet.json
-rw-r--r--  1 mobile  mobile   72065 Sep 23 03:53 ring-first-purpose-sheet.png
-rw-r--r--  1 mobile  mobile    7948 Sep 23 03:53 ring-flow-diagnostic.json
-rw-r--r--  1 mobile  mobile   22750 Sep 23 03:53 sos-presentation-only.json
-rw-r--r--  1 mobile  mobile   21416 Sep 23 03:53 sos-presentation-only.png
-rw-r--r--  1 mobile  mobile    1887 Sep 23 03:53 sos-review-underlay.json
-rw-r--r--  1 mobile  mobile   17389 Sep 23 03:53 sos-review-underlay.png
-rw-r--r--  1 mobile  mobile    6896 Sep 23 03:53 sos-review.json
-rw-r--r--  1 mobile  mobile   12956 Sep 23 03:53 sos-review.png

exit=0
/binpack/usr/local/bin/lsdtrip.arm64 launch jp.ox.doorbell
Launched jp.ox.doorbell

exit=0
kill 1551 2>/dev/null || true

exit=0
mkdir -p /private/var/containers/Bundle/Application/F3545678-1234-4234-8234-123456789ABC/stage /var/mobile/Library/DoorbellT35ModernUIKit; chown mobile:mobile /var/mobile/Library/DoorbellT35ModernUIKit; rm -f /var/mobile/Library/DoorbellT35ModernUIKit/*.json /var/mobile/Library/DoorbellT35ModernUIKit/*.png

exit=0
rm -rf /private/var/containers/Bundle/Application/F3545678-1234-4234-8234-123456789ABC/DoorbellIOS9.app; mv /private/var/containers/Bundle/Application/F3545678-1234-4234-8234-123456789ABC/stage/DoorbellIOS9.app /private/var/containers/Bundle/Application/F3545678-1234-4234-8234-123456789ABC/DoorbellIOS9.app; rmdir /private/var/containers/Bundle/Application/F3545678-1234-4234-8234-123456789ABC/stage; chmod 755 /var/mobile/Library/DoorbellT35ModernUIKit/register; chown -R mobile:mobile /private/var/containers/Bundle/Application/F3545678-1234-4234-8234-123456789ABC; /var/mobile/Library/DoorbellT35ModernUIKit/register register /private/var/containers/Bundle/Application/F3545678-1234-4234-8234-123456789ABC/DoorbellIOS9.app
application_registered=true

exit=0
/var/mobile/Library/DoorbellT35ModernUIKit/register inspect /private/var/containers/Bundle/Application/F3545678-1234-4234-8234-123456789ABC/DoorbellIOS9.app/Info.plist; /binpack/usr/local/bin/lsdtrip.arm64 launch jp.ox.doorbell.t35modernuitest
{
  "CFBundleVersion" : "6",
  "CFBundleShortVersionString" : "1.0.0",
  "CFBundleIdentifier" : "jp.ox.doorbell.t35modernuitest",
  "MinimumOSVersion" : "9.0"
}
Launched jp.ox.doorbell.t35modernuitest

exit=0
for i in 1 2 3 4 5 6 7 8 9 10 11 12 13 14 15; do if [ -f /var/mobile/Library/DoorbellT35ModernUIKit/result.json ]; then cat /var/mobile/Library/DoorbellT35ModernUIKit/result.json; exit 0; fi; sleep 2; done; exit 1
{
  "failed" : 0,
  "system_version" : "12.5.8",
  "checks" : [
    {
      "group" : "setup",
      "name" : "Isolated real Core starts",
      "pass" : true
    },
    {
      "group" : "setup",
      "name" : "Real Core configuration ui.call_sound",
      "pass" : true
    },
    {
      "pass" : true,
      "name" : "Real Core configuration ui.call_flow",
      "group" : "setup"
    },
    {
      "group" : "setup",
      "name" : "Core accepts the complete semantic manifest",
      "pass" : true
    },
    {
      "name" : "Actual language button selects en",
      "pass" : true,
      "group" : "actions-en-320x480"
    },
    {
      "pass" : true,
      "group" : "actions-en-320x480",
      "name" : "UIKit child uses requested profile dimensions"
    },
    {
      "pass" : true,
      "name" : "Cancel and end keep identical fixed vertical position",
      "group" : "actions-en-320x480"
    },
    {
      "name" : "End is fully visible with safe touch height",
      "pass" : true,
      "group" : "actions-en-320x480"
    },
    {
      "group" : "actions-en-320x480",
      "name" : "Action follows largest accessibility text",
      "pass" : true
    },
    {
      "name" : "Cancel label fits the action",
      "group" : "actions-en-320x480",
      "pass" : true
    },
    {
      "name" : "Status is clipped above fixed end action",
      "group" : "actions-en-320x480",
      "pass" : true
    },
    {
      "name" : "Status width follows the scroll viewport",
      "pass" : true,
      "group" : "actions-en-320x480"
    },
    {
      "name" : "Visible long title never covers end at offset 0.0",
      "pass" : true,
      "group" : "actions-en-320x480"
    },
    {
      "name" : "Visible long title never covers end at offset 1984.5",
      "pass" : true,
      "group" : "actions-en-320x480"
    },
    {
      "name" : "Cancel is complete and at least 64 points",
      "pass" : true,
      "group" : "purpose-en-320x480"
    },
    {
      "name" : "Scrollable purpose stays above cancel",
      "group" : "purpose-en-320x480",
      "pass" : true
    },
    {
      "pass" : true,
      "group" : "purpose-en-320x480",
      "name" : "Skip and cancel are distinct controls"
    },
    {
      "group" : "purpose-en-320x480",
      "pass" : true,
      "name" : "Purpose follows largest accessibility text"
    },
    {
      "group" : "purpose-en-320x480",
      "name" : "Long purpose label is not cropped",
      "pass" : true
    },
    {
      "name" : "Actual language button selects en",
      "pass" : true,
      "group" : "actions-en-480x320"
    },
    {
      "name" : "UIKit child uses requested profile dimensions",
      "group" : "actions-en-480x320",
      "pass" : true
    },
    {
      "pass" : true,
      "group" : "actions-en-480x320",
      "name" : "Cancel and end keep identical fixed vertical position"
    },
    {
      "pass" : true,
      "name" : "End is fully visible with safe touch height",
      "group" : "actions-en-480x320"
    },
    {
      "group" : "actions-en-480x320",
      "name" : "Action follows largest accessibility text",
      "pass" : true
    },
    {
      "name" : "Cancel label fits the action",
      "group" : "actions-en-480x320",
      "pass" : true
    },
    {
      "pass" : true,
      "group" : "actions-en-480x320",
      "name" : "Status is clipped above fixed end action"
    },
    {
      "group" : "actions-en-480x320",
      "name" : "Status width follows the scroll viewport",
      "pass" : true
    },
    {
      "pass" : true,
      "name" : "Visible long title never covers end at offset 0.0",
      "group" : "actions-en-480x320"
    },
    {
      "name" : "Visible long title never covers end at offset 1353.5",
      "pass" : true,
      "group" : "actions-en-480x320"
    },
    {
      "name" : "Short landscape exposes overflowing title by scrolling",
      "group" : "actions-en-480x320",
      "pass" : true
    },
    {
      "name" : "Cancel is complete and at least 64 points",
      "group" : "purpose-en-480x320",
      "pass" : true
    },
    {
      "pass" : true,
      "name" : "Scrollable purpose stays above cancel",
      "group" : "purpose-en-480x320"
    },
    {
      "pass" : true,
      "group" : "purpose-en-480x320",
      "name" : "Skip and cancel are distinct controls"
    },
    {
      "pass" : true,
      "group" : "purpose-en-480x320",
      "name" : "Purpose follows largest accessibility text"
    },
    {
      "name" : "Long purpose label is not cropped",
      "pass" : true,
      "group" : "purpose-en-480x320"
    },
    {
      "group" : "actions-en-844x390",
      "pass" : true,
      "name" : "Actual language button selects en"
    },
    {
      "group" : "actions-en-844x390",
      "name" : "UIKit child uses requested profile dimensions",
      "pass" : true
    },
    {
      "group" : "actions-en-844x390",
      "pass" : true,
      "name" : "Cancel and end keep identical fixed vertical position"
    },
    {
      "name" : "End is fully visible with safe touch height",
      "group" : "actions-en-844x390",
      "pass" : true
    },
    {
      "name" : "Action follows largest accessibility text",
      "pass" : true,
      "group" : "actions-en-844x390"
    },
    {
      "pass" : true,
      "group" : "actions-en-844x390",
      "name" : "Cancel label fits the action"
    },
    {
      "group" : "actions-en-844x390",
      "pass" : true,
      "name" : "Status is clipped above fixed end action"
    },
    {
      "group" : "actions-en-844x390",
      "pass" : true,
      "name" : "Status width follows the scroll viewport"
    },
    {
      "group" : "actions-en-844x390",
      "name" : "Visible long title never covers end at offset 0.0",
      "pass" : true
    },
    {
      "group" : "actions-en-844x390",
      "pass" : true,
      "name" : "Visible long title never covers end at offset 573.5"
    },
    {
      "pass" : true,
      "group" : "purpose-en-844x390",
      "name" : "Cancel is complete and at least 64 points"
    },
    {
      "pass" : true,
      "group" : "purpose-en-844x390",
      "name" : "Scrollable purpose stays above cancel"
    },
    {
      "group" : "purpose-en-844x390",
      "pass" : true,
      "name" : "Skip and cancel are distinct controls"
    },
    {
      "group" : "purpose-en-844x390",
      "pass" : true,
      "name" : "Purpose follows largest accessibility text"
    },
    {
      "name" : "Long purpose label is not cropped",
      "pass" : true,
      "group" : "purpose-en-844x390"
    },
    {
      "pass" : true,
      "group" : "actions-en-768x1024",
      "name" : "Actual language button selects en"
    },
    {
      "name" : "UIKit child uses requested profile dimensions",
      "group" : "actions-en-768x1024",
      "pass" : true
    },
    {
      "name" : "Cancel and end keep identical fixed vertical position",
      "group" : "actions-en-768x1024",
      "pass" : true
    },
    {
      "group" : "actions-en-768x1024",
      "name" : "End is fully visible with safe touch height",
      "pass" : true
    },
    {
      "group" : "actions-en-768x1024",
      "pass" : true,
      "name" : "Action follows largest accessibility text"
    },
    {
      "name" : "Cancel label fits the action",
      "pass" : true,
      "group" : "actions-en-768x1024"
    },
    {
      "group" : "actions-en-768x1024",
      "pass" : true,
      "name" : "Status is clipped above fixed end action"
    },
    {
      "name" : "Status width follows the scroll viewport",
      "group" : "actions-en-768x1024",
      "pass" : true
    },
    {
      "pass" : true,
      "group" : "actions-en-768x1024",
      "name" : "Visible long title never covers end at offset 0.0"
    },
    {
      "group" : "actions-en-768x1024",
      "pass" : true,
      "name" : "Visible long title never covers end at offset 0.0"
    },
    {
      "name" : "Cancel is complete and at least 64 points",
      "pass" : true,
      "group" : "purpose-en-768x1024"
    },
    {
      "pass" : true,
      "group" : "purpose-en-768x1024",
      "name" : "Scrollable purpose stays above cancel"
    },
    {
      "pass" : true,
      "group" : "purpose-en-768x1024",
      "name" : "Skip and cancel are distinct controls"
    },
    {
      "group" : "purpose-en-768x1024",
      "name" : "Purpose follows largest accessibility text",
      "pass" : true
    },
    {
      "group" : "purpose-en-768x1024",
      "pass" : true,
      "name" : "Long purpose label is not cropped"
    },
    {
      "name" : "Actual language button selects en",
      "pass" : true,
      "group" : "actions-en-1024x768"
    },
    {
      "group" : "actions-en-1024x768",
      "name" : "UIKit child uses requested profile dimensions",
      "pass" : true
    },
    {
      "name" : "Cancel and end keep identical fixed vertical position",
      "group" : "actions-en-1024x768",
      "pass" : true
    },
    {
      "name" : "End is fully visible with safe touch height",
      "group" : "actions-en-1024x768",
      "pass" : true
    },
    {
      "group" : "actions-en-1024x768",
      "name" : "Action follows largest accessibility text",
      "pass" : true
    },
    {
      "group" : "actions-en-1024x768",
      "pass" : true,
      "name" : "Cancel label fits the action"
    },
    {
      "group" : "actions-en-1024x768",
      "pass" : true,
      "name" : "Status is clipped above fixed end action"
    },
    {
      "pass" : true,
      "group" : "actions-en-1024x768",
      "name" : "Status width follows the scroll viewport"
    },
    {
      "group" : "actions-en-1024x768",
      "name" : "Visible long title never covers end at offset 0.0",
      "pass" : true
    },
    {
      "group" : "actions-en-1024x768",
      "pass" : true,
      "name" : "Visible long title never covers end at offset 94.0"
    },
    {
      "group" : "purpose-en-1024x768",
      "name" : "Cancel is complete and at least 64 points",
      "pass" : true
    },
    {
      "group" : "purpose-en-1024x768",
      "name" : "Scrollable purpose stays above cancel",
      "pass" : true
    },
    {
      "pass" : true,
      "group" : "purpose-en-1024x768",
      "name" : "Skip and cancel are distinct controls"
    },
    {
      "name" : "Purpose follows largest accessibility text",
      "pass" : true,
      "group" : "purpose-en-1024x768"
    },
    {
      "pass" : true,
      "name" : "Long purpose label is not cropped",
      "group" : "purpose-en-1024x768"
    },
    {
      "pass" : true,
      "group" : "actions-zh-320x480",
      "name" : "Actual language button selects zh"
    },
    {
      "group" : "actions-zh-320x480",
      "pass" : true,
      "name" : "UIKit child uses requested profile dimensions"
    },
    {
      "group" : "actions-zh-320x480",
      "name" : "Cancel and end keep identical fixed vertical position",
      "pass" : true
    },
    {
      "name" : "End is fully visible with safe touch height",
      "group" : "actions-zh-320x480",
      "pass" : true
    },
    {
      "pass" : true,
      "group" : "actions-zh-320x480",
      "name" : "Action follows largest accessibility text"
    },
    {
      "name" : "Cancel label fits the action",
      "group" : "actions-zh-320x480",
      "pass" : true
    },
    {
      "group" : "actions-zh-320x480",
      "name" : "Status is clipped above fixed end action",
      "pass" : true
    },
    {
      "group" : "actions-zh-320x480",
      "name" : "Status width follows the scroll viewport",
      "pass" : true
    },
    {
      "group" : "actions-zh-320x480",
      "name" : "Visible long title never covers end at offset 0.0",
      "pass" : true
    },
    {
      "group" : "actions-zh-320x480",
      "name" : "Visible long title never covers end at offset 889.0",
      "pass" : true
    },
    {
      "group" : "purpose-zh-320x480",
      "pass" : true,
      "name" : "Cancel is complete and at least 64 points"
    },
    {
      "name" : "Scrollable purpose stays above cancel",
      "group" : "purpose-zh-320x480",
      "pass" : true
    },
    {
      "name" : "Skip and cancel are distinct controls",
      "pass" : true,
      "group" : "purpose-zh-320x480"
    },
    {
      "pass" : true,
      "group" : "purpose-zh-320x480",
      "name" : "Purpose follows largest accessibility text"
    },
    {
      "group" : "purpose-zh-320x480",
      "pass" : true,
      "name" : "Long purpose label is not cropped"
    },
    {
      "pass" : true,
      "group" : "actions-zh-480x320",
      "name" : "Actual language button selects zh"
    },
    {
      "group" : "actions-zh-480x320",
      "pass" : true,
      "name" : "UIKit child uses requested profile dimensions"
    },
    {
      "name" : "Cancel and end keep identical fixed vertical position",
      "group" : "actions-zh-480x320",
      "pass" : true
    },
    {
      "name" : "End is fully visible with safe touch height",
      "group" : "actions-zh-480x320",
      "pass" : true
    },
    {
      "name" : "Action follows largest accessibility text",
      "pass" : true,
      "group" : "actions-zh-480x320"
    },
    {
      "pass" : true,
      "group" : "actions-zh-480x320",
      "name" : "Cancel label fits the action"
    },
    {
      "pass" : true,
      "group" : "actions-zh-480x320",
      "name" : "Status is clipped above fixed end action"
    },
    {
      "group" : "actions-zh-480x320",
      "pass" : true,
      "name" : "Status width follows the scroll viewport"
    },
    {
      "name" : "Visible long title never covers end at offset 0.0",
      "group" : "actions-zh-480x320",
      "pass" : true
    },
    {
      "group" : "actions-zh-480x320",
      "pass" : true,
      "name" : "Visible long title never covers end at offset 643.5"
    },
    {
      "group" : "actions-zh-480x320",
      "name" : "Short landscape exposes overflowing title by scrolling",
      "pass" : true
    },
    {
      "group" : "purpose-zh-480x320",
      "name" : "Cancel is complete and at least 64 points",
      "pass" : true
    },
    {
      "pass" : true,
      "group" : "purpose-zh-480x320",
      "name" : "Scrollable purpose stays above cancel"
    },
    {
      "name" : "Skip and cancel are distinct controls",
      "group" : "purpose-zh-480x320",
      "pass" : true
    },
    {
      "group" : "purpose-zh-480x320",
      "name" : "Purpose follows largest accessibility text",
      "pass" : true
    },
    {
      "group" : "purpose-zh-480x320",
      "pass" : true,
      "name" : "Long purpose label is not cropped"
    },
    {
      "group" : "actions-zh-844x390",
      "name" : "Actual language button selects zh",
      "pass" : true
    },
    {
      "name" : "UIKit child uses requested profile dimensions",
      "group" : "actions-zh-844x390",
      "pass" : true
    },
    {
      "group" : "actions-zh-844x390",
      "pass" : true,
      "name" : "Cancel and end keep identical fixed vertical position"
    },
    {
      "name" : "End is fully visible with safe touch height",
      "group" : "actions-zh-844x390",
      "pass" : true
    },
    {
      "name" : "Action follows largest accessibility text",
      "group" : "actions-zh-844x390",
      "pass" : true
    },
    {
      "group" : "actions-zh-844x390",
      "pass" : true,
      "name" : "Cancel label fits the action"
    },
    {
      "name" : "Status is clipped above fixed end action",
      "group" : "actions-zh-844x390",
      "pass" : true
    },
    {
      "pass" : true,
      "group" : "actions-zh-844x390",
      "name" : "Status width follows the scroll viewport"
    },
    {
      "pass" : true,
      "group" : "actions-zh-844x390",
      "name" : "Visible long title never covers end at offset 0.0"
    },
    {
      "pass" : true,
      "group" : "actions-zh-844x390",
      "name" : "Visible long title never covers end at offset 269.0"
    },
    {
      "group" : "purpose-zh-844x390",
      "pass" : true,
      "name" : "Cancel is complete and at least 64 points"
    },
    {
      "group" : "purpose-zh-844x390",
      "pass" : true,
      "name" : "Scrollable purpose stays above cancel"
    },
    {
      "group" : "purpose-zh-844x390",
      "name" : "Skip and cancel are distinct controls",
      "pass" : true
    },
    {
      "pass" : true,
      "name" : "Purpose follows largest accessibility text",
      "group" : "purpose-zh-844x390"
    },
    {
      "pass" : true,
      "group" : "purpose-zh-844x390",
      "name" : "Long purpose label is not cropped"
    },
    {
      "name" : "Actual language button selects zh",
      "pass" : true,
      "group" : "actions-zh-768x1024"
    },
    {
      "pass" : true,
      "name" : "UIKit child uses requested profile dimensions",
      "group" : "actions-zh-768x1024"
    },
    {
      "name" : "Cancel and end keep identical fixed vertical position",
      "pass" : true,
      "group" : "actions-zh-768x1024"
    },
    {
      "pass" : true,
      "name" : "End is fully visible with safe touch height",
      "group" : "actions-zh-768x1024"
    },
    {
      "pass" : true,
      "name" : "Action follows largest accessibility text",
      "group" : "actions-zh-768x1024"
    },
    {
      "group" : "actions-zh-768x1024",
      "pass" : true,
      "name" : "Cancel label fits the action"
    },
    {
      "name" : "Status is clipped above fixed end action",
      "pass" : true,
      "group" : "actions-zh-768x1024"
    },
    {
      "group" : "actions-zh-768x1024",
      "name" : "Status width follows the scroll viewport",
      "pass" : true
    },
    {
      "pass" : true,
      "group" : "actions-zh-768x1024",
      "name" : "Visible long title never covers end at offset 0.0"
    },
    {
      "group" : "actions-zh-768x1024",
      "name" : "Visible long title never covers end at offset 0.0",
      "pass" : true
    },
    {
      "pass" : true,
      "group" : "purpose-zh-768x1024",
      "name" : "Cancel is complete and at least 64 points"
    },
    {
      "pass" : true,
      "name" : "Scrollable purpose stays above cancel",
      "group" : "purpose-zh-768x1024"
    },
    {
      "pass" : true,
      "group" : "purpose-zh-768x1024",
      "name" : "Skip and cancel are distinct controls"
    },
    {
      "group" : "purpose-zh-768x1024",
      "name" : "Purpose follows largest accessibility text",
      "pass" : true
    },
    {
      "name" : "Long purpose label is not cropped",
      "pass" : true,
      "group" : "purpose-zh-768x1024"
    },
    {
      "pass" : true,
      "group" : "actions-zh-1024x768",
      "name" : "Actual language button selects zh"
    },
    {
      "pass" : true,
      "group" : "actions-zh-1024x768",
      "name" : "UIKit child uses requested profile dimensions"
    },
    {
      "group" : "actions-zh-1024x768",
      "pass" : true,
      "name" : "Cancel and end keep identical fixed vertical position"
    },
    {
      "group" : "actions-zh-1024x768",
      "pass" : true,
      "name" : "End is fully visible with safe touch height"
    },
    {
      "group" : "actions-zh-1024x768",
      "name" : "Action follows largest accessibility text",
      "pass" : true
    },
    {
      "name" : "Cancel label fits the action",
      "pass" : true,
      "group" : "actions-zh-1024x768"
    },
    {
      "pass" : true,
      "group" : "actions-zh-1024x768",
      "name" : "Status is clipped above fixed end action"
    },
    {
      "pass" : true,
      "name" : "Status width follows the scroll viewport",
      "group" : "actions-zh-1024x768"
    },
    {
      "pass" : true,
      "group" : "actions-zh-1024x768",
      "name" : "Visible long title never covers end at offset 0.0"
    },
    {
      "group" : "actions-zh-1024x768",
      "pass" : true,
      "name" : "Visible long title never covers end at offset 0.0"
    },
    {
      "name" : "Cancel is complete and at least 64 points",
      "pass" : true,
      "group" : "purpose-zh-1024x768"
    },
    {
      "pass" : true,
      "group" : "purpose-zh-1024x768",
      "name" : "Scrollable purpose stays above cancel"
    },
    {
      "group" : "purpose-zh-1024x768",
      "name" : "Skip and cancel are distinct controls",
      "pass" : true
    },
    {
      "name" : "Purpose follows largest accessibility text",
      "pass" : true,
      "group" : "purpose-zh-1024x768"
    },
    {
      "group" : "purpose-zh-1024x768",
      "pass" : true,
      "name" : "Long purpose label is not cropped"
    },
    {
      "group" : "actions-ja-320x480",
      "pass" : true,
      "name" : "Actual language button selects ja"
    },
    {
      "pass" : true,
      "group" : "actions-ja-320x480",
      "name" : "UIKit child uses requested profile dimensions"
    },
    {
      "group" : "actions-ja-320x480",
      "name" : "Cancel and end keep identical fixed vertical position",
      "pass" : true
    },
    {
      "group" : "actions-ja-320x480",
      "name" : "End is fully visible with safe touch height",
      "pass" : true
    },
    {
      "pass" : true,
      "group" : "actions-ja-320x480",
      "name" : "Action follows largest accessibility text"
    },
    {
      "pass" : true,
      "name" : "Cancel label fits the action",
      "group" : "actions-ja-320x480"
    },
    {
      "pass" : true,
      "name" : "Status is clipped above fixed end action",
      "group" : "actions-ja-320x480"
    },
    {
      "pass" : true,
      "group" : "actions-ja-320x480",
      "name" : "Status width follows the scroll viewport"
    },
    {
      "group" : "actions-ja-320x480",
      "pass" : true,
      "name" : "Visible long title never covers end at offset 0.0"
    },
    {
      "group" : "actions-ja-320x480",
      "name" : "Visible long title never covers end at offset 1295.0",
      "pass" : true
    },
    {
      "name" : "Cancel is complete and at least 64 points",
      "group" : "purpose-ja-320x480",
      "pass" : true
    },
    {
      "pass" : true,
      "group" : "purpose-ja-320x480",
      "name" : "Scrollable purpose stays above cancel"
    },
    {
      "name" : "Skip and cancel are distinct controls",
      "pass" : true,
      "group" : "purpose-ja-320x480"
    },
    {
      "group" : "purpose-ja-320x480",
      "pass" : true,
      "name" : "Purpose follows largest accessibility text"
    },
    {
      "pass" : true,
      "name" : "Long purpose label is not cropped",
      "group" : "purpose-ja-320x480"
    },
    {
      "pass" : true,
      "group" : "actions-ja-480x320",
      "name" : "Actual language button selects ja"
    },
    {
      "group" : "actions-ja-480x320",
      "pass" : true,
      "name" : "UIKit child uses requested profile dimensions"
    },
    {
      "group" : "actions-ja-480x320",
      "pass" : true,
      "name" : "Cancel and end keep identical fixed vertical position"
    },
    {
      "group" : "actions-ja-480x320",
      "name" : "End is fully visible with safe touch height",
      "pass" : true
    },
    {
      "pass" : true,
      "name" : "Action follows largest accessibility text",
      "group" : "actions-ja-480x320"
    },
    {
      "name" : "Cancel label fits the action",
      "pass" : true,
      "group" : "actions-ja-480x320"
    },
    {
      "group" : "actions-ja-480x320",
      "name" : "Status is clipped above fixed end action",
      "pass" : true
    },
    {
      "group" : "actions-ja-480x320",
      "name" : "Status width follows the scroll viewport",
      "pass" : true
    },
    {
      "name" : "Visible long title never covers end at offset 0.0",
      "group" : "actions-ja-480x320",
      "pass" : true
    },
    {
      "name" : "Visible long title never covers end at offset 846.0",
      "pass" : true,
      "group" : "actions-ja-480x320"
    },
    {
      "pass" : true,
      "group" : "actions-ja-480x320",
      "name" : "Short landscape exposes overflowing title by scrolling"
    },
    {
      "pass" : true,
      "group" : "purpose-ja-480x320",
      "name" : "Cancel is complete and at least 64 points"
    },
    {
      "group" : "purpose-ja-480x320",
      "pass" : true,
      "name" : "Scrollable purpose stays above cancel"
    },
    {
      "name" : "Skip and cancel are distinct controls",
      "group" : "purpose-ja-480x320",
      "pass" : true
    },
    {
      "group" : "purpose-ja-480x320",
      "name" : "Purpose follows largest accessibility text",
      "pass" : true
    },
    {
      "pass" : true,
      "group" : "purpose-ja-480x320",
      "name" : "Long purpose label is not cropped"
    },
    {
      "pass" : true,
      "group" : "actions-ja-844x390",
      "name" : "Actual language button selects ja"
    },
    {
      "pass" : true,
      "group" : "actions-ja-844x390",
      "name" : "UIKit child uses requested profile dimensions"
    },
    {
      "group" : "actions-ja-844x390",
      "name" : "Cancel and end keep identical fixed vertical position",
      "pass" : true
    },
    {
      "pass" : true,
      "name" : "End is fully visible with safe touch height",
      "group" : "actions-ja-844x390"
    },
    {
      "pass" : true,
      "name" : "Action follows largest accessibility text",
      "group" : "actions-ja-844x390"
    },
    {
      "pass" : true,
      "group" : "actions-ja-844x390",
      "name" : "Cancel label fits the action"
    },
    {
      "pass" : true,
      "group" : "actions-ja-844x390",
      "name" : "Status is clipped above fixed end action"
    },
    {
      "pass" : true,
      "group" : "actions-ja-844x390",
      "name" : "Status width follows the scroll viewport"
    },
    {
      "name" : "Visible long title never covers end at offset 0.0",
      "pass" : true,
      "group" : "actions-ja-844x390"
    },
    {
      "pass" : true,
      "name" : "Visible long title never covers end at offset 370.5",
      "group" : "actions-ja-844x390"
    },
    {
      "name" : "Cancel is complete and at least 64 points",
      "pass" : true,
      "group" : "purpose-ja-844x390"
    },
    {
      "group" : "purpose-ja-844x390",
      "pass" : true,
      "name" : "Scrollable purpose stays above cancel"
    },
    {
      "pass" : true,
      "name" : "Skip and cancel are distinct controls",
      "group" : "purpose-ja-844x390"
    },
    {
      "group" : "purpose-ja-844x390",
      "name" : "Purpose follows largest accessibility text",
      "pass" : true
    },
    {
      "group" : "purpose-ja-844x390",
      "name" : "Long purpose label is not cropped",
      "pass" : true
    },
    {
      "name" : "Actual language button selects ja",
      "pass" : true,
      "group" : "actions-ja-768x1024"
    },
    {
      "group" : "actions-ja-768x1024",
      "name" : "UIKit child uses requested profile dimensions",
      "pass" : true
    },
    {
      "name" : "Cancel and end keep identical fixed vertical position",
      "pass" : true,
      "group" : "actions-ja-768x1024"
    },
    {
      "pass" : true,
      "group" : "actions-ja-768x1024",
      "name" : "End is fully visible with safe touch height"
    },
    {
      "name" : "Action follows largest accessibility text",
      "pass" : true,
      "group" : "actions-ja-768x1024"
    },
    {
      "name" : "Cancel label fits the action",
      "group" : "actions-ja-768x1024",
      "pass" : true
    },
    {
      "group" : "actions-ja-768x1024",
      "name" : "Status is clipped above fixed end action",
      "pass" : true
    },
    {
      "group" : "actions-ja-768x1024",
      "pass" : true,
      "name" : "Status width follows the scroll viewport"
    },
    {
      "pass" : true,
      "name" : "Visible long title never covers end at offset 0.0",
      "group" : "actions-ja-768x1024"
    },
    {
      "pass" : true,
      "group" : "actions-ja-768x1024",
      "name" : "Visible long title never covers end at offset 0.0"
    },
    {
      "pass" : true,
      "group" : "purpose-ja-768x1024",
      "name" : "Cancel is complete and at least 64 points"
    },
    {
      "group" : "purpose-ja-768x1024",
      "pass" : true,
      "name" : "Scrollable purpose stays above cancel"
    },
    {
      "pass" : true,
      "group" : "purpose-ja-768x1024",
      "name" : "Skip and cancel are distinct controls"
    },
    {
      "name" : "Purpose follows largest accessibility text",
      "pass" : true,
      "group" : "purpose-ja-768x1024"
    },
    {
      "name" : "Long purpose label is not cropped",
      "pass" : true,
      "group" : "purpose-ja-768x1024"
    },
    {
      "name" : "Actual language button selects ja",
      "group" : "actions-ja-1024x768",
      "pass" : true
    },
    {
      "group" : "actions-ja-1024x768",
      "name" : "UIKit child uses requested profile dimensions",
      "pass" : true
    },
    {
      "group" : "actions-ja-1024x768",
      "name" : "Cancel and end keep identical fixed vertical position",
      "pass" : true
    },
    {
      "pass" : true,
      "name" : "End is fully visible with safe touch height",
      "group" : "actions-ja-1024x768"
    },
    {
      "pass" : true,
      "name" : "Action follows largest accessibility text",
      "group" : "actions-ja-1024x768"
    },
    {
      "group" : "actions-ja-1024x768",
      "pass" : true,
      "name" : "Cancel label fits the action"
    },
    {
      "pass" : true,
      "group" : "actions-ja-1024x768",
      "name" : "Status is clipped above fixed end action"
    },
    {
      "group" : "actions-ja-1024x768",
      "name" : "Status width follows the scroll viewport",
      "pass" : true
    },
    {
      "pass" : true,
      "name" : "Visible long title never covers end at offset 0.0",
      "group" : "actions-ja-1024x768"
    },
    {
      "name" : "Visible long title never covers end at offset 0.0",
      "pass" : true,
      "group" : "actions-ja-1024x768"
    },
    {
      "pass" : true,
      "group" : "purpose-ja-1024x768",
      "name" : "Cancel is complete and at least 64 points"
    },
    {
      "pass" : true,
      "name" : "Scrollable purpose stays above cancel",
      "group" : "purpose-ja-1024x768"
    },
    {
      "pass" : true,
      "group" : "purpose-ja-1024x768",
      "name" : "Skip and cancel are distinct controls"
    },
    {
      "pass" : true,
      "group" : "purpose-ja-1024x768",
      "name" : "Purpose follows largest accessibility text"
    },
    {
      "pass" : true,
      "name" : "Long purpose label is not cropped",
      "group" : "purpose-ja-1024x768"
    },
    {
      "group" : "purpose-first-actions",
      "pass" : true,
      "name" : "Real Core configuration ui.call_flow"
    },
    {
      "name" : "Actual language button selects en",
      "pass" : true,
      "group" : "purpose-first-actions"
    },
    {
      "group" : "purpose-first-actions",
      "name" : "Purpose-first sends selected purpose to actual Core",
      "pass" : true
    },
    {
      "group" : "purpose-first-actions",
      "name" : "Actual Core preserves purpose-first mode",
      "pass" : true
    },
    {
      "group" : "purpose-first-actions",
      "name" : "Visible call ID exists",
      "pass" : true
    },
    {
      "pass" : true,
      "group" : "purpose-first-actions",
      "name" : "Hidden end cannot end ringing"
    },
    {
      "group" : "purpose-first-actions",
      "name" : "Actual cancel ends only the current ringing call",
      "pass" : true
    },
    {
      "group" : "ring-then-purpose-actions",
      "pass" : true,
      "name" : "Real Core configuration ui.call_flow"
    },
    {
      "name" : "Actual language button selects en",
      "group" : "ring-then-purpose-actions",
      "pass" : true
    },
    {
      "pass" : true,
      "group" : "ring-then-purpose-actions",
      "name" : "Actual Core rings before purpose"
    },
    {
      "name" : "Skip dismisses purpose while preserving the same call",
      "group" : "ring-then-purpose-actions",
      "pass" : true
    },
    {
      "name" : "Ring-first cancel ends current call",
      "pass" : true,
      "group" : "ring-then-purpose-actions"
    },
    {
      "pass" : true,
      "group" : "ring-then-purpose-actions",
      "name" : "Purpose-sheet cancel is distinct from skip and ends call"
    },
    {
      "group" : "answered-cancel-permission",
      "name" : "Real Core configuration ui.call_flow",
      "pass" : true
    },
    {
      "group" : "answered-cancel-permission",
      "name" : "Actual language button selects en",
      "pass" : true
    },
    {
      "group" : "answered-cancel-permission",
      "name" : "Actual Core accepts answered transition",
      "pass" : true
    },
    {
      "name" : "Rejected queued cancel cannot render idle",
      "group" : "answered-cancel-permission",
      "pass" : true
    },
    {
      "name" : "Actual Core remains in call after queued cancel",
      "pass" : true,
      "group" : "answered-cancel-permission"
    },
    {
      "name" : "Visible connected UI cannot grant visitor cancel",
      "group" : "answered-cancel-permission",
      "pass" : true
    },
    {
      "name" : "Ordinary status is distinct from initially hidden SOS",
      "pass" : true,
      "group" : "offline-sos-layers"
    },
    {
      "group" : "offline-sos-layers",
      "pass" : true,
      "name" : "Injected presentation shows distinct emergency layer"
    },
    {
      "name" : "Existing clear control preserves touch target",
      "pass" : true,
      "group" : "offline-sos-layers"
    },
    {
      "group" : "offline-sos-layers",
      "pass" : true,
      "name" : "Presentation clear input hides only presentation"
    },
    {
      "pass" : true,
      "name" : "Actual language button selects en",
      "group" : "held-cancel-cross-call"
    },
    {
      "group" : "held-cancel-cross-call",
      "name" : "Actual Core call A exists before held cancel",
      "pass" : true
    },
    {
      "pass" : true,
      "group" : "held-cancel-cross-call",
      "name" : "External local test actor ends A"
    },
    {
      "name" : "Same screen now owns actual distinct Core call B",
      "pass" : true,
      "group" : "held-cancel-cross-call"
    },
    {
      "name" : "Held A cancel release cannot cancel successor B",
      "group" : "held-cancel-cross-call",
      "pass" : true
    },
    {
      "group" : "held-end-cross-call",
      "name" : "Actual Core call A answered",
      "pass" : true
    },
    {
      "pass" : true,
      "name" : "Actual distinct Core call B answered",
      "group" : "held-end-cross-call"
    },
    {
      "pass" : true,
      "group" : "held-end-cross-call",
      "name" : "Held A end release cannot dismiss successor B"
    },
    {
      "name" : "Normal held end remains usable for nil-ID SIP UI",
      "pass" : true,
      "group" : "nil-id-and-assistive-end"
    },
    {
      "group" : "nil-id-and-assistive-end",
      "pass" : true,
      "name" : "Assistive end without touchDown remains usable"
    },
    {
      "group" : "nil-id-and-assistive-end",
      "name" : "Held nil-ID end cannot cross idle into another SIP UI session",
      "pass" : true
    },
    {
      "name" : "Retired physical input permits current assistive end",
      "pass" : true,
      "group" : "nil-id-and-assistive-end"
    },
    {
      "group" : "held-end-core-generation",
      "name" : "Owned actual Core restarts",
      "pass" : true
    },
    {
      "name" : "Actual Core generation changes",
      "group" : "held-end-core-generation",
      "pass" : true
    },
    {
      "group" : "held-end-core-generation",
      "name" : "Held end cannot cross Core restart with same nil-ID UI",
      "pass" : true
    },
    {
      "group" : "held-end-core-generation",
      "pass" : true,
      "name" : "Current assistive end works after rejected old Core gesture"
    },
    {
      "pass" : true,
      "group" : "actual-offline-presentation",
      "name" : "Stopped Core shows actual visible offline status"
    },
    {
      "pass" : true,
      "group" : "actual-offline-presentation",
      "name" : "Ordinary offline state does not show SOS"
    },
    {
      "pass" : true,
      "group" : "actual-offline-presentation",
      "name" : "Offline surface differs from SOS warning control"
    },
    {
      "name" : "Actual accessibility activation opens review",
      "pass" : true,
      "group" : "sos-accessible-actions"
    },
    {
      "name" : "Review alone cannot trigger or start countdown",
      "pass" : true,
      "group" : "sos-accessible-actions"
    },
    {
      "pass" : true,
      "group" : "sos-accessible-actions",
      "name" : "Actual UIKit review has cancel and explicit start"
    },
    {
      "name" : "Accessible action cancels the same countdown",
      "pass" : true,
      "group" : "sos-accessible-actions"
    },
    {
      "group" : "sos-accessible-actions",
      "name" : "No external trigger and keyboard action exists",
      "pass" : true
    },
    {
      "pass" : true,
      "group" : "sos-accessible-actions",
      "name" : "Same-pass reparenting preserves cancellable countdown"
    },
    {
      "name" : "True detachment retires countdown and activation",
      "group" : "sos-accessible-actions",
      "pass" : true
    },
    {
      "group" : "sos-accessible-actions",
      "name" : "Disabled SOS cannot trigger",
      "pass" : true
    },
    {
      "group" : "sos-accessible-actions",
      "pass" : true,
      "name" : "Actual primary-action target requires review"
    },
    {
      "name" : "Actual keyboard target requires the same review",
      "group" : "sos-accessible-actions",
      "pass" : true
    },
    {
      "name" : "All SOS UI paths stayed inside the counter boundary",
      "group" : "sos-accessible-actions",
      "pass" : true
    }
  ],
  "version" : "1.0.0",
  "source_manifest" : "26fa4534c1e23978b3a045723c61eb9a3119d40f75e87835843a4dd50002792d",
  "scope" : "Physical UIKit with virtual-size child profiles. Production UI unchanged; Core has no peers or family configuration. No camera, real call, SOS or lock action. UIView tree is not a VoiceOver navigation record.",
  "build" : "6",
  "pid" : 1591,
  "bundle" : "jp.ox.doorbell.t35modernuitest"
}
exit=0
ls -l /var/mobile/Library/DoorbellT35ModernUIKit
total 6456
-rw-r--r--  1 mobile  mobile   23244 Sep 23 03:57 actions-en-1024x768.json
-rw-r--r--  1 mobile  mobile  108695 Sep 23 03:57 actions-en-1024x768.png
-rw-r--r--  1 mobile  mobile   22791 Sep 23 03:56 actions-en-320x480.json
-rw-r--r--  1 mobile  mobile   17522 Sep 23 03:56 actions-en-320x480.png
-rw-r--r--  1 mobile  mobile   22869 Sep 23 03:56 actions-en-480x320.json
-rw-r--r--  1 mobile  mobile   17036 Sep 23 03:56 actions-en-480x320.png
-rw-r--r--  1 mobile  mobile   22778 Sep 23 03:57 actions-en-768x1024.json
-rw-r--r--  1 mobile  mobile  121866 Sep 23 03:57 actions-en-768x1024.png
-rw-r--r--  1 mobile  mobile   23250 Sep 23 03:57 actions-en-844x390.json
-rw-r--r--  1 mobile  mobile   31680 Sep 23 03:57 actions-en-844x390.png
-rw-r--r--  1 mobile  mobile   23475 Sep 23 03:57 actions-ja-1024x768.json
-rw-r--r--  1 mobile  mobile  128217 Sep 23 03:57 actions-ja-1024x768.png
-rw-r--r--  1 mobile  mobile   22979 Sep 23 03:57 actions-ja-320x480.json
-rw-r--r--  1 mobile  mobile   28474 Sep 23 03:57 actions-ja-320x480.png
-rw-r--r--  1 mobile  mobile   23069 Sep 23 03:57 actions-ja-480x320.json
-rw-r--r--  1 mobile  mobile   21242 Sep 23 03:57 actions-ja-480x320.png
-rw-r--r--  1 mobile  mobile   23014 Sep 23 03:57 actions-ja-768x1024.json
-rw-r--r--  1 mobile  mobile  133053 Sep 23 03:57 actions-ja-768x1024.png
-rw-r--r--  1 mobile  mobile   23489 Sep 23 03:57 actions-ja-844x390.json
-rw-r--r--  1 mobile  mobile   49388 Sep 23 03:57 actions-ja-844x390.png
-rw-r--r--  1 mobile  mobile   23250 Sep 23 03:57 actions-zh-1024x768.json
-rw-r--r--  1 mobile  mobile   97723 Sep 23 03:57 actions-zh-1024x768.png
-rw-r--r--  1 mobile  mobile   22837 Sep 23 03:57 actions-zh-320x480.json
-rw-r--r--  1 mobile  mobile   26485 Sep 23 03:57 actions-zh-320x480.png
-rw-r--r--  1 mobile  mobile   22853 Sep 23 03:57 actions-zh-480x320.json
-rw-r--r--  1 mobile  mobile   18921 Sep 23 03:57 actions-zh-480x320.png
-rw-r--r--  1 mobile  mobile   22778 Sep 23 03:57 actions-zh-768x1024.json
-rw-r--r--  1 mobile  mobile  103090 Sep 23 03:57 actions-zh-768x1024.png
-rw-r--r--  1 mobile  mobile   23249 Sep 23 03:57 actions-zh-844x390.json
-rw-r--r--  1 mobile  mobile   45388 Sep 23 03:57 actions-zh-844x390.png
-rw-r--r--  1 mobile  mobile   16800 Sep 23 03:57 actual-offline.json
-rw-r--r--  1 mobile  mobile   26786 Sep 23 03:57 actual-offline.png
-rw-r--r--  1 mobile  mobile   22758 Sep 23 03:57 answered-cancel-rejected.json
-rw-r--r--  1 mobile  mobile   11230 Sep 23 03:57 answered-cancel-rejected.png
drwxr-xr-x  4 mobile  mobile     128 Sep 23 03:45 core-882F8525-BB66-4E9F-BA6C-40CEDB657671
drwxr-xr-x  4 mobile  mobile     128 Sep 23 03:49 core-93BD2CEF-3D4F-42D2-AEA0-E3CB83B62F7A
drwxr-xr-x  4 mobile  mobile     128 Sep 23 03:53 core-9843AAAA-B8D5-494A-ADF6-F0B39E5EB528
drwxr-xr-x  4 mobile  mobile     128 Sep 23 03:57 core-DCD13395-B82D-43B5-B5A5-6F0A6DD1B837
drwxr-xr-x  4 mobile  mobile     128 Sep 23 03:41 core-E251EF31-F343-4393-A631-5D9861649CA8
-rw-r--r--  1 mobile  mobile   22763 Sep 23 03:57 held-cancel-cross-call.json
-rw-r--r--  1 mobile  mobile   24469 Sep 23 03:57 held-cancel-cross-call.png
-rw-r--r--  1 mobile  mobile   22760 Sep 23 03:57 held-end-cross-call.json
-rw-r--r--  1 mobile  mobile   11230 Sep 23 03:57 held-end-cross-call.png
-rw-r--r--  1 mobile  mobile   22741 Sep 23 03:57 home-purpose-first.json
-rw-r--r--  1 mobile  mobile   46719 Sep 23 03:57 home-purpose-first.png
-rw-r--r--  1 mobile  mobile   37736 Sep 23 03:57 progress.json
-rw-r--r--  1 mobile  mobile    3576 Sep 23 03:57 purpose-en-1024x768.json
-rw-r--r--  1 mobile  mobile  112083 Sep 23 03:57 purpose-en-1024x768.png
-rw-r--r--  1 mobile  mobile    3541 Sep 23 03:56 purpose-en-320x480.json
-rw-r--r--  1 mobile  mobile   29064 Sep 23 03:56 purpose-en-320x480.png
-rw-r--r--  1 mobile  mobile    3539 Sep 23 03:56 purpose-en-480x320.json
-rw-r--r--  1 mobile  mobile   22995 Sep 23 03:56 purpose-en-480x320.png
-rw-r--r--  1 mobile  mobile    3545 Sep 23 03:57 purpose-en-768x1024.json
-rw-r--r--  1 mobile  mobile  124332 Sep 23 03:57 purpose-en-768x1024.png
-rw-r--r--  1 mobile  mobile    3544 Sep 23 03:57 purpose-en-844x390.json
-rw-r--r--  1 mobile  mobile   44273 Sep 23 03:57 purpose-en-844x390.png
-rw-r--r--  1 mobile  mobile   22795 Sep 23 03:57 purpose-first-calling.json
-rw-r--r--  1 mobile  mobile   26518 Sep 23 03:57 purpose-first-calling.png
-rw-r--r--  1 mobile  mobile    7973 Sep 23 03:57 purpose-first-diagnostic.json
-rw-r--r--  1 mobile  mobile    3681 Sep 23 03:57 purpose-ja-1024x768.json
-rw-r--r--  1 mobile  mobile  140670 Sep 23 03:57 purpose-ja-1024x768.png
-rw-r--r--  1 mobile  mobile    3653 Sep 23 03:57 purpose-ja-320x480.json
-rw-r--r--  1 mobile  mobile   41018 Sep 23 03:57 purpose-ja-320x480.png
-rw-r--r--  1 mobile  mobile    3634 Sep 23 03:57 purpose-ja-480x320.json
-rw-r--r--  1 mobile  mobile   50388 Sep 23 03:57 purpose-ja-480x320.png
-rw-r--r--  1 mobile  mobile    3649 Sep 23 03:57 purpose-ja-768x1024.json
-rw-r--r--  1 mobile  mobile  168789 Sep 23 03:57 purpose-ja-768x1024.png
-rw-r--r--  1 mobile  mobile    3648 Sep 23 03:57 purpose-ja-844x390.json
-rw-r--r--  1 mobile  mobile   80435 Sep 23 03:57 purpose-ja-844x390.png
-rw-r--r--  1 mobile  mobile    3527 Sep 23 03:57 purpose-zh-1024x768.json
-rw-r--r--  1 mobile  mobile  133932 Sep 23 03:57 purpose-zh-1024x768.png
-rw-r--r--  1 mobile  mobile    3504 Sep 23 03:57 purpose-zh-320x480.json
-rw-r--r--  1 mobile  mobile   30551 Sep 23 03:57 purpose-zh-320x480.png
-rw-r--r--  1 mobile  mobile    3508 Sep 23 03:57 purpose-zh-480x320.json
-rw-r--r--  1 mobile  mobile   32388 Sep 23 03:57 purpose-zh-480x320.png
-rw-r--r--  1 mobile  mobile    3514 Sep 23 03:57 purpose-zh-768x1024.json
-rw-r--r--  1 mobile  mobile  140876 Sep 23 03:57 purpose-zh-768x1024.png
-rw-r--r--  1 mobile  mobile    3500 Sep 23 03:57 purpose-zh-844x390.json
-rw-r--r--  1 mobile  mobile   67471 Sep 23 03:57 purpose-zh-844x390.png
-rwxr-xr-x  1 root    mobile   54752 Sep 23 03:56 register
drwxr-xr-x  4 mobile  mobile     128 Sep 23 03:57 restart-3A249477-D1C4-4319-9B14-E36451FF0E85
-rw-r--r--  1 mobile  mobile   38185 Sep 23 03:57 result.json
-rw-r--r--  1 mobile  mobile    8309 Sep 23 03:57 ring-first-purpose-sheet.json
-rw-r--r--  1 mobile  mobile   72065 Sep 23 03:57 ring-first-purpose-sheet.png
-rw-r--r--  1 mobile  mobile    7948 Sep 23 03:57 ring-flow-diagnostic.json
-rw-r--r--  1 mobile  mobile   22759 Sep 23 03:57 sos-presentation-only.json
-rw-r--r--  1 mobile  mobile   21416 Sep 23 03:57 sos-presentation-only.png
-rw-r--r--  1 mobile  mobile    1887 Sep 23 03:57 sos-review-underlay.json
-rw-r--r--  1 mobile  mobile   17389 Sep 23 03:57 sos-review-underlay.png
-rw-r--r--  1 mobile  mobile    6896 Sep 23 03:57 sos-review.json
-rw-r--r--  1 mobile  mobile   12956 Sep 23 03:57 sos-review.png

exit=0
/binpack/usr/local/bin/lsdtrip.arm64 launch jp.ox.doorbell
Launched jp.ox.doorbell

exit=0
kill 1591 2>/dev/null || true

exit=0
