Command line invocation:
    /Applications/Xcode.app/Contents/Developer/usr/bin/xcodebuild -project /Users/ox/Documents/project/app-doorbell/ios/Doorbell.xcodeproj -scheme DoorbellIOS9 -configuration Release -sdk iphoneos -destination generic/platform=iOS -derivedDataPath /Users/ox/Documents/project/app-doorbell/build/remediation-parallel-20260922/ios9-arm64 ARCHS=arm64 ONLY_ACTIVE_ARCH=YES CODE_SIGNING_ALLOWED=NO build

Build settings from command line:
    ARCHS = arm64
    CODE_SIGNING_ALLOWED = NO
    ONLY_ACTIVE_ARCH = YES
    SDKROOT = iphoneos26.5

2026-09-22 22:57:42.606 xcodebuild[91250:2691801]  DVTDeviceOperation: Encountered a build number "" that is incompatible with DVTBuildVersion.
2026-09-22 22:57:42.608 xcodebuild[91250:2691663] [MT] DVTDeviceOperation: Encountered a build number "" that is incompatible with DVTBuildVersion.
2026-09-22 22:57:42.885 xcodebuild[91250:2691801]  iPhoneConnect: 📱<DVTiOSDevice (0xb0f63c280), iPad (2), iPad, 12.5.8 (16H88), b05d91834431516e147fbc99c8f0bdc34ec38c32> unable to mount developer disk image, (Error Domain=com.apple.dt.DVTDeviceSupportFilesDDIError Code=2 "Could not locate Developer Disk Image for this device" UserInfo={NSLocalizedDescription=Could not locate Developer Disk Image for this device, DVTRadarComponentKey=487927, DVTIssueReportingFunctionalityKey=0, DeviceType=iPad4,2, NSLocalizedFailureReason=The device is running a version of iOS (12.5.8 16H88) that is not supported by this version of Xcode.}) {
    DVTIssueReportingFunctionalityKey = 0;
    DVTRadarComponentKey = 487927;
    DeviceType = "iPad4,2";
    NSLocalizedDescription = "Could not locate Developer Disk Image for this device";
    NSLocalizedFailureReason = "The device is running a version of iOS (12.5.8 16H88) that is not supported by this version of Xcode.";
}
2026-09-22 22:57:42.885 xcodebuild[91250:2691663] [MT] iPhoneConnect: 📱<DVTiOSDevice (0xb0f63c280), iPad (2), iPad, 12.5.8 (16H88), b05d91834431516e147fbc99c8f0bdc34ec38c32> -- An error occurred whilst preparing device for development -- Could not locate Developer Disk Image for this device
Domain: com.apple.dt.DVTDeviceSupportFilesDDIError
Code: 2
Failure Reason: The device is running a version of iOS (12.5.8 16H88) that is not supported by this version of Xcode.
User Info: {
    DVTRadarComponentKey = 487927;
    DeviceType = "iPad4,2";
}
--

2026-09-22 22:57:42.885 xcodebuild[91250:2691663] [MT] iPhoneConnect: 📱<DVTiOSDevice (0xb0f63c280), iPad (2), iPad, 12.5.8 (16H88), b05d91834431516e147fbc99c8f0bdc34ec38c32> == Underlying device preparation errors ==
2026-09-22 22:57:42.885 xcodebuild[91250:2691663] [MT] iPhoneConnect: Could not locate Developer Disk Image for this device
Domain: com.apple.dt.DVTDeviceSupportFilesDDIError
Code: 2
Failure Reason: The device is running a version of iOS (12.5.8 16H88) that is not supported by this version of Xcode.
User Info: {
    DVTRadarComponentKey = 487927;
    DeviceType = "iPad4,2";
}
--

2026-09-22 22:57:42.885 xcodebuild[91250:2691663] [MT] iPhoneConnect: 📱<DVTiOSDevice (0xb0f63c280), iPad (2), iPad, 12.5.8 (16H88), b05d91834431516e147fbc99c8f0bdc34ec38c32> == END: Underlying device preparation errors ==
ComputePackagePrebuildTargetDependencyGraph

Prepare packages

CreateBuildRequest

SendProjectDescription
2026-09-22 22:57:42.955 xcodebuild[91250:2691804]  iPhoneConnect: 📱<DVTiOSDevice (0xb0f63c280), iPad (2), iPad, 12.5.8 (16H88), b05d91834431516e147fbc99c8f0bdc34ec38c32> unable to mount developer disk image, (Error Domain=com.apple.dt.DVTDeviceSupportFilesDDIError Code=2 "Could not locate Developer Disk Image for this device" UserInfo={NSLocalizedDescription=Could not locate Developer Disk Image for this device, DVTRadarComponentKey=487927, DVTIssueReportingFunctionalityKey=0, DeviceType=iPad4,2, NSLocalizedFailureReason=The device is running a version of iOS (12.5.8 16H88) that is not supported by this version of Xcode.}) {
    DVTIssueReportingFunctionalityKey = 0;
    DVTRadarComponentKey = 487927;
    DeviceType = "iPad4,2";
    NSLocalizedDescription = "Could not locate Developer Disk Image for this device";
    NSLocalizedFailureReason = "The device is running a version of iOS (12.5.8 16H88) that is not supported by this version of Xcode.";
}
2026-09-22 22:57:42.955 xcodebuild[91250:2691663] [MT] iPhoneConnect: 📱<DVTiOSDevice (0xb0f63c280), iPad (2), iPad, 12.5.8 (16H88), b05d91834431516e147fbc99c8f0bdc34ec38c32> -- An error occurred whilst preparing device for development -- Could not locate Developer Disk Image for this device
Domain: com.apple.dt.DVTDeviceSupportFilesDDIError
Code: 2
Failure Reason: The device is running a version of iOS (12.5.8 16H88) that is not supported by this version of Xcode.
User Info: {
    DVTRadarComponentKey = 487927;
    DeviceType = "iPad4,2";
}
--

2026-09-22 22:57:42.955 xcodebuild[91250:2691663] [MT] iPhoneConnect: 📱<DVTiOSDevice (0xb0f63c280), iPad (2), iPad, 12.5.8 (16H88), b05d91834431516e147fbc99c8f0bdc34ec38c32> == Underlying device preparation errors ==
2026-09-22 22:57:42.955 xcodebuild[91250:2691663] [MT] iPhoneConnect: Could not locate Developer Disk Image for this device
Domain: com.apple.dt.DVTDeviceSupportFilesDDIError
Code: 2
Failure Reason: The device is running a version of iOS (12.5.8 16H88) that is not supported by this version of Xcode.
User Info: {
    DVTRadarComponentKey = 487927;
    DeviceType = "iPad4,2";
}
--

2026-09-22 22:57:42.955 xcodebuild[91250:2691663] [MT] iPhoneConnect: 📱<DVTiOSDevice (0xb0f63c280), iPad (2), iPad, 12.5.8 (16H88), b05d91834431516e147fbc99c8f0bdc34ec38c32> == END: Underlying device preparation errors ==

CreateBuildOperation

ComputeTargetDependencyGraph
note: Building targets in dependency order
note: Target dependency graph (1 target)
    Target 'DoorbellIOS9' in project 'Doorbell' (no dependencies)

GatherProvisioningInputs

CreateBuildDescription

ClangStatCache /Applications/Xcode.app/Contents/Developer/Toolchains/XcodeDefault.xctoolchain/usr/bin/clang-stat-cache /Applications/Xcode.app/Contents/Developer/Platforms/iPhoneOS.platform/Developer/SDKs/iPhoneOS26.5.sdk /Users/ox/Documents/project/app-doorbell/build/remediation-parallel-20260922/ios9-arm64/SDKStatCaches.noindex/iphoneos26.5-23F81a-32daed1954a7d5dd0789fcaf2a9bb78b.sdkstatcache
    cd /Users/ox/Documents/project/app-doorbell/ios/Doorbell.xcodeproj
    /Applications/Xcode.app/Contents/Developer/Toolchains/XcodeDefault.xctoolchain/usr/bin/clang-stat-cache /Applications/Xcode.app/Contents/Developer/Platforms/iPhoneOS.platform/Developer/SDKs/iPhoneOS26.5.sdk -o /Users/ox/Documents/project/app-doorbell/build/remediation-parallel-20260922/ios9-arm64/SDKStatCaches.noindex/iphoneos26.5-23F81a-32daed1954a7d5dd0789fcaf2a9bb78b.sdkstatcache

PhaseScriptExecution Build\ doorbell-core\ (CMake) /Users/ox/Documents/project/app-doorbell/build/remediation-parallel-20260922/ios9-arm64/Build/Intermediates.noindex/Doorbell.build/Release-iphoneos/DoorbellIOS9.build/Script-D90000000000000000000004.sh (in target 'DoorbellIOS9' from project 'Doorbell')
    cd /Users/ox/Documents/project/app-doorbell/ios
    export ACTION\=build
    export AD_HOC_CODE_SIGNING_ALLOWED\=NO
    export AGGREGATE_TRACKED_DOMAINS\=YES
    export ALLOW_BUILD_REQUEST_OVERRIDES\=NO
    export ALLOW_TARGET_PLATFORM_SPECIALIZATION\=NO
    export ALTERNATE_GROUP\=staff
    export ALTERNATE_MODE\=u+w,go-w,a+rX
    export ALTERNATE_OWNER\=ox
    export ALTERNATIVE_DISTRIBUTION_WEB\=NO
    export ALWAYS_EMBED_SWIFT_STANDARD_LIBRARIES\=NO
    export ALWAYS_SEARCH_USER_PATHS\=NO
    export ALWAYS_USE_SEPARATE_HEADERMAPS\=NO
    export ANDROID_DEPLOYMENT_TARGET\=21.0
    export APPLICATION_EXTENSION_API_ONLY\=NO
    export APPLY_RULES_IN_COPY_FILES\=NO
    export APPLY_RULES_IN_COPY_HEADERS\=NO
    export APP_SHORTCUTS_ENABLE_FLEXIBLE_MATCHING\=YES
    export ARCHS\=arm64
    export ARCHS_BASE\=arm64
    export ARCHS_STANDARD\=arm64
    export ARCHS_STANDARD_32_64_BIT\=armv7\ arm64
    export ARCHS_STANDARD_32_BIT\=armv7
    export ARCHS_STANDARD_64_BIT\=arm64
    export ARCHS_STANDARD_INCLUDING_64_BIT\=arm64
    export ARCHS_UNIVERSAL_IPHONE_OS\=armv7\ arm64
    export AUTOMATICALLY_MERGE_DEPENDENCIES\=NO
    export AUTOMATION_APPLE_EVENTS\=NO
    export AVAILABLE_PLATFORMS\=android\ appletvos\ appletvsimulator\ driverkit\ freebsd\ iphoneos\ iphonesimulator\ linux\ macosx\ none\ openbsd\ qnx\ watchos\ watchsimulator\ webassembly\ xros\ xrsimulator
    export BUILD_ACTIVE_RESOURCES_ONLY\=NO
    export BUILD_COMPONENTS\=headers\ build
    export BUILD_DIR\=/Users/ox/Documents/project/app-doorbell/build/remediation-parallel-20260922/ios9-arm64/Build/Products
    export BUILD_LIBRARY_FOR_DISTRIBUTION\=NO
    export BUILD_ONLY_KNOWN_LOCALIZATIONS\=NO
    export BUILD_ROOT\=/Users/ox/Documents/project/app-doorbell/build/remediation-parallel-20260922/ios9-arm64/Build/Products
    export BUILD_STYLE\=
    export BUILD_VARIANTS\=normal
    export BUILT_PRODUCTS_DIR\=/Users/ox/Documents/project/app-doorbell/build/remediation-parallel-20260922/ios9-arm64/Build/Products/Release-iphoneos
    export BUNDLE_CONTENTS_FOLDER_PATH_deep\=Contents/
    export BUNDLE_EXECUTABLE_FOLDER_NAME_deep\=MacOS
    export BUNDLE_EXTENSIONS_FOLDER_PATH\=Extensions
    export BUNDLE_FORMAT\=shallow
    export BUNDLE_FRAMEWORKS_FOLDER_PATH\=Frameworks
    export BUNDLE_PLUGINS_FOLDER_PATH\=PlugIns
    export BUNDLE_PRIVATE_HEADERS_FOLDER_PATH\=PrivateHeaders
    export BUNDLE_PUBLIC_HEADERS_FOLDER_PATH\=Headers
    export CACHE_ROOT\=/var/folders/g3/835mbfr157bcvxjwsw2kbvmm0000gn/C/com.apple.DeveloperTools/26.6-17F113/Xcode
    export CCHROOT\=/var/folders/g3/835mbfr157bcvxjwsw2kbvmm0000gn/C/com.apple.DeveloperTools/26.6-17F113/Xcode
    export CHMOD\=/bin/chmod
    export CHOWN\=chown
    export CLANG_CACHE_FINE_GRAINED_OUTPUTS\=YES
    export CLANG_ENABLE_EXPLICIT_MODULES\=YES
    export CLANG_ENABLE_MODULES\=YES
    export CLANG_ENABLE_OBJC_ARC\=YES
    export CLANG_MODULES_BUILD_SESSION_FILE\=/Users/ox/Documents/project/app-doorbell/build/remediation-parallel-20260922/ios9-arm64/ModuleCache.noindex/Session.modulevalidation
    export CLASS_FILE_DIR\=/Users/ox/Documents/project/app-doorbell/build/remediation-parallel-20260922/ios9-arm64/Build/Intermediates.noindex/Doorbell.build/Release-iphoneos/DoorbellIOS9.build/JavaClasses
    export CLEAN_PRECOMPS\=YES
    export CLONE_HEADERS\=NO
    export CODESIGNING_FOLDER_PATH\=/Users/ox/Documents/project/app-doorbell/build/remediation-parallel-20260922/ios9-arm64/Build/Products/Release-iphoneos/DoorbellIOS9.app
    export CODE_SIGNING_ALLOWED\=NO
    export CODE_SIGNING_REQUIRED\=YES
    export CODE_SIGN_CONTEXT_CLASS\=XCiPhoneOSCodeSignContext
    export CODE_SIGN_ENTITLEMENTS\=Doorbell/Doorbell.entitlements
    export CODE_SIGN_IDENTITY\=Apple\ Development
    export CODE_SIGN_INJECT_BASE_ENTITLEMENTS\=YES
    export CODE_SIGN_STYLE\=Automatic
    export COLOR_DIAGNOSTICS\=NO
    export COMBINE_HIDPI_IMAGES\=NO
    export COMPILATION_CACHE_CAS_PATH\=/Users/ox/Documents/project/app-doorbell/build/remediation-parallel-20260922/ios9-arm64/CompilationCache.noindex
    export COMPILATION_CACHE_KEEP_CAS_DIRECTORY\=YES
    export COMPILER_INDEX_STORE_ENABLE\=Default
    export COMPOSITE_SDK_DIRS\=/Users/ox/Documents/project/app-doorbell/build/remediation-parallel-20260922/ios9-arm64/Build/Intermediates.noindex/CompositeSDKs
    export COMPRESS_PNG_FILES\=YES
    export CONFIGURATION\=Release
    export CONFIGURATION_BUILD_DIR\=/Users/ox/Documents/project/app-doorbell/build/remediation-parallel-20260922/ios9-arm64/Build/Products/Release-iphoneos
    export CONFIGURATION_TEMP_DIR\=/Users/ox/Documents/project/app-doorbell/build/remediation-parallel-20260922/ios9-arm64/Build/Intermediates.noindex/Doorbell.build/Release-iphoneos
    export CONTENTS_FOLDER_PATH\=DoorbellIOS9.app
    export CONTENTS_FOLDER_PATH_SHALLOW_BUNDLE_NO\=DoorbellIOS9.app/Contents
    export CONTENTS_FOLDER_PATH_SHALLOW_BUNDLE_YES\=DoorbellIOS9.app
    export COPYING_PRESERVES_HFS_DATA\=NO
    export COPY_HEADERS_RUN_UNIFDEF\=NO
    export COPY_PHASE_STRIP\=NO
    export CORRESPONDING_SIMULATOR_PLATFORM_DIR\=/Applications/Xcode.app/Contents/Developer/Platforms/iPhoneSimulator.platform
    export CORRESPONDING_SIMULATOR_PLATFORM_NAME\=iphonesimulator
    export CORRESPONDING_SIMULATOR_SDK_DIR\=/Applications/Xcode.app/Contents/Developer/Platforms/iPhoneSimulator.platform/Developer/SDKs/iPhoneSimulator26.5.sdk
    export CORRESPONDING_SIMULATOR_SDK_NAME\=iphonesimulator26.5
    export CP\=/bin/cp
    export CREATE_INFOPLIST_SECTION_IN_BINARY\=NO
    export CURRENT_ARCH\=undefined_arch
    export CURRENT_VARIANT\=normal
    export DEAD_CODE_STRIPPING\=YES
    export DEBUGGING_SYMBOLS\=YES
    export DEBUG_INFORMATION_FORMAT\=dwarf-with-dsym
    export DEBUG_INFORMATION_VERSION\=compiler-default
    export DEFAULT_COMPILER\=com.apple.compilers.llvm.clang.1_0
    export DEFAULT_DEXT_INSTALL_PATH\=/System/Library/DriverExtensions
    export DEFAULT_KEXT_INSTALL_PATH\=/System/Library/Extensions
    export DEFINES_MODULE\=NO
    export DEPLOYMENT_LOCATION\=NO
    export DEPLOYMENT_POSTPROCESSING\=NO
    export DEPLOYMENT_TARGET_SETTING_NAME\=IPHONEOS_DEPLOYMENT_TARGET
    export DEPLOYMENT_TARGET_SUGGESTED_VALUES\=12.0\ 12.1\ 12.2\ 12.3\ 12.4\ 13.0\ 13.1\ 13.2\ 13.3\ 13.4\ 13.5\ 13.6\ 14.0\ 14.1\ 14.2\ 14.3\ 14.4\ 14.5\ 14.6\ 14.7\ 15.0\ 15.1\ 15.2\ 15.3\ 15.4\ 15.5\ 15.6\ 16.0\ 16.1\ 16.2\ 16.3\ 16.4\ 16.5\ 16.6\ 17.0\ 17.1\ 17.2\ 17.3\ 17.4\ 17.5\ 17.6\ 18.0\ 18.1\ 18.2\ 18.3\ 18.4\ 18.5\ 18.6\ 26.0\ 26.2\ 26.3\ 26.4\ 26.5
    export DERIVED_FILES_DIR\=/Users/ox/Documents/project/app-doorbell/build/remediation-parallel-20260922/ios9-arm64/Build/Intermediates.noindex/Doorbell.build/Release-iphoneos/DoorbellIOS9.build/DerivedSources
    export DERIVED_FILE_DIR\=/Users/ox/Documents/project/app-doorbell/build/remediation-parallel-20260922/ios9-arm64/Build/Intermediates.noindex/Doorbell.build/Release-iphoneos/DoorbellIOS9.build/DerivedSources
    export DERIVED_SOURCES_DIR\=/Users/ox/Documents/project/app-doorbell/build/remediation-parallel-20260922/ios9-arm64/Build/Intermediates.noindex/Doorbell.build/Release-iphoneos/DoorbellIOS9.build/DerivedSources
    export DERIVE_MACCATALYST_PRODUCT_BUNDLE_IDENTIFIER\=NO
    export DEVELOPER_APPLICATIONS_DIR\=/Applications/Xcode.app/Contents/Developer/Applications
    export DEVELOPER_BIN_DIR\=/Applications/Xcode.app/Contents/Developer/usr/bin
    export DEVELOPER_DIR\=/Applications/Xcode.app/Contents/Developer
    export DEVELOPER_FRAMEWORKS_DIR\=/Applications/Xcode.app/Contents/Developer/Library/Frameworks
    export DEVELOPER_FRAMEWORKS_DIR_QUOTED\=/Applications/Xcode.app/Contents/Developer/Library/Frameworks
    export DEVELOPER_LIBRARY_DIR\=/Applications/Xcode.app/Contents/Developer/Library
    export DEVELOPER_SDK_DIR\=/Applications/Xcode.app/Contents/Developer/Platforms/MacOSX.platform/Developer/SDKs
    export DEVELOPER_TOOLS_DIR\=/Applications/Xcode.app/Contents/Developer/Tools
    export DEVELOPER_USR_DIR\=/Applications/Xcode.app/Contents/Developer/usr
    export DEVELOPMENT_LANGUAGE\=ja
    export DIAGNOSE_MISSING_TARGET_DEPENDENCIES\=YES
    export DIFF\=/usr/bin/diff
    export DOCUMENTATION_FOLDER_PATH\=DoorbellIOS9.app/ja.lproj/Documentation
    export DONT_GENERATE_INFOPLIST_FILE\=NO
    export DSTROOT\=/tmp/Doorbell.dst
    export DT_TOOLCHAIN_DIR\=/Applications/Xcode.app/Contents/Developer/Toolchains/XcodeDefault.xctoolchain
    export DUMP_DEPENDENCIES\=NO
    export DUMP_DEPENDENCIES_OUTPUT_PATH\=/Users/ox/Documents/project/app-doorbell/build/remediation-parallel-20260922/ios9-arm64/Build/Intermediates.noindex/Doorbell.build/Release-iphoneos/DoorbellIOS9.build/DoorbellIOS9-BuildDependencyInfo.json
    export DWARF_DSYM_FILE_NAME\=DoorbellIOS9.app.dSYM
    export DWARF_DSYM_FILE_SHOULD_ACCOMPANY_PRODUCT\=NO
    export DWARF_DSYM_FOLDER_PATH\=/Users/ox/Documents/project/app-doorbell/build/remediation-parallel-20260922/ios9-arm64/Build/Products/Release-iphoneos
    export DYNAMIC_LIBRARY_EXTENSION\=dylib
    export EAGER_COMPILATION_ALLOW_SCRIPTS\=NO
    export EAGER_LINKING\=NO
    export EFFECTIVE_PLATFORM_NAME\=-iphoneos
    export EFFECTIVE_SWIFT_VERSION\=5
    export EMBEDDED_CONTENT_CONTAINS_SWIFT\=NO
    export EMBEDDED_PROFILE_NAME\=embedded.mobileprovision
    export EMBED_ASSET_PACKS_IN_PRODUCT_BUNDLE\=NO
    export ENABLE_APP_SANDBOX\=NO
    export ENABLE_CODE_COVERAGE\=YES
    export ENABLE_COHORT_ARCHS\=NO
    export ENABLE_CPLUSPLUS_BOUNDS_SAFE_BUFFERS\=NO
    export ENABLE_C_BOUNDS_SAFETY\=NO
    export ENABLE_DEBUG_DYLIB\=NO
    export ENABLE_DEFAULT_HEADER_SEARCH_PATHS\=YES
    export ENABLE_DEFAULT_SEARCH_PATHS\=YES
    export ENABLE_ENHANCED_SECURITY\=NO
    export ENABLE_HARDENED_RUNTIME\=NO
    export ENABLE_HEADER_DEPENDENCIES\=YES
    export ENABLE_INCOMING_NETWORK_CONNECTIONS\=NO
    export ENABLE_NS_ASSERTIONS\=NO
    export ENABLE_ON_DEMAND_RESOURCES\=YES
    export ENABLE_OUTGOING_NETWORK_CONNECTIONS\=NO
    export ENABLE_POINTER_AUTHENTICATION\=NO
    export ENABLE_PREVIEWS\=NO
    export ENABLE_RESOURCE_ACCESS_AUDIO_INPUT\=NO
    export ENABLE_RESOURCE_ACCESS_BLUETOOTH\=NO
    export ENABLE_RESOURCE_ACCESS_CALENDARS\=NO
    export ENABLE_RESOURCE_ACCESS_CAMERA\=NO
    export ENABLE_RESOURCE_ACCESS_CONTACTS\=NO
    export ENABLE_RESOURCE_ACCESS_LOCATION\=NO
    export ENABLE_RESOURCE_ACCESS_PHOTO_LIBRARY\=NO
    export ENABLE_RESOURCE_ACCESS_PRINTING\=NO
    export ENABLE_RESOURCE_ACCESS_USB\=NO
    export ENABLE_SDK_IMPORTS\=NO
    export ENABLE_SECURITY_COMPILER_WARNINGS\=NO
    export ENABLE_STRICT_OBJC_MSGSEND\=YES
    export ENABLE_TESTABILITY\=NO
    export ENABLE_TESTING_SEARCH_PATHS\=NO
    export ENABLE_USER_SCRIPT_SANDBOXING\=NO
    export ENABLE_XOJIT_PREVIEWS\=NO
    export ENFORCE_VALID_ARCHS\=YES
    export ENTITLEMENTS_ALLOWED\=YES
    export ENTITLEMENTS_DESTINATION\=Signature
    export ENTITLEMENTS_REQUIRED\=NO
    export EXCLUDED_INSTALLSRC_SUBDIRECTORY_PATTERNS\=.DS_Store\ .svn\ .git\ .hg\ CVS
    export EXCLUDED_RECURSIVE_SEARCH_PATH_SUBDIRECTORIES\=\*.nib\ \*.lproj\ \*.framework\ \*.gch\ \*.xcode\*\ \*.xcassets\ \*.icon\ \(\*\)\ .DS_Store\ CVS\ .svn\ .git\ .hg\ \*.pbproj\ \*.pbxproj
    export EXECUTABLES_FOLDER_PATH\=DoorbellIOS9.app/Executables
    export EXECUTABLE_FOLDER_PATH\=DoorbellIOS9.app
    export EXECUTABLE_FOLDER_PATH_SHALLOW_BUNDLE_NO\=DoorbellIOS9.app/MacOS
    export EXECUTABLE_FOLDER_PATH_SHALLOW_BUNDLE_YES\=DoorbellIOS9.app
    export EXECUTABLE_NAME\=DoorbellIOS9
    export EXECUTABLE_PATH\=DoorbellIOS9.app/DoorbellIOS9
    export EXTENSIONS_FOLDER_PATH\=DoorbellIOS9.app/Extensions
    export FILE_LIST\=/Users/ox/Documents/project/app-doorbell/build/remediation-parallel-20260922/ios9-arm64/Build/Intermediates.noindex/Doorbell.build/Release-iphoneos/DoorbellIOS9.build/Objects/LinkFileList
    export FIXED_FILES_DIR\=/Users/ox/Documents/project/app-doorbell/build/remediation-parallel-20260922/ios9-arm64/Build/Intermediates.noindex/Doorbell.build/Release-iphoneos/DoorbellIOS9.build/FixedFiles
    export FRAMEWORKS_FOLDER_PATH\=DoorbellIOS9.app/Frameworks
    export FRAMEWORK_FLAG_PREFIX\=-framework
    export FRAMEWORK_SEARCH_PATHS\=/Users/ox/Documents/project/app-doorbell/build/remediation-parallel-20260922/ios9-arm64/Build/Products/Release-iphoneos\ 
    export FRAMEWORK_VERSION\=A
    export FULL_PRODUCT_NAME\=DoorbellIOS9.app
    export FUSE_BUILD_PHASES\=YES
    export FUSE_BUILD_SCRIPT_PHASES\=NO
    export GCC3_VERSION\=3.3
    export GCC_C_LANGUAGE_STANDARD\=gnu11
    export GCC_DYNAMIC_NO_PIC\=NO
    export GCC_INLINES_ARE_PRIVATE_EXTERN\=YES
    export GCC_NO_COMMON_BLOCKS\=YES
    export GCC_PFE_FILE_C_DIALECTS\=c\ objective-c\ c++\ objective-c++
    export GCC_SYMBOLS_PRIVATE_EXTERN\=YES
    export GCC_THUMB_SUPPORT\=YES
    export GCC_TREAT_WARNINGS_AS_ERRORS\=NO
    export GCC_VERSION\=com.apple.compilers.llvm.clang.1_0
    export GCC_VERSION_IDENTIFIER\=com_apple_compilers_llvm_clang_1_0
    export GCC_WARN_64_TO_32_BIT_CONVERSION\=NO
    export GENERATED_MODULEMAP_DIR\=/Users/ox/Documents/project/app-doorbell/build/remediation-parallel-20260922/ios9-arm64/Build/Intermediates.noindex/GeneratedModuleMaps-iphoneos
    export GENERATE_INFOPLIST_FILE\=NO
    export GENERATE_INTERMEDIATE_TEXT_BASED_STUBS\=YES
    export GENERATE_PKGINFO_FILE\=YES
    export GENERATE_PRELINK_OBJECT_FILE\=NO
    export GENERATE_PROFILING_CODE\=NO
    export GENERATE_TEXT_BASED_STUBS\=NO
    export GID\=20
    export GROUP\=staff
    export HEADERMAP_INCLUDES_FLAT_ENTRIES_FOR_TARGET_BEING_BUILT\=YES
    export HEADERMAP_INCLUDES_FRAMEWORK_ENTRIES_FOR_ALL_PRODUCT_TYPES\=YES
    export HEADERMAP_INCLUDES_FRAMEWORK_ENTRIES_FOR_TARGETS_NOT_BEING_BUILT\=YES
    export HEADERMAP_INCLUDES_NONPUBLIC_NONPRIVATE_HEADERS\=YES
    export HEADERMAP_INCLUDES_PROJECT_HEADERS\=YES
    export HEADERMAP_USES_FRAMEWORK_PREFIX_ENTRIES\=YES
    export HEADERMAP_USES_VFS\=NO
    export HEADER_SEARCH_PATHS\=/Users/ox/Documents/project/app-doorbell/build/remediation-parallel-20260922/ios9-arm64/Build/Products/Release-iphoneos/include\ /Users/ox/Documents/project/app-doorbell/ios/../core/include
    export HOME\=/Users/ox
    export HOST_ARCH\=arm64
    export HOST_PLATFORM\=macosx
    export ICONV\=/usr/bin/iconv
    export IMPLICIT_DEPENDENCY_DOMAIN\=default
    export INDEX_STORE_COMPRESS\=NO
    export INDEX_STORE_ONLY_PROJECT_FILES\=NO
    export INFOPLIST_ENABLE_CFBUNDLEICONS_MERGE\=YES
    export INFOPLIST_EXPAND_BUILD_SETTINGS\=YES
    export INFOPLIST_FILE\=Doorbell/Info.plist
    export INFOPLIST_OUTPUT_FORMAT\=binary
    export INFOPLIST_PATH\=DoorbellIOS9.app/Info.plist
    export INFOPLIST_PREPROCESS\=NO
    export INFOSTRINGS_PATH\=DoorbellIOS9.app/ja.lproj/InfoPlist.strings
    export INLINE_PRIVATE_FRAMEWORKS\=NO
    export INSTALLAPI_IGNORE_SKIP_INSTALL\=YES
    export INSTALLHDRS_COPY_PHASE\=NO
    export INSTALLHDRS_SCRIPT_PHASE\=NO
    export INSTALL_DIR\=/tmp/Doorbell.dst/Applications
    export INSTALL_GROUP\=staff
    export INSTALL_MODE_FLAG\=u+w,go-w,a+rX
    export INSTALL_OWNER\=ox
    export INSTALL_PATH\=/Applications
    export INSTALL_ROOT\=/tmp/Doorbell.dst
    export IPHONEOS_DEPLOYMENT_TARGET\=9.0
    export IS_UNOPTIMIZED_BUILD\=NO
    export JAVAC_DEFAULT_FLAGS\=-J-Xms64m\ -J-XX:NewSize\=4M\ -J-Dfile.encoding\=UTF8
    export JAVA_APP_STUB\=/System/Library/Frameworks/JavaVM.framework/Resources/MacOS/JavaApplicationStub
    export JAVA_ARCHIVE_CLASSES\=YES
    export JAVA_ARCHIVE_TYPE\=JAR
    export JAVA_COMPILER\=/usr/bin/javac
    export JAVA_FOLDER_PATH\=DoorbellIOS9.app/Java
    export JAVA_FRAMEWORK_RESOURCES_DIRS\=Resources
    export JAVA_JAR_FLAGS\=cv
    export JAVA_SOURCE_SUBDIR\=.
    export JAVA_USE_DEPENDENCIES\=YES
    export JAVA_ZIP_FLAGS\=-urg
    export JIKES_DEFAULT_FLAGS\=+E\ +OLDCSO
    export KASAN_CFLAGS_CLASSIC\=-DKASAN\=1\ -DKASAN_CLASSIC\=1\ -fsanitize\=address\ -mllvm\ -asan-globals-live-support\ -mllvm\ -asan-force-dynamic-shadow
    export KASAN_CFLAGS_TBI\=-DKASAN\=1\ -DKASAN_TBI\=1\ -fsanitize\=kernel-hwaddress\ -mllvm\ -hwasan-recover\=0\ -mllvm\ -hwasan-instrument-atomics\=0\ -mllvm\ -hwasan-instrument-stack\=1\ -mllvm\ -hwasan-generate-tags-with-calls\=1\ -mllvm\ -hwasan-instrument-with-calls\=1\ -mllvm\ -hwasan-use-short-granules\=0\ -mllvm\ -hwasan-memory-access-callback-prefix\=__asan_
    export KASAN_DEFAULT_CFLAGS\=-DKASAN\=1\ -DKASAN_CLASSIC\=1\ -fsanitize\=address\ -mllvm\ -asan-globals-live-support\ -mllvm\ -asan-force-dynamic-shadow
    export KEEP_PRIVATE_EXTERNS\=NO
    export LD_DEPENDENCY_INFO_FILE\=/Users/ox/Documents/project/app-doorbell/build/remediation-parallel-20260922/ios9-arm64/Build/Intermediates.noindex/Doorbell.build/Release-iphoneos/DoorbellIOS9.build/Objects-normal/undefined_arch/DoorbellIOS9_dependency_info.dat
    export LD_EXPORT_SYMBOLS\=YES
    export LD_GENERATE_MAP_FILE\=NO
    export LD_MAP_FILE_PATH\=/Users/ox/Documents/project/app-doorbell/build/remediation-parallel-20260922/ios9-arm64/Build/Intermediates.noindex/Doorbell.build/Release-iphoneos/DoorbellIOS9.build/DoorbellIOS9-LinkMap-normal-undefined_arch.txt
    export LD_NO_PIE\=NO
    export LD_QUOTE_LINKER_ARGUMENTS_FOR_COMPILER_DRIVER\=YES
    export LD_RUNPATH_SEARCH_PATHS_YES\=@loader_path/../Frameworks
    export LD_SHARED_CACHE_ELIGIBLE\=Automatic
    export LD_WARN_DUPLICATE_LIBRARIES\=NO
    export LD_WARN_UNUSED_DYLIBS\=NO
    export LEGACY_DEVELOPER_DIR\=/Applications/Xcode.app/Contents/PlugIns/Xcode3Core.ideplugin/Contents/SharedSupport/Developer
    export LEX\=lex
    export LIBRARY_DEXT_INSTALL_PATH\=/Library/DriverExtensions
    export LIBRARY_FLAG_NOSPACE\=YES
    export LIBRARY_FLAG_PREFIX\=-l
    export LIBRARY_KEXT_INSTALL_PATH\=/Library/Extensions
    export LIBRARY_SEARCH_PATHS\=/Users/ox/Documents/project/app-doorbell/build/remediation-parallel-20260922/ios9-arm64/Build/Products/Release-iphoneos\ /Users/ox/Documents/project/app-doorbell/ios/build/core/iphoneos/arm64/min-9.0
    export LINKER_DISPLAYS_MANGLED_NAMES\=NO
    export LINK_FILE_LIST_normal_arm64\=/Users/ox/Documents/project/app-doorbell/build/remediation-parallel-20260922/ios9-arm64/Build/Intermediates.noindex/Doorbell.build/Release-iphoneos/DoorbellIOS9.build/Objects-normal/arm64/DoorbellIOS9.LinkFileList
    export LINK_OBJC_RUNTIME\=YES
    export LINK_WITH_STANDARD_LIBRARIES\=YES
    export LLVM_TARGET_TRIPLE_OS_VERSION\=ios9.0
    export LLVM_TARGET_TRIPLE_VENDOR\=apple
    export LM_AUX_CONST_METADATA_LIST_PATH_normal_arm64\=/Users/ox/Documents/project/app-doorbell/build/remediation-parallel-20260922/ios9-arm64/Build/Intermediates.noindex/Doorbell.build/Release-iphoneos/DoorbellIOS9.build/Objects-normal/arm64/DoorbellIOS9.SwiftConstValuesFileList
    export LOCALIZATION_EXPORT_SUPPORTED\=YES
    export LOCALIZATION_PREFERS_STRING_CATALOGS\=NO
    export LOCALIZED_RESOURCES_FOLDER_PATH\=DoorbellIOS9.app/ja.lproj
    export LOCALIZED_STRING_CODE_COMMENTS\=NO
    export LOCALIZED_STRING_MACRO_NAMES\=NSLocalizedString\ CFCopyLocalizedString
    export LOCALIZED_STRING_SWIFTUI_SUPPORT\=YES
    export LOCAL_ADMIN_APPS_DIR\=/Applications/Utilities
    export LOCAL_APPS_DIR\=/Applications
    export LOCAL_DEVELOPER_DIR\=/Library/Developer
    export LOCAL_LIBRARY_DIR\=/Library
    export LOCROOT\=/Users/ox/Documents/project/app-doorbell/ios
    export LOCSYMROOT\=/Users/ox/Documents/project/app-doorbell/ios
    export MACH_O_TYPE\=mh_execute
    export MAC_OS_X_PRODUCT_BUILD_VERSION\=25F80
    export MAC_OS_X_VERSION_ACTUAL\=260501
    export MAC_OS_X_VERSION_MAJOR\=260000
    export MAC_OS_X_VERSION_MINOR\=260500
    export MAKE_MERGEABLE\=NO
    export MERGEABLE_LIBRARY\=NO
    export MERGED_BINARY_TYPE\=none
    export MERGE_LINKED_LIBRARIES\=NO
    export METAL_LIBRARY_FILE_BASE\=default
    export METAL_LIBRARY_OUTPUT_DIR\=/Users/ox/Documents/project/app-doorbell/build/remediation-parallel-20260922/ios9-arm64/Build/Products/Release-iphoneos/DoorbellIOS9.app
    export MODULES_FOLDER_PATH\=DoorbellIOS9.app/Modules
    export MODULE_CACHE_DIR\=/Users/ox/Documents/project/app-doorbell/build/remediation-parallel-20260922/ios9-arm64/ModuleCache.noindex
    export NATIVE_ARCH\=arm64
    export NATIVE_ARCH_32_BIT\=arm
    export NATIVE_ARCH_64_BIT\=arm64
    export NATIVE_ARCH_ACTUAL\=arm64
    export NO_COMMON\=YES
    export OBJECT_FILE_DIR\=/Users/ox/Documents/project/app-doorbell/build/remediation-parallel-20260922/ios9-arm64/Build/Intermediates.noindex/Doorbell.build/Release-iphoneos/DoorbellIOS9.build/Objects
    export OBJECT_FILE_DIR_normal\=/Users/ox/Documents/project/app-doorbell/build/remediation-parallel-20260922/ios9-arm64/Build/Intermediates.noindex/Doorbell.build/Release-iphoneos/DoorbellIOS9.build/Objects-normal
    export OBJROOT\=/Users/ox/Documents/project/app-doorbell/build/remediation-parallel-20260922/ios9-arm64/Build/Intermediates.noindex
    export ONLY_ACTIVE_ARCH\=NO
    export OS\=MACOS
    export OSAC\=/usr/bin/osacompile
    export OTHER_LDFLAGS\=-ldoorbell_all\ -lc++\ -framework\ AVFoundation\ -framework\ AudioToolbox\ -framework\ CoreAudio\ -framework\ CoreMedia\ -framework\ CoreVideo\ -framework\ VideoToolbox\ -framework\ CFNetwork\ -framework\ Security\ -framework\ UIKit
    export PACKAGE_TYPE\=com.apple.package-type.wrapper.application
    export PASCAL_STRINGS\=YES
    export PATH\=/Applications/Xcode.app/Contents/SharedFrameworks/SwiftBuild.framework/Versions/A/PlugIns/SWBBuildService.bundle/Contents/PlugIns/SWBUniversalPlatformPlugin.bundle/Contents/Frameworks/SWBUniversalPlatform.framework/Resources:/Applications/Xcode.app/Contents/Developer/Toolchains/XcodeDefault.xctoolchain/usr/bin:/Applications/Xcode.app/Contents/Developer/Toolchains/XcodeDefault.xctoolchain/usr/local/bin:/Applications/Xcode.app/Contents/Developer/Toolchains/XcodeDefault.xctoolchain/usr/libexec:/Applications/Xcode.app/Contents/Developer/Platforms/iPhoneOS.platform/usr/bin:/Applications/Xcode.app/Contents/Developer/Platforms/iPhoneOS.platform/usr/local/bin:/Applications/Xcode.app/Contents/Developer/Platforms/iPhoneOS.platform/Developer/usr/bin:/Applications/Xcode.app/Contents/Developer/Platforms/iPhoneOS.platform/Developer/usr/local/bin:/Applications/Xcode.app/Contents/Developer/usr/bin:/Applications/Xcode.app/Contents/Developer/usr/local/bin:/Users/ox/.cargo/bin:/opt/homebrew/bin:/opt/homebrew/sbin:/usr/local/bin:/System/Cryptexes/App/usr/bin:/usr/bin:/bin:/usr/sbin:/sbin:/var/run/com.apple.security.cryptexd/codex.system/bootstrap/usr/local/bin:/var/run/com.apple.security.cryptexd/codex.system/bootstrap/usr/bin:/var/run/com.apple.security.cryptexd/codex.system/bootstrap/usr/appleinternal/bin:/pkg/env/global/bin:/Library/Apple/usr/bin:/Users/ox/.codex/tmp/arg0/codex-arg0LiedK2:/Users/ox/.cache/codex-runtimes/codex-primary-runtime/dependencies/bin/override:/Users/ox/Library/pnpm:/Users/ox/.orbstack/bin:/Users/ox/.lmstudio/bin:/Users/ox/.cache/codex-runtimes/codex-primary-runtime/dependencies/bin/fallback:/Applications/Codex.app/Contents/Resources
    export PATH_PREFIXES_EXCLUDED_FROM_HEADER_DEPENDENCIES\=/usr/include\ /usr/local/include\ /System/Library/Frameworks\ /System/Library/PrivateFrameworks\ /Applications/Xcode.app/Contents/Developer/Headers\ /Applications/Xcode.app/Contents/Developer/SDKs\ /Applications/Xcode.app/Contents/Developer/Platforms
    export PBDEVELOPMENTPLIST_PATH\=DoorbellIOS9.app/pbdevelopment.plist
    export PER_ARCH_MODULE_FILE_DIR\=/Users/ox/Documents/project/app-doorbell/build/remediation-parallel-20260922/ios9-arm64/Build/Intermediates.noindex/Doorbell.build/Release-iphoneos/DoorbellIOS9.build/Objects-normal/undefined_arch
    export PER_ARCH_OBJECT_FILE_DIR\=/Users/ox/Documents/project/app-doorbell/build/remediation-parallel-20260922/ios9-arm64/Build/Intermediates.noindex/Doorbell.build/Release-iphoneos/DoorbellIOS9.build/Objects-normal/undefined_arch
    export PER_VARIANT_OBJECT_FILE_DIR\=/Users/ox/Documents/project/app-doorbell/build/remediation-parallel-20260922/ios9-arm64/Build/Intermediates.noindex/Doorbell.build/Release-iphoneos/DoorbellIOS9.build/Objects-normal
    export PKGINFO_FILE_PATH\=/Users/ox/Documents/project/app-doorbell/build/remediation-parallel-20260922/ios9-arm64/Build/Intermediates.noindex/Doorbell.build/Release-iphoneos/DoorbellIOS9.build/PkgInfo
    export PKGINFO_PATH\=DoorbellIOS9.app/PkgInfo
    export PLATFORM_DEVELOPER_APPLICATIONS_DIR\=/Applications/Xcode.app/Contents/Developer/Platforms/iPhoneOS.platform/Developer/Applications
    export PLATFORM_DEVELOPER_BIN_DIR\=/Applications/Xcode.app/Contents/Developer/Platforms/iPhoneOS.platform/Developer/usr/bin
    export PLATFORM_DEVELOPER_LIBRARY_DIR\=/Applications/Xcode.app/Contents/Developer/Platforms/iPhoneOS.platform/Developer/Library
    export PLATFORM_DEVELOPER_SDK_DIR\=/Applications/Xcode.app/Contents/Developer/Platforms/iPhoneOS.platform/Developer/SDKs
    export PLATFORM_DEVELOPER_TOOLS_DIR\=/Applications/Xcode.app/Contents/Developer/Platforms/iPhoneOS.platform/Developer/Tools
    export PLATFORM_DEVELOPER_USR_DIR\=/Applications/Xcode.app/Contents/Developer/Platforms/iPhoneOS.platform/Developer/usr
    export PLATFORM_DIR\=/Applications/Xcode.app/Contents/Developer/Platforms/iPhoneOS.platform
    export PLATFORM_DISPLAY_NAME\=iOS
    export PLATFORM_FAMILY_NAME\=iOS
    export PLATFORM_NAME\=iphoneos
    export PLATFORM_PREFERRED_ARCH\=arm64
    export PLATFORM_PRODUCT_BUILD_VERSION\=23F81a
    export PLATFORM_REQUIRES_SWIFT_AUTOLINK_EXTRACT\=NO
    export PLATFORM_REQUIRES_SWIFT_MODULEWRAP\=NO
    export PLATFORM_USES_DSYMS\=YES
    export PLIST_FILE_OUTPUT_FORMAT\=binary
    export PLUGINS_FOLDER_PATH\=DoorbellIOS9.app/PlugIns
    export PRECOMPS_INCLUDE_HEADERS_FROM_BUILT_PRODUCTS_DIR\=YES
    export PRECOMP_DESTINATION_DIR\=/Users/ox/Documents/project/app-doorbell/build/remediation-parallel-20260922/ios9-arm64/Build/Intermediates.noindex/Doorbell.build/Release-iphoneos/DoorbellIOS9.build/PrefixHeaders
    export PRIVATE_HEADERS_FOLDER_PATH\=DoorbellIOS9.app/PrivateHeaders
    export PROCESSED_INFOPLIST_PATH\=/Users/ox/Documents/project/app-doorbell/build/remediation-parallel-20260922/ios9-arm64/Build/Intermediates.noindex/Doorbell.build/Release-iphoneos/DoorbellIOS9.build/Objects-normal/undefined_arch/Processed-Info.plist
    export PRODUCT_BUNDLE_IDENTIFIER\=jp.ox.doorbell
    export PRODUCT_BUNDLE_PACKAGE_TYPE\=APPL
    export PRODUCT_MODULE_NAME\=DoorbellIOS9
    export PRODUCT_NAME\=DoorbellIOS9
    export PRODUCT_SETTINGS_PATH\=/Users/ox/Documents/project/app-doorbell/ios/Doorbell/Info.plist
    export PRODUCT_TYPE\=com.apple.product-type.application
    export PROFILING_CODE\=NO
    export PROJECT\=Doorbell
    export PROJECT_DERIVED_FILE_DIR\=/Users/ox/Documents/project/app-doorbell/build/remediation-parallel-20260922/ios9-arm64/Build/Intermediates.noindex/Doorbell.build/DerivedSources
    export PROJECT_DIR\=/Users/ox/Documents/project/app-doorbell/ios
    export PROJECT_FILE_PATH\=/Users/ox/Documents/project/app-doorbell/ios/Doorbell.xcodeproj
    export PROJECT_GUID\=64d22189ff5b5ad0421604a35f6833e4
    export PROJECT_NAME\=Doorbell
    export PROJECT_TEMP_DIR\=/Users/ox/Documents/project/app-doorbell/build/remediation-parallel-20260922/ios9-arm64/Build/Intermediates.noindex/Doorbell.build
    export PROJECT_TEMP_ROOT\=/Users/ox/Documents/project/app-doorbell/build/remediation-parallel-20260922/ios9-arm64/Build/Intermediates.noindex
    export PROVISIONING_PROFILE_REQUIRED\=YES
    export PROVISIONING_PROFILE_REQUIRED_YES_YES\=YES
    export PROVISIONING_PROFILE_SUPPORTED\=YES
    export PUBLIC_HEADERS_FOLDER_PATH\=DoorbellIOS9.app/Headers
    export RECOMMENDED_IPHONEOS_DEPLOYMENT_TARGET\=15.0
    export RECURSIVE_SEARCH_PATHS_FOLLOW_SYMLINKS\=YES
    export REMOVE_CVS_FROM_RESOURCES\=YES
    export REMOVE_GIT_FROM_RESOURCES\=YES
    export REMOVE_HEADERS_FROM_EMBEDDED_BUNDLES\=YES
    export REMOVE_HG_FROM_RESOURCES\=YES
    export REMOVE_STATIC_EXECUTABLES_FROM_EMBEDDED_BUNDLES\=YES
    export REMOVE_SVN_FROM_RESOURCES\=YES
    export RESCHEDULE_INDEPENDENT_HEADERS_PHASES\=YES
    export REZ_COLLECTOR_DIR\=/Users/ox/Documents/project/app-doorbell/build/remediation-parallel-20260922/ios9-arm64/Build/Intermediates.noindex/Doorbell.build/Release-iphoneos/DoorbellIOS9.build/ResourceManagerResources
    export REZ_OBJECTS_DIR\=/Users/ox/Documents/project/app-doorbell/build/remediation-parallel-20260922/ios9-arm64/Build/Intermediates.noindex/Doorbell.build/Release-iphoneos/DoorbellIOS9.build/ResourceManagerResources/Objects
    export REZ_SEARCH_PATHS\=/Users/ox/Documents/project/app-doorbell/build/remediation-parallel-20260922/ios9-arm64/Build/Products/Release-iphoneos\ 
    export RPATH_ORIGIN\=@loader_path
    export RUNTIME_EXCEPTION_ALLOW_DYLD_ENVIRONMENT_VARIABLES\=NO
    export RUNTIME_EXCEPTION_ALLOW_JIT\=NO
    export RUNTIME_EXCEPTION_ALLOW_UNSIGNED_EXECUTABLE_MEMORY\=NO
    export RUNTIME_EXCEPTION_DEBUGGING_TOOL\=NO
    export RUNTIME_EXCEPTION_DISABLE_EXECUTABLE_PAGE_PROTECTION\=NO
    export RUNTIME_EXCEPTION_DISABLE_LIBRARY_VALIDATION\=NO
    export SCANNING_PCM_KEEP_CACHE_DIRECTORY\=YES
    export SCAN_ALL_SOURCE_FILES_FOR_INCLUDES\=NO
    export SCRIPTS_FOLDER_PATH\=DoorbellIOS9.app/Scripts
    export SCRIPT_INPUT_FILE_COUNT\=0
    export SCRIPT_INPUT_FILE_LIST_COUNT\=0
    export SCRIPT_OUTPUT_FILE_COUNT\=0
    export SCRIPT_OUTPUT_FILE_LIST_COUNT\=0
    export SDKROOT\=/Applications/Xcode.app/Contents/Developer/Platforms/iPhoneOS.platform/Developer/SDKs/iPhoneOS26.5.sdk
    export SDK_DIR\=/Applications/Xcode.app/Contents/Developer/Platforms/iPhoneOS.platform/Developer/SDKs/iPhoneOS26.5.sdk
    export SDK_DIR_iphoneos\=/Applications/Xcode.app/Contents/Developer/Platforms/iPhoneOS.platform/Developer/SDKs/iPhoneOS26.5.sdk
    export SDK_DIR_iphoneos26_5\=/Applications/Xcode.app/Contents/Developer/Platforms/iPhoneOS.platform/Developer/SDKs/iPhoneOS26.5.sdk
    export SDK_NAME\=iphoneos26.5
    export SDK_NAMES\=iphoneos26.5
    export SDK_PRODUCT_BUILD_VERSION\=23F81a
    export SDK_STAT_CACHE_DIR\=/Users/ox/Documents/project/app-doorbell/build/remediation-parallel-20260922/ios9-arm64
    export SDK_STAT_CACHE_ENABLE\=YES
    export SDK_STAT_CACHE_PATH\=/Users/ox/Documents/project/app-doorbell/build/remediation-parallel-20260922/ios9-arm64/SDKStatCaches.noindex/iphoneos26.5-23F81a-32daed1954a7d5dd0789fcaf2a9bb78b.sdkstatcache
    export SDK_VERSION\=26.5
    export SDK_VERSION_ACTUAL\=260500
    export SDK_VERSION_MAJOR\=260000
    export SDK_VERSION_MINOR\=260500
    export SED\=/usr/bin/sed
    export SEPARATE_STRIP\=NO
    export SEPARATE_SYMBOL_EDIT\=NO
    export SET_DIR_MODE_OWNER_GROUP\=YES
    export SET_FILE_MODE_OWNER_GROUP\=NO
    export SHALLOW_BUNDLE\=YES
    export SHALLOW_BUNDLE_TRIPLE\=ios
    export SHALLOW_BUNDLE_ios_macabi\=NO
    export SHALLOW_BUNDLE_macos\=NO
    export SHARED_DERIVED_FILE_DIR\=/Users/ox/Documents/project/app-doorbell/build/remediation-parallel-20260922/ios9-arm64/Build/Products/Release-iphoneos/DerivedSources
    export SHARED_FRAMEWORKS_FOLDER_PATH\=DoorbellIOS9.app/SharedFrameworks
    export SHARED_PRECOMPS_DIR\=/Users/ox/Documents/project/app-doorbell/build/remediation-parallel-20260922/ios9-arm64/Build/Intermediates.noindex/PrecompiledHeaders
    export SHARED_SUPPORT_FOLDER_PATH\=DoorbellIOS9.app/SharedSupport
    export SKIP_INSTALL\=NO
    export SKIP_MERGEABLE_LIBRARY_BUNDLE_HOOK\=NO
    export SOURCE_ROOT\=/Users/ox/Documents/project/app-doorbell/ios
    export SRCROOT\=/Users/ox/Documents/project/app-doorbell/ios
    export STRINGSDATA_DIR\=/Users/ox/Documents/project/app-doorbell/build/remediation-parallel-20260922/ios9-arm64/Build/Intermediates.noindex/Doorbell.build/Release-iphoneos/DoorbellIOS9.build/Objects-normal/undefined_arch
    export STRINGSDATA_ROOT\=/Users/ox/Documents/project/app-doorbell/build/remediation-parallel-20260922/ios9-arm64/Build/Intermediates.noindex/Doorbell.build/Release-iphoneos/DoorbellIOS9.build
    export STRINGS_FILE_INFOPLIST_RENAME\=YES
    export STRINGS_FILE_OUTPUT_ENCODING\=binary
    export STRING_CATALOG_GENERATE_SYMBOLS\=NO
    export STRIP_BITCODE_FROM_COPIED_FILES\=YES
    export STRIP_INSTALLED_PRODUCT\=YES
    export STRIP_STYLE\=all
    export STRIP_SWIFT_SYMBOLS\=YES
    export SUPPORTED_DEVICE_FAMILIES\=1,2
    export SUPPORTED_PLATFORMS\=iphoneos
    export SUPPORTS_MACCATALYST\=NO
    export SUPPORTS_MAC_DESIGNED_FOR_IPHONE_IPAD\=YES
    export SUPPORTS_ON_DEMAND_RESOURCES\=YES
    export SUPPORTS_TEXT_BASED_API\=NO
    export SUPPORTS_XR_DESIGNED_FOR_IPHONE_IPAD\=YES
    export SUPPRESS_WARNINGS\=NO
    export SWIFT_ACTIVE_COMPILATION_CONDITIONS\=\ IOS9_COMPAT
    export SWIFT_COMPILATION_MODE\=wholemodule
    export SWIFT_EMIT_CONST_VALUE_PROTOCOLS\=AnyResolverProviding\ AppEntity\ AppEnum\ AppExtension\ AppIntent\ AppIntentsPackage\ AppShortcutProviding\ AppShortcutsProvider\ AppUnionValue\ AppUnionValueCasesProviding\ DynamicOptionsProvider\ EntityQuery\ ExtensionPointDefining\ IntentValueQuery\ Resolver\ TransientEntity\ _AssistantIntentsProvider\ _GenerativeFunctionExtractable\ _IntentValueRepresentable
    export SWIFT_EMIT_LOC_STRINGS\=NO
    export SWIFT_ENABLE_EXPLICIT_MODULES\=YES
    export SWIFT_OBJC_BRIDGING_HEADER\=Doorbell/BridgingHeader.h
    export SWIFT_OPTIMIZATION_LEVEL\=-O
    export SWIFT_PLATFORM_TARGET_PREFIX\=ios
    export SWIFT_RESPONSE_FILE_PATH_normal_arm64\=/Users/ox/Documents/project/app-doorbell/build/remediation-parallel-20260922/ios9-arm64/Build/Intermediates.noindex/Doorbell.build/Release-iphoneos/DoorbellIOS9.build/Objects-normal/arm64/DoorbellIOS9.SwiftFileList
    export SWIFT_VERSION\=5.0
    export SYMROOT\=/Users/ox/Documents/project/app-doorbell/build/remediation-parallel-20260922/ios9-arm64/Build/Products
    export SYSTEM_ADMIN_APPS_DIR\=/Applications/Utilities
    export SYSTEM_APPS_DIR\=/Applications
    export SYSTEM_CORE_SERVICES_DIR\=/System/Library/CoreServices
    export SYSTEM_DEMOS_DIR\=/Applications/Extras
    export SYSTEM_DEVELOPER_APPS_DIR\=/Applications/Xcode.app/Contents/Developer/Applications
    export SYSTEM_DEVELOPER_BIN_DIR\=/Applications/Xcode.app/Contents/Developer/usr/bin
    export SYSTEM_DEVELOPER_DEMOS_DIR\=/Applications/Xcode.app/Contents/Developer/Applications/Utilities/Built\ Examples
    export SYSTEM_DEVELOPER_DIR\=/Applications/Xcode.app/Contents/Developer
    export SYSTEM_DEVELOPER_DOC_DIR\=/Applications/Xcode.app/Contents/Developer/ADC\ Reference\ Library
    export SYSTEM_DEVELOPER_GRAPHICS_TOOLS_DIR\=/Applications/Xcode.app/Contents/Developer/Applications/Graphics\ Tools
    export SYSTEM_DEVELOPER_JAVA_TOOLS_DIR\=/Applications/Xcode.app/Contents/Developer/Applications/Java\ Tools
    export SYSTEM_DEVELOPER_PERFORMANCE_TOOLS_DIR\=/Applications/Xcode.app/Contents/Developer/Applications/Performance\ Tools
    export SYSTEM_DEVELOPER_RELEASENOTES_DIR\=/Applications/Xcode.app/Contents/Developer/ADC\ Reference\ Library/releasenotes
    export SYSTEM_DEVELOPER_TOOLS\=/Applications/Xcode.app/Contents/Developer/Tools
    export SYSTEM_DEVELOPER_TOOLS_DOC_DIR\=/Applications/Xcode.app/Contents/Developer/ADC\ Reference\ Library/documentation/DeveloperTools
    export SYSTEM_DEVELOPER_TOOLS_RELEASENOTES_DIR\=/Applications/Xcode.app/Contents/Developer/ADC\ Reference\ Library/releasenotes/DeveloperTools
    export SYSTEM_DEVELOPER_USR_DIR\=/Applications/Xcode.app/Contents/Developer/usr
    export SYSTEM_DEVELOPER_UTILITIES_DIR\=/Applications/Xcode.app/Contents/Developer/Applications/Utilities
    export SYSTEM_DEXT_INSTALL_PATH\=/System/Library/DriverExtensions
    export SYSTEM_DOCUMENTATION_DIR\=/Library/Documentation
    export SYSTEM_EXTENSIONS_FOLDER_PATH\=DoorbellIOS9.app/SystemExtensions
    export SYSTEM_EXTENSIONS_FOLDER_PATH_SHALLOW_BUNDLE_NO\=DoorbellIOS9.app/Library/SystemExtensions
    export SYSTEM_EXTENSIONS_FOLDER_PATH_SHALLOW_BUNDLE_YES\=DoorbellIOS9.app/SystemExtensions
    export SYSTEM_KEXT_INSTALL_PATH\=/System/Library/Extensions
    export SYSTEM_LIBRARY_DIR\=/System/Library
    export TAPI_DEMANGLE\=YES
    export TAPI_ENABLE_PROJECT_HEADERS\=NO
    export TAPI_LANGUAGE\=objective-c
    export TAPI_LANGUAGE_STANDARD\=compiler-default
    export TAPI_USE_SRCROOT\=YES
    export TAPI_VERIFY_MODE\=Pedantic
    export TARGETED_DEVICE_FAMILY\=1,2
    export TARGETNAME\=DoorbellIOS9
    export TARGET_BUILD_DIR\=/Users/ox/Documents/project/app-doorbell/build/remediation-parallel-20260922/ios9-arm64/Build/Products/Release-iphoneos
    export TARGET_NAME\=DoorbellIOS9
    export TARGET_TEMP_DIR\=/Users/ox/Documents/project/app-doorbell/build/remediation-parallel-20260922/ios9-arm64/Build/Intermediates.noindex/Doorbell.build/Release-iphoneos/DoorbellIOS9.build
    export TEMP_DIR\=/Users/ox/Documents/project/app-doorbell/build/remediation-parallel-20260922/ios9-arm64/Build/Intermediates.noindex/Doorbell.build/Release-iphoneos/DoorbellIOS9.build
    export TEMP_FILES_DIR\=/Users/ox/Documents/project/app-doorbell/build/remediation-parallel-20260922/ios9-arm64/Build/Intermediates.noindex/Doorbell.build/Release-iphoneos/DoorbellIOS9.build
    export TEMP_FILE_DIR\=/Users/ox/Documents/project/app-doorbell/build/remediation-parallel-20260922/ios9-arm64/Build/Intermediates.noindex/Doorbell.build/Release-iphoneos/DoorbellIOS9.build
    export TEMP_ROOT\=/Users/ox/Documents/project/app-doorbell/build/remediation-parallel-20260922/ios9-arm64/Build/Intermediates.noindex
    export TEMP_SANDBOX_DIR\=/Users/ox/Documents/project/app-doorbell/build/remediation-parallel-20260922/ios9-arm64/Build/Intermediates.noindex/TemporaryTaskSandboxes
    export TEST_FRAMEWORK_SEARCH_PATHS\=\ /Applications/Xcode.app/Contents/Developer/Platforms/iPhoneOS.platform/Developer/Library/Frameworks\ /Applications/Xcode.app/Contents/Developer/Platforms/iPhoneOS.platform/Developer/SDKs/iPhoneOS26.5.sdk/Developer/Library/Frameworks
    export TEST_LIBRARY_SEARCH_PATHS\=\ /Applications/Xcode.app/Contents/Developer/Platforms/iPhoneOS.platform/Developer/usr/lib
    export TOOLCHAINS\=com.apple.dt.toolchain.XcodeDefault
    export TOOLCHAIN_DIR\=/Applications/Xcode.app/Contents/Developer/Toolchains/XcodeDefault.xctoolchain
    export TREAT_MISSING_BASELINES_AS_TEST_FAILURES\=NO
    export TREAT_MISSING_SCRIPT_PHASE_OUTPUTS_AS_ERRORS\=NO
    export UID\=501
    export UNINSTALLED_PRODUCTS_DIR\=/Users/ox/Documents/project/app-doorbell/build/remediation-parallel-20260922/ios9-arm64/Build/Intermediates.noindex/UninstalledProducts
    export UNLOCALIZED_RESOURCES_FOLDER_PATH\=DoorbellIOS9.app
    export UNLOCALIZED_RESOURCES_FOLDER_PATH_SHALLOW_BUNDLE_NO\=DoorbellIOS9.app/Resources
    export UNLOCALIZED_RESOURCES_FOLDER_PATH_SHALLOW_BUNDLE_YES\=DoorbellIOS9.app
    export UNSTRIPPED_PRODUCT\=NO
    export USER\=ox
    export USER_APPS_DIR\=/Users/ox/Applications
    export USER_LIBRARY_DIR\=/Users/ox/Library
    export USE_DYNAMIC_NO_PIC\=YES
    export USE_HEADERMAP\=YES
    export USE_HEADER_SYMLINKS\=NO
    export VALIDATE_DEVELOPMENT_ASSET_PATHS\=YES_ERROR
    export VALIDATE_PRODUCT\=YES
    export VALID_ARCHS\=arm64
    export VERBOSE_PBXCP\=NO
    export VERSIONPLIST_PATH\=DoorbellIOS9.app/version.plist
    export VERSION_INFO_BUILDER\=ox
    export VERSION_INFO_FILE\=DoorbellIOS9_vers.c
    export VERSION_INFO_STRING\=\"@\(\#\)PROGRAM:DoorbellIOS9\ \ PROJECT:Doorbell-\"
    export WORKSPACE_DIR\=/Users/ox/Documents/project/app-doorbell/ios/Doorbell.xcodeproj
    export WRAPPER_EXTENSION\=app
    export WRAPPER_NAME\=DoorbellIOS9.app
    export WRAPPER_SUFFIX\=.app
    export WRAP_ASSET_PACKS_IN_SEPARATE_DIRECTORIES\=NO
    export XCODE_APP_SUPPORT_DIR\=/Applications/Xcode.app/Contents/Developer/Library/Xcode
    export XCODE_PRODUCT_BUILD_VERSION\=17F113
    export XCODE_VERSION_ACTUAL\=2660
    export XCODE_VERSION_MAJOR\=2600
    export XCODE_VERSION_MINOR\=2660
    export XPCSERVICES_FOLDER_PATH\=DoorbellIOS9.app/XPCServices
    export YACC\=yacc
    export _DISCOVER_COMMAND_LINE_LINKER_INPUTS\=YES
    export _DISCOVER_COMMAND_LINE_LINKER_INPUTS_INCLUDE_WL\=YES
    export _LD_MULTIARCH\=YES
    export _WRAPPER_CONTENTS_DIR_SHALLOW_BUNDLE_NO\=/Contents
    export _WRAPPER_PARENT_PATH_SHALLOW_BUNDLE_NO\=/..
    export _WRAPPER_RESOURCES_DIR_SHALLOW_BUNDLE_NO\=/Resources
    export __DIAGNOSE_DEPRECATED_ARCHS\=YES
    export __IS_NOT_MACOS\=YES
    export __IS_NOT_MACOS_macosx\=NO
    export __IS_NOT_SIMULATOR\=YES
    export __IS_NOT_SIMULATOR_simulator\=NO
    export __ORIGINAL_SDK_DEFINED_LLVM_TARGET_TRIPLE_SYS\=ios
    export arch\=undefined_arch
    export variant\=normal
    /bin/sh -c /Users/ox/Documents/project/app-doorbell/build/remediation-parallel-20260922/ios9-arm64/Build/Intermediates.noindex/Doorbell.build/Release-iphoneos/DoorbellIOS9.build/Script-D90000000000000000000004.sh
-- PJSIP: /Users/ox/Documents/project/app-doorbell/ios/../core/third_party/pjsip/ios/iphoneos/arm64/min-9.0 (arm64-apple-darwin_ios)
-- Configuring done (0.2s)
-- Generating done (0.0s)
CMake Warning (unused-cli):
  Manually-specified variables were not used by the project:

    CMAKE_TOOLCHAIN_FILE


-- Build files have been written to: /Users/ox/Documents/project/app-doorbell/ios/build/core/iphoneos/arm64/min-9.0
[ 25%] Built target db_third_party
[100%] Built target doorbell_core
ok: /Users/ox/Documents/project/app-doorbell/ios/build/core/iphoneos/arm64/min-9.0/libdoorbell_all.a (21 archives, real_pjsip, minimum OS 9.0)

SwiftDriver DoorbellIOS9 normal arm64 com.apple.xcode.tools.swift.compiler (in target 'DoorbellIOS9' from project 'Doorbell')
    cd /Users/ox/Documents/project/app-doorbell/ios
    builtin-SwiftDriver -- /Applications/Xcode.app/Contents/Developer/Toolchains/XcodeDefault.xctoolchain/usr/bin/swiftc -module-name DoorbellIOS9 -O -whole-module-optimization @/Users/ox/Documents/project/app-doorbell/build/remediation-parallel-20260922/ios9-arm64/Build/Intermediates.noindex/Doorbell.build/Release-iphoneos/DoorbellIOS9.build/Objects-normal/arm64/DoorbellIOS9.SwiftFileList -DIOS9_COMPAT -enable-bare-slash-regex -enable-experimental-feature DebugDescriptionMacro -sdk /Applications/Xcode.app/Contents/Developer/Platforms/iPhoneOS.platform/Developer/SDKs/iPhoneOS26.5.sdk -target arm64-apple-ios9.0 -g -module-cache-path /Users/ox/Documents/project/app-doorbell/build/remediation-parallel-20260922/ios9-arm64/ModuleCache.noindex -Xfrontend -serialize-debugging-options -swift-version 5 -I /Users/ox/Documents/project/app-doorbell/build/remediation-parallel-20260922/ios9-arm64/Build/Products/Release-iphoneos -F /Users/ox/Documents/project/app-doorbell/build/remediation-parallel-20260922/ios9-arm64/Build/Products/Release-iphoneos -c -num-threads 10 -Xcc -ivfsstatcache -Xcc /Users/ox/Documents/project/app-doorbell/build/remediation-parallel-20260922/ios9-arm64/SDKStatCaches.noindex/iphoneos26.5-23F81a-32daed1954a7d5dd0789fcaf2a9bb78b.sdkstatcache -output-file-map /Users/ox/Documents/project/app-doorbell/build/remediation-parallel-20260922/ios9-arm64/Build/Intermediates.noindex/Doorbell.build/Release-iphoneos/DoorbellIOS9.build/Objects-normal/arm64/DoorbellIOS9-OutputFileMap.json -use-frontend-parseable-output -save-temps -no-color-diagnostics -explicit-module-build -module-cache-path /Users/ox/Documents/project/app-doorbell/build/remediation-parallel-20260922/ios9-arm64/Build/Intermediates.noindex/SwiftExplicitPrecompiledModules -clang-scanner-module-cache-path /Users/ox/Documents/project/app-doorbell/build/remediation-parallel-20260922/ios9-arm64/ModuleCache.noindex -sdk-module-cache-path /Users/ox/Documents/project/app-doorbell/build/remediation-parallel-20260922/ios9-arm64/ModuleCache.noindex -serialize-diagnostics -emit-dependencies -emit-module -emit-module-path /Users/ox/Documents/project/app-doorbell/build/remediation-parallel-20260922/ios9-arm64/Build/Intermediates.noindex/Doorbell.build/Release-iphoneos/DoorbellIOS9.build/Objects-normal/arm64/DoorbellIOS9.swiftmodule -validate-clang-modules-once -clang-build-session-file /Users/ox/Documents/project/app-doorbell/build/remediation-parallel-20260922/ios9-arm64/ModuleCache.noindex/Session.modulevalidation -Xcc -I/Users/ox/Documents/project/app-doorbell/build/remediation-parallel-20260922/ios9-arm64/Build/Intermediates.noindex/Doorbell.build/Release-iphoneos/DoorbellIOS9.build/swift-overrides.hmap -emit-const-values -Xfrontend -const-gather-protocols-file -Xfrontend /Users/ox/Documents/project/app-doorbell/build/remediation-parallel-20260922/ios9-arm64/Build/Intermediates.noindex/Doorbell.build/Release-iphoneos/DoorbellIOS9.build/Objects-normal/arm64/DoorbellIOS9_const_extract_protocols.json -Xcc -iquote -Xcc /Users/ox/Documents/project/app-doorbell/build/remediation-parallel-20260922/ios9-arm64/Build/Intermediates.noindex/Doorbell.build/Release-iphoneos/DoorbellIOS9.build/DoorbellIOS9-generated-files.hmap -Xcc -I/Users/ox/Documents/project/app-doorbell/build/remediation-parallel-20260922/ios9-arm64/Build/Intermediates.noindex/Doorbell.build/Release-iphoneos/DoorbellIOS9.build/DoorbellIOS9-own-target-headers.hmap -Xcc -I/Users/ox/Documents/project/app-doorbell/build/remediation-parallel-20260922/ios9-arm64/Build/Intermediates.noindex/Doorbell.build/Release-iphoneos/DoorbellIOS9.build/DoorbellIOS9-all-target-headers.hmap -Xcc -iquote -Xcc /Users/ox/Documents/project/app-doorbell/build/remediation-parallel-20260922/ios9-arm64/Build/Intermediates.noindex/Doorbell.build/Release-iphoneos/DoorbellIOS9.build/DoorbellIOS9-project-headers.hmap -Xcc -I/Users/ox/Documents/project/app-doorbell/build/remediation-parallel-20260922/ios9-arm64/Build/Products/Release-iphoneos/include -Xcc -I/Users/ox/Documents/project/app-doorbell/core/include -Xcc -I/Users/ox/Documents/project/app-doorbell/build/remediation-parallel-20260922/ios9-arm64/Build/Intermediates.noindex/Doorbell.build/Release-iphoneos/DoorbellIOS9.build/DerivedSources-normal/arm64 -Xcc -I/Users/ox/Documents/project/app-doorbell/build/remediation-parallel-20260922/ios9-arm64/Build/Intermediates.noindex/Doorbell.build/Release-iphoneos/DoorbellIOS9.build/DerivedSources/arm64 -Xcc -I/Users/ox/Documents/project/app-doorbell/build/remediation-parallel-20260922/ios9-arm64/Build/Intermediates.noindex/Doorbell.build/Release-iphoneos/DoorbellIOS9.build/DerivedSources -emit-objc-header -emit-objc-header-path /Users/ox/Documents/project/app-doorbell/build/remediation-parallel-20260922/ios9-arm64/Build/Intermediates.noindex/Doorbell.build/Release-iphoneos/DoorbellIOS9.build/Objects-normal/arm64/DoorbellIOS9-Swift.h -import-objc-header /Users/ox/Documents/project/app-doorbell/ios/Doorbell/BridgingHeader.h -working-directory /Users/ox/Documents/project/app-doorbell/ios -no-emit-module-separately-wmo

SwiftDriver\ Compilation DoorbellIOS9 normal arm64 com.apple.xcode.tools.swift.compiler (in target 'DoorbellIOS9' from project 'Doorbell')
    cd /Users/ox/Documents/project/app-doorbell/ios
    builtin-Swift-Compilation -- /Applications/Xcode.app/Contents/Developer/Toolchains/XcodeDefault.xctoolchain/usr/bin/swiftc -module-name DoorbellIOS9 -O -whole-module-optimization @/Users/ox/Documents/project/app-doorbell/build/remediation-parallel-20260922/ios9-arm64/Build/Intermediates.noindex/Doorbell.build/Release-iphoneos/DoorbellIOS9.build/Objects-normal/arm64/DoorbellIOS9.SwiftFileList -DIOS9_COMPAT -enable-bare-slash-regex -enable-experimental-feature DebugDescriptionMacro -sdk /Applications/Xcode.app/Contents/Developer/Platforms/iPhoneOS.platform/Developer/SDKs/iPhoneOS26.5.sdk -target arm64-apple-ios9.0 -g -module-cache-path /Users/ox/Documents/project/app-doorbell/build/remediation-parallel-20260922/ios9-arm64/ModuleCache.noindex -Xfrontend -serialize-debugging-options -swift-version 5 -I /Users/ox/Documents/project/app-doorbell/build/remediation-parallel-20260922/ios9-arm64/Build/Products/Release-iphoneos -F /Users/ox/Documents/project/app-doorbell/build/remediation-parallel-20260922/ios9-arm64/Build/Products/Release-iphoneos -c -num-threads 10 -Xcc -ivfsstatcache -Xcc /Users/ox/Documents/project/app-doorbell/build/remediation-parallel-20260922/ios9-arm64/SDKStatCaches.noindex/iphoneos26.5-23F81a-32daed1954a7d5dd0789fcaf2a9bb78b.sdkstatcache -output-file-map /Users/ox/Documents/project/app-doorbell/build/remediation-parallel-20260922/ios9-arm64/Build/Intermediates.noindex/Doorbell.build/Release-iphoneos/DoorbellIOS9.build/Objects-normal/arm64/DoorbellIOS9-OutputFileMap.json -use-frontend-parseable-output -save-temps -no-color-diagnostics -explicit-module-build -module-cache-path /Users/ox/Documents/project/app-doorbell/build/remediation-parallel-20260922/ios9-arm64/Build/Intermediates.noindex/SwiftExplicitPrecompiledModules -clang-scanner-module-cache-path /Users/ox/Documents/project/app-doorbell/build/remediation-parallel-20260922/ios9-arm64/ModuleCache.noindex -sdk-module-cache-path /Users/ox/Documents/project/app-doorbell/build/remediation-parallel-20260922/ios9-arm64/ModuleCache.noindex -serialize-diagnostics -emit-dependencies -emit-module -emit-module-path /Users/ox/Documents/project/app-doorbell/build/remediation-parallel-20260922/ios9-arm64/Build/Intermediates.noindex/Doorbell.build/Release-iphoneos/DoorbellIOS9.build/Objects-normal/arm64/DoorbellIOS9.swiftmodule -validate-clang-modules-once -clang-build-session-file /Users/ox/Documents/project/app-doorbell/build/remediation-parallel-20260922/ios9-arm64/ModuleCache.noindex/Session.modulevalidation -Xcc -I/Users/ox/Documents/project/app-doorbell/build/remediation-parallel-20260922/ios9-arm64/Build/Intermediates.noindex/Doorbell.build/Release-iphoneos/DoorbellIOS9.build/swift-overrides.hmap -emit-const-values -Xfrontend -const-gather-protocols-file -Xfrontend /Users/ox/Documents/project/app-doorbell/build/remediation-parallel-20260922/ios9-arm64/Build/Intermediates.noindex/Doorbell.build/Release-iphoneos/DoorbellIOS9.build/Objects-normal/arm64/DoorbellIOS9_const_extract_protocols.json -Xcc -iquote -Xcc /Users/ox/Documents/project/app-doorbell/build/remediation-parallel-20260922/ios9-arm64/Build/Intermediates.noindex/Doorbell.build/Release-iphoneos/DoorbellIOS9.build/DoorbellIOS9-generated-files.hmap -Xcc -I/Users/ox/Documents/project/app-doorbell/build/remediation-parallel-20260922/ios9-arm64/Build/Intermediates.noindex/Doorbell.build/Release-iphoneos/DoorbellIOS9.build/DoorbellIOS9-own-target-headers.hmap -Xcc -I/Users/ox/Documents/project/app-doorbell/build/remediation-parallel-20260922/ios9-arm64/Build/Intermediates.noindex/Doorbell.build/Release-iphoneos/DoorbellIOS9.build/DoorbellIOS9-all-target-headers.hmap -Xcc -iquote -Xcc /Users/ox/Documents/project/app-doorbell/build/remediation-parallel-20260922/ios9-arm64/Build/Intermediates.noindex/Doorbell.build/Release-iphoneos/DoorbellIOS9.build/DoorbellIOS9-project-headers.hmap -Xcc -I/Users/ox/Documents/project/app-doorbell/build/remediation-parallel-20260922/ios9-arm64/Build/Products/Release-iphoneos/include -Xcc -I/Users/ox/Documents/project/app-doorbell/core/include -Xcc -I/Users/ox/Documents/project/app-doorbell/build/remediation-parallel-20260922/ios9-arm64/Build/Intermediates.noindex/Doorbell.build/Release-iphoneos/DoorbellIOS9.build/DerivedSources-normal/arm64 -Xcc -I/Users/ox/Documents/project/app-doorbell/build/remediation-parallel-20260922/ios9-arm64/Build/Intermediates.noindex/Doorbell.build/Release-iphoneos/DoorbellIOS9.build/DerivedSources/arm64 -Xcc -I/Users/ox/Documents/project/app-doorbell/build/remediation-parallel-20260922/ios9-arm64/Build/Intermediates.noindex/Doorbell.build/Release-iphoneos/DoorbellIOS9.build/DerivedSources -emit-objc-header -emit-objc-header-path /Users/ox/Documents/project/app-doorbell/build/remediation-parallel-20260922/ios9-arm64/Build/Intermediates.noindex/Doorbell.build/Release-iphoneos/DoorbellIOS9.build/Objects-normal/arm64/DoorbellIOS9-Swift.h -import-objc-header /Users/ox/Documents/project/app-doorbell/ios/Doorbell/BridgingHeader.h -working-directory /Users/ox/Documents/project/app-doorbell/ios -no-emit-module-separately-wmo

SwiftGeneratePch normal arm64 Compiling\ bridging\ header (in target 'DoorbellIOS9' from project 'Doorbell')

SwiftDriverJobDiscovery normal arm64 Compiling bridging header (in target 'DoorbellIOS9' from project 'Doorbell')

SwiftCompile normal arm64 Compiling\ DoorbellTheme.swift,\ DoorbellClock.swift,\ ConfigWriter.swift,\ SosSlideControl.swift,\ NoticeSupport.swift,\ CallHistory.swift,\ SettingsForm.swift,\ SettingsViewController.swift,\ AdminQrView.swift,\ DashboardView.swift,\ VisitorScreenView.swift,\ PairingSupport.swift,\ PairingViewController.swift,\ AddDeviceViewController.swift,\ PairingScannerViewController.swift,\ AppDelegate.swift,\ MainViewController.swift,\ IncomingViewController.swift,\ CallRevisionLifecycle.swift,\ AdminPinViewController.swift,\ CoreBridge.swift,\ CoreEventDispatchGate.swift,\ ConfigBatchFallbackPolicy.swift,\ RuntimeSupervisor.swift,\ KeepaliveClient.swift,\ MainRunLoopHangSentinel.swift,\ MonitorViewController.swift,\ AdaptiveH264MjpegPlayer.swift,\ UIStyleApplier.swift,\ IOSAvailability.swift,\ BootConfig.swift,\ Texts.swift,\ ConfigUtil.swift,\ ConfigUtilColors.swift,\ ClusterCounters.swift,\ MjpegClient.swift,\ H264SampleLayerPlayer.swift,\ Fmp4Demuxer.swift,\ MjpegPartAssembler.swift,\ SirenPlayer.swift,\ CameraFeeder.swift,\ VideoEncoderVT.swift,\ GeneratedAssetSymbols.swift /Users/ox/Documents/project/app-doorbell/ios/Doorbell/DoorbellTheme.swift /Users/ox/Documents/project/app-doorbell/ios/Doorbell/DoorbellClock.swift /Users/ox/Documents/project/app-doorbell/ios/Doorbell/ConfigWriter.swift /Users/ox/Documents/project/app-doorbell/ios/Doorbell/SosSlideControl.swift /Users/ox/Documents/project/app-doorbell/ios/Doorbell/NoticeSupport.swift /Users/ox/Documents/project/app-doorbell/ios/Doorbell/CallHistory.swift /Users/ox/Documents/project/app-doorbell/ios/Doorbell/SettingsForm.swift /Users/ox/Documents/project/app-doorbell/ios/Doorbell/SettingsViewController.swift /Users/ox/Documents/project/app-doorbell/ios/Doorbell/AdminQrView.swift /Users/ox/Documents/project/app-doorbell/ios/Doorbell/DashboardView.swift /Users/ox/Documents/project/app-doorbell/ios/Doorbell/VisitorScreenView.swift /Users/ox/Documents/project/app-doorbell/ios/Doorbell/PairingSupport.swift /Users/ox/Documents/project/app-doorbell/ios/Doorbell/PairingViewController.swift /Users/ox/Documents/project/app-doorbell/ios/Doorbell/AddDeviceViewController.swift /Users/ox/Documents/project/app-doorbell/ios/Doorbell/PairingScannerViewController.swift /Users/ox/Documents/project/app-doorbell/ios/Doorbell/AppDelegate.swift /Users/ox/Documents/project/app-doorbell/ios/Doorbell/MainViewController.swift /Users/ox/Documents/project/app-doorbell/ios/Doorbell/IncomingViewController.swift /Users/ox/Documents/project/app-doorbell/ios/Doorbell/CallRevisionLifecycle.swift /Users/ox/Documents/project/app-doorbell/ios/Doorbell/AdminPinViewController.swift /Users/ox/Documents/project/app-doorbell/ios/Doorbell/CoreBridge.swift /Users/ox/Documents/project/app-doorbell/ios/Doorbell/CoreEventDispatchGate.swift /Users/ox/Documents/project/app-doorbell/ios/Doorbell/ConfigBatchFallbackPolicy.swift /Users/ox/Documents/project/app-doorbell/ios/Doorbell/RuntimeSupervisor.swift /Users/ox/Documents/project/app-doorbell/ios/Doorbell/KeepaliveClient.swift /Users/ox/Documents/project/app-doorbell/ios/Doorbell/MainRunLoopHangSentinel.swift /Users/ox/Documents/project/app-doorbell/ios/Doorbell/MonitorViewController.swift /Users/ox/Documents/project/app-doorbell/ios/Doorbell/AdaptiveH264MjpegPlayer.swift /Users/ox/Documents/project/app-doorbell/ios/Doorbell/UIStyleApplier.swift /Users/ox/Documents/project/app-doorbell/ios/Doorbell/IOSAvailability.swift /Users/ox/Documents/project/app-doorbell/ios/Doorbell/BootConfig.swift /Users/ox/Documents/project/app-doorbell/ios/Doorbell/Texts.swift /Users/ox/Documents/project/app-doorbell/ios/Doorbell/ConfigUtil.swift /Users/ox/Documents/project/app-doorbell/ios/Doorbell/ConfigUtilColors.swift /Users/ox/Documents/project/app-doorbell/ios/Doorbell/ClusterCounters.swift /Users/ox/Documents/project/app-doorbell/ios/Doorbell/MjpegClient.swift /Users/ox/Documents/project/app-doorbell/ios/Doorbell/H264SampleLayerPlayer.swift /Users/ox/Documents/project/app-doorbell/ios/Doorbell/Fmp4Demuxer.swift /Users/ox/Documents/project/app-doorbell/ios/Doorbell/MjpegPartAssembler.swift /Users/ox/Documents/project/app-doorbell/ios/Doorbell/SirenPlayer.swift /Users/ox/Documents/project/app-doorbell/ios/Doorbell/CameraFeeder.swift /Users/ox/Documents/project/app-doorbell/ios/Doorbell/VideoEncoderVT.swift /Users/ox/Documents/project/app-doorbell/build/remediation-parallel-20260922/ios9-arm64/Build/Intermediates.noindex/Doorbell.build/Release-iphoneos/DoorbellIOS9.build/DerivedSources/GeneratedAssetSymbols.swift /Applications/Xcode.app/Contents/Developer/Toolchains/XcodeDefault.xctoolchain/usr/lib/swift/iphoneos/prebuilt-modules/26.5/Dispatch.swiftmodule/arm64e-apple-ios.swiftmodule /Applications/Xcode.app/Contents/Developer/Toolchains/XcodeDefault.xctoolchain/usr/lib/swift/iphoneos/prebuilt-modules/26.5/_Builtin_float.swiftmodule/arm64e-apple-ios.swiftmodule /Applications/Xcode.app/Contents/Developer/Toolchains/XcodeDefault.xctoolchain/usr/lib/swift/iphoneos/prebuilt-modules/26.5/SwiftUI.swiftmodule/arm64e-apple-ios.swiftmodule /Applications/Xcode.app/Contents/Developer/Toolchains/XcodeDefault.xctoolchain/usr/lib/swift/iphoneos/prebuilt-modules/26.5/_DarwinFoundation1.swiftmodule/arm64e-apple-ios.swiftmodule /Applications/Xcode.app/Contents/Developer/Toolchains/XcodeDefault.xctoolchain/usr/lib/swift/iphoneos/prebuilt-modules/26.5/CoreMIDI.swiftmodule/arm64e-apple-ios.swiftmodule /Applications/Xcode.app/Contents/Developer/Toolchains/XcodeDefault.xctoolchain/usr/lib/swift/iphoneos/prebuilt-modules/26.5/Spatial.swiftmodule/arm64e-apple-ios.swiftmodule /Applications/Xcode.app/Contents/Developer/Toolchains/XcodeDefault.xctoolchain/usr/lib/swift/iphoneos/prebuilt-modules/26.5/CoreAudio.swiftmodule/arm64e-apple-ios.swiftmodule /Applications/Xcode.app/Contents/Developer/Toolchains/XcodeDefault.xctoolchain/usr/lib/swift/iphoneos/prebuilt-modules/26.5/CoreTransferable.swiftmodule/arm64e-apple-ios.swiftmodule /Applications/Xcode.app/Contents/Developer/Toolchains/XcodeDefault.xctoolchain/usr/lib/swift/iphoneos/prebuilt-modules/26.5/CoreFoundation.swiftmodule/arm64e-apple-ios.swiftmodule /Applications/Xcode.app/Contents/Developer/Toolchains/XcodeDefault.xctoolchain/usr/lib/swift/iphoneos/prebuilt-modules/26.5/QuartzCore.swiftmodule/arm64e-apple-ios.swiftmodule /Applications/Xcode.app/Contents/Developer/Toolchains/XcodeDefault.xctoolchain/usr/lib/swift/iphoneos/prebuilt-modules/26.5/_Concurrency.swiftmodule/arm64e-apple-ios.swiftmodule /Applications/Xcode.app/Contents/Developer/Toolchains/XcodeDefault.xctoolchain/usr/lib/swift/iphoneos/prebuilt-modules/26.5/DataDetection.swiftmodule/arm64e-apple-ios.swiftmodule /Applications/Xcode.app/Contents/Developer/Toolchains/XcodeDefault.xctoolchain/usr/lib/swift/iphoneos/prebuilt-modules/26.5/simd.swiftmodule/arm64e-apple-ios.swiftmodule /Applications/Xcode.app/Contents/Developer/Toolchains/XcodeDefault.xctoolchain/usr/lib/swift/iphoneos/prebuilt-modules/26.5/Combine.swiftmodule/arm64e-apple-ios.swiftmodule /Applications/Xcode.app/Contents/Developer/Toolchains/XcodeDefault.xctoolchain/usr/lib/swift/iphoneos/prebuilt-modules/26.5/AVFoundation.swiftmodule/arm64e-apple-ios.swiftmodule /Applications/Xcode.app/Contents/Developer/Toolchains/XcodeDefault.xctoolchain/usr/lib/swift/iphoneos/prebuilt-modules/26.5/_StringProcessing.swiftmodule/arm64e-apple-ios.swiftmodule /Applications/Xcode.app/Contents/Developer/Toolchains/XcodeDefault.xctoolchain/usr/lib/swift/iphoneos/prebuilt-modules/26.5/ObjectiveC.swiftmodule/arm64e-apple-ios.swiftmodule /Applications/Xcode.app/Contents/Developer/Toolchains/XcodeDefault.xctoolchain/usr/lib/swift/iphoneos/prebuilt-modules/26.5/AVFAudio.swiftmodule/arm64e-apple-ios.swiftmodule /Applications/Xcode.app/Contents/Developer/Toolchains/XcodeDefault.xctoolchain/usr/lib/swift/iphoneos/prebuilt-modules/26.5/CoreText.swiftmodule/arm64e-apple-ios.swiftmodule /Applications/Xcode.app/Contents/Developer/Toolchains/XcodeDefault.xctoolchain/usr/lib/swift/iphoneos/prebuilt-modules/26.5/Observation.swiftmodule/arm64e-apple-ios.swiftmodule /Applications/Xcode.app/Contents/Developer/Toolchains/XcodeDefault.xctoolchain/usr/lib/swift/iphoneos/prebuilt-modules/26.5/Metal.swiftmodule/arm64e-apple-ios.swiftmodule /Applications/Xcode.app/Contents/Developer/Toolchains/XcodeDefault.xctoolchain/usr/lib/swift/iphoneos/prebuilt-modules/26.5/VideoToolbox.swiftmodule/arm64e-apple-ios.swiftmodule /Applications/Xcode.app/Contents/Developer/Toolchains/XcodeDefault.xctoolchain/usr/lib/swift/iphoneos/prebuilt-modules/26.5/SwiftUICore.swiftmodule/arm64e-apple-ios.swiftmodule /Applications/Xcode.app/Contents/Developer/Toolchains/XcodeDefault.xctoolchain/usr/lib/swift/iphoneos/prebuilt-modules/26.5/Swift.swiftmodule/arm64e-apple-ios.swiftmodule /Applications/Xcode.app/Contents/Developer/Toolchains/XcodeDefault.xctoolchain/usr/lib/swift/iphoneos/prebuilt-modules/26.5/Darwin.swiftmodule/arm64e-apple-ios.swiftmodule /Applications/Xcode.app/Contents/Developer/Toolchains/XcodeDefault.xctoolchain/usr/lib/swift/iphoneos/prebuilt-modules/26.5/System.swiftmodule/arm64e-apple-ios.swiftmodule /Applications/Xcode.app/Contents/Developer/Toolchains/XcodeDefault.xctoolchain/usr/lib/swift/iphoneos/prebuilt-modules/26.5/XPC.swiftmodule/arm64e-apple-ios.swiftmodule /Applications/Xcode.app/Contents/Developer/Toolchains/XcodeDefault.xctoolchain/usr/lib/swift/iphoneos/prebuilt-modules/26.5/UIKit.swiftmodule/arm64e-apple-ios.swiftmodule /Applications/Xcode.app/Contents/Developer/Toolchains/XcodeDefault.xctoolchain/usr/lib/swift/iphoneos/prebuilt-modules/26.5/FileProvider.swiftmodule/arm64e-apple-ios.swiftmodule /Applications/Xcode.app/Contents/Developer/Toolchains/XcodeDefault.xctoolchain/usr/lib/swift/iphoneos/prebuilt-modules/26.5/CoreData.swiftmodule/arm64e-apple-ios.swiftmodule /Applications/Xcode.app/Contents/Developer/Toolchains/XcodeDefault.xctoolchain/usr/lib/swift/iphoneos/prebuilt-modules/26.5/_DarwinFoundation3.swiftmodule/arm64e-apple-ios.swiftmodule /Applications/Xcode.app/Contents/Developer/Toolchains/XcodeDefault.xctoolchain/usr/lib/swift/iphoneos/prebuilt-modules/26.5/Synchronization.swiftmodule/arm64e-apple-ios.swiftmodule /Applications/Xcode.app/Contents/Developer/Toolchains/XcodeDefault.xctoolchain/usr/lib/swift/iphoneos/prebuilt-modules/26.5/_DarwinFoundation2.swiftmodule/arm64e-apple-ios.swiftmodule /Applications/Xcode.app/Contents/Developer/Toolchains/XcodeDefault.xctoolchain/usr/lib/swift/iphoneos/prebuilt-modules/26.5/os.swiftmodule/arm64e-apple-ios.swiftmodule /Applications/Xcode.app/Contents/Developer/Toolchains/XcodeDefault.xctoolchain/usr/lib/swift/iphoneos/prebuilt-modules/26.5/OSLog.swiftmodule/arm64e-apple-ios.swiftmodule /Applications/Xcode.app/Contents/Developer/Toolchains/XcodeDefault.xctoolchain/usr/lib/swift/iphoneos/prebuilt-modules/26.5/DeveloperToolsSupport.swiftmodule/arm64e-apple-ios.swiftmodule /Applications/Xcode.app/Contents/Developer/Toolchains/XcodeDefault.xctoolchain/usr/lib/swift/iphoneos/prebuilt-modules/26.5/CoreImage.swiftmodule/arm64e-apple-ios.swiftmodule /Applications/Xcode.app/Contents/Developer/Toolchains/XcodeDefault.xctoolchain/usr/lib/swift/iphoneos/prebuilt-modules/26.5/Symbols.swiftmodule/arm64e-apple-ios.swiftmodule /Applications/Xcode.app/Contents/Developer/Toolchains/XcodeDefault.xctoolchain/usr/lib/swift/iphoneos/prebuilt-modules/26.5/Accessibility.swiftmodule/arm64e-apple-ios.swiftmodule /Applications/Xcode.app/Contents/Developer/Toolchains/XcodeDefault.xctoolchain/usr/lib/swift/iphoneos/prebuilt-modules/26.5/Foundation.swiftmodule/arm64e-apple-ios.swiftmodule /Applications/Xcode.app/Contents/Developer/Toolchains/XcodeDefault.xctoolchain/usr/lib/swift/iphoneos/prebuilt-modules/26.5/CoreMedia.swiftmodule/arm64e-apple-ios.swiftmodule /Applications/Xcode.app/Contents/Developer/Toolchains/XcodeDefault.xctoolchain/usr/lib/swift/iphoneos/prebuilt-modules/26.5/CoreVideo.swiftmodule/arm64e-apple-ios.swiftmodule /Applications/Xcode.app/Contents/Developer/Toolchains/XcodeDefault.xctoolchain/usr/lib/swift/iphoneos/prebuilt-modules/26.5/AudioToolbox.swiftmodule/arm64e-apple-ios.swiftmodule /Applications/Xcode.app/Contents/Developer/Toolchains/XcodeDefault.xctoolchain/usr/lib/swift/iphoneos/prebuilt-modules/26.5/CoreGraphics.swiftmodule/arm64e-apple-ios.swiftmodule /Applications/Xcode.app/Contents/Developer/Toolchains/XcodeDefault.xctoolchain/usr/lib/swift/iphoneos/prebuilt-modules/26.5/UniformTypeIdentifiers.swiftmodule/arm64e-apple-ios.swiftmodule /Users/ox/Documents/project/app-doorbell/build/remediation-parallel-20260922/ios9-arm64/ModuleCache.noindex/ptrauth-9BGUHQND1X2OE4NN8N3L0Y3GM.pcm /Users/ox/Documents/project/app-doorbell/build/remediation-parallel-20260922/ios9-arm64/ModuleCache.noindex/Spatial-1C7WST3AOTMZ1T71EAKPNT81Q.pcm /Users/ox/Documents/project/app-doorbell/build/remediation-parallel-20260922/ios9-arm64/ModuleCache.noindex/VideoToolbox-730XGT6MUGSTUR9IMYSJ9N6NU.pcm /Users/ox/Documents/project/app-doorbell/build/remediation-parallel-20260922/ios9-arm64/ModuleCache.noindex/simd-GKNTAULB1WKQ13DTSETY4K73.pcm /Users/ox/Documents/project/app-doorbell/build/remediation-parallel-20260922/ios9-arm64/ModuleCache.noindex/CoreData-1QSMRO9ETRUGS1LK1CI2B7ANP.pcm /Users/ox/Documents/project/app-doorbell/build/remediation-parallel-20260922/ios9-arm64/ModuleCache.noindex/_DarwinFoundation2-2J6BG0SNQ7Q4AO0QAMQWBLOCC.pcm /Users/ox/Documents/project/app-doorbell/build/remediation-parallel-20260922/ios9-arm64/ModuleCache.noindex/CFNetwork-DYRSX88YMV6M7L674L1SGJMFA.pcm /Users/ox/Documents/project/app-doorbell/build/remediation-parallel-20260922/ios9-arm64/ModuleCache.noindex/Accessibility-5LKZABRHDRS496KKW5Q07C9QL.pcm /Users/ox/Documents/project/app-doorbell/build/remediation-parallel-20260922/ios9-arm64/ModuleCache.noindex/Symbols-3T8BO4LWAFDSWZ2B0EUWJJ244.pcm /Users/ox/Documents/project/app-doorbell/build/remediation-parallel-20260922/ios9-arm64/ModuleCache.noindex/os_object-VHN1TPQUDRFPIGFU1NKY5NFE.pcm /Users/ox/Documents/project/app-doorbell/build/remediation-parallel-20260922/ios9-arm64/ModuleCache.noindex/UniformTypeIdentifiers-AKVPPMZEAHGKKA2J8RU5JZG04.pcm /Users/ox/Documents/project/app-doorbell/build/remediation-parallel-20260922/ios9-arm64/ModuleCache.noindex/_Builtin_limits-BT7O6JHNS4P6F4NFANT490IGS.pcm /Users/ox/Documents/project/app-doorbell/build/remediation-parallel-20260922/ios9-arm64/ModuleCache.noindex/AVFoundation-6GZWJI18LL0MYV3LUSSR6QPMS.pcm /Users/ox/Documents/project/app-doorbell/build/remediation-parallel-20260922/ios9-arm64/ModuleCache.noindex/_Builtin_stdarg-6C2B1XL7O2L7817OJ9BWUT9E1.pcm /Users/ox/Documents/project/app-doorbell/build/remediation-parallel-20260922/ios9-arm64/ModuleCache.noindex/UserNotifications-C5P051V0K29T7TJW0XEY6LQVJ.pcm /Users/ox/Documents/project/app-doorbell/build/remediation-parallel-20260922/ios9-arm64/ModuleCache.noindex/_Builtin_stdatomic-EQ7DZD7E6TBV334NMZIBENNV9.pcm /Users/ox/Documents/project/app-doorbell/build/remediation-parallel-20260922/ios9-arm64/ModuleCache.noindex/DataDetection-6EEORV07IC1OLULSYBBCGZ67R.pcm /Users/ox/Documents/project/app-doorbell/build/remediation-parallel-20260922/ios9-arm64/ModuleCache.noindex/CoreImage-5AISMS9DTJL0U8PCFLEIUGUEV.pcm /Users/ox/Documents/project/app-doorbell/build/remediation-parallel-20260922/ios9-arm64/ModuleCache.noindex/_Builtin_stddef-66T7NYE1TF3L7XX897LXUIN4F.pcm /Users/ox/Documents/project/app-doorbell/build/remediation-parallel-20260922/ios9-arm64/ModuleCache.noindex/CoreAudioTypes-C0LJU3EW1A8VDTB7LP1YZF7OS.pcm /Users/ox/Documents/project/app-doorbell/build/remediation-parallel-20260922/ios9-arm64/ModuleCache.noindex/_Builtin_stdint-1L24T1ALPKO8EM3HCDRJXL9HZ.pcm /Users/ox/Documents/project/app-doorbell/build/remediation-parallel-20260922/ios9-arm64/ModuleCache.noindex/MachO-CQPCJZC1L2SXNE6OAB9WWSK17.pcm /Users/ox/Documents/project/app-doorbell/build/remediation-parallel-20260922/ios9-arm64/ModuleCache.noindex/_Builtin_tgmath-AHWFRI26T710L65CNU0XI5JQ7.pcm /Users/ox/Documents/project/app-doorbell/build/remediation-parallel-20260922/ios9-arm64/ModuleCache.noindex/UIUtilities-BHUB1QI7BBXYOSG93U1AE2R4B.pcm /Users/ox/Documents/project/app-doorbell/build/remediation-parallel-20260922/ios9-arm64/ModuleCache.noindex/XPC-9W8PDDD9B3PYFOV527LJP4K7O.pcm /Users/ox/Documents/project/app-doorbell/build/remediation-parallel-20260922/ios9-arm64/ModuleCache.noindex/Security-8DZXJMWF0TQ6PCYUS297EK56Y.pcm /Users/ox/Documents/project/app-doorbell/build/remediation-parallel-20260922/ios9-arm64/ModuleCache.noindex/_Builtin_inttypes-9WELJMNJCAT20KAIFRH0509SS.pcm /Users/ox/Documents/project/app-doorbell/build/remediation-parallel-20260922/ios9-arm64/ModuleCache.noindex/ImageIO-4BPUY49U1ET3RUVP77O08DXLG.pcm /Users/ox/Documents/project/app-doorbell/build/remediation-parallel-20260922/ios9-arm64/ModuleCache.noindex/DeveloperToolsSupport-D4N7P4HCKFAGI9ZRFWYTAQH7A.pcm /Users/ox/Documents/project/app-doorbell/build/remediation-parallel-20260922/ios9-arm64/ModuleCache.noindex/Foundation-AO6KSKQNLY1KJN39LT8YL2898.pcm /Users/ox/Documents/project/app-doorbell/build/remediation-parallel-20260922/ios9-arm64/ModuleCache.noindex/OpenGLES-2R7ZL7PHVMXRUVEGQ6AYKH7C5.pcm /Users/ox/Documents/project/app-doorbell/build/remediation-parallel-20260922/ios9-arm64/ModuleCache.noindex/AudioToolbox-5J34SLS183XZ3398CSPK7L28Y.pcm /Users/ox/Documents/project/app-doorbell/build/remediation-parallel-20260922/ios9-arm64/ModuleCache.noindex/_Builtin_intrinsics-CXG9E8IV69ZDWNTWTK8TIAHGP.pcm /Users/ox/Documents/project/app-doorbell/build/remediation-parallel-20260922/ios9-arm64/ModuleCache.noindex/dnssd-4NOPKBUW55ZLA22TES5QU99BI.pcm /Users/ox/Documents/project/app-doorbell/build/remediation-parallel-20260922/ios9-arm64/ModuleCache.noindex/QuartzCore-7ICKA7SCS3M8CQ67PETRHX6W2.pcm /Users/ox/Documents/project/app-doorbell/build/remediation-parallel-20260922/ios9-arm64/ModuleCache.noindex/UIKit-139FBRVYQ450SDP2ZFPYR4Q1A.pcm /Users/ox/Documents/project/app-doorbell/build/remediation-parallel-20260922/ios9-arm64/ModuleCache.noindex/CoreGraphics-58C7V521NO07DH74S8TBR4G5I.pcm /Users/ox/Documents/project/app-doorbell/build/remediation-parallel-20260922/ios9-arm64/ModuleCache.noindex/CoreVideo-DW3G785JIFUI5V4LYUD9NZ3X1.pcm /Users/ox/Documents/project/app-doorbell/build/remediation-parallel-20260922/ios9-arm64/ModuleCache.noindex/SwiftShims-23X633GXPHA55YMK6GQLQMLPO.pcm /Users/ox/Documents/project/app-doorbell/build/remediation-parallel-20260922/ios9-arm64/ModuleCache.noindex/AVFAudio-7DL9BOUOPMI32YNAEXR7I1GXD.pcm /Users/ox/Documents/project/app-doorbell/build/remediation-parallel-20260922/ios9-arm64/ModuleCache.noindex/_DarwinFoundation3-2GKOA353JEY7U75U0Z1DQCSGL.pcm /Users/ox/Documents/project/app-doorbell/build/remediation-parallel-20260922/ios9-arm64/ModuleCache.noindex/_SwiftConcurrencyShims-CITF7HSQQT3VZHPCUN8ETW695.pcm /Users/ox/Documents/project/app-doorbell/build/remediation-parallel-20260922/ios9-arm64/ModuleCache.noindex/ObjectiveC-44NOGFOTO38LOE4XX0FV7SQED.pcm /Users/ox/Documents/project/app-doorbell/build/remediation-parallel-20260922/ios9-arm64/ModuleCache.noindex/sys_types-5FO0XA3F3IV0BX44YOOH84KY3.pcm /Users/ox/Documents/project/app-doorbell/build/remediation-parallel-20260922/ios9-arm64/ModuleCache.noindex/_DarwinFoundation1-DL1S85GD5VEMWCW4XEBPH2XCL.pcm /Users/ox/Documents/project/app-doorbell/build/remediation-parallel-20260922/ios9-arm64/ModuleCache.noindex/os_workgroup-41MMA8UZA2W477P5FNW26MG59.pcm /Users/ox/Documents/project/app-doorbell/build/remediation-parallel-20260922/ios9-arm64/ModuleCache.noindex/MediaToolbox-CZB08U4OO99OPITYZH8H3GU3F.pcm /Users/ox/Documents/project/app-doorbell/build/remediation-parallel-20260922/ios9-arm64/ModuleCache.noindex/AVRouting-B9L0FZC4ZJBZWK8C8W861FCFL.pcm /Users/ox/Documents/project/app-doorbell/build/remediation-parallel-20260922/ios9-arm64/ModuleCache.noindex/CommonCrypto-DE0218W5QH7IESB8XSCOWWRMW.pcm /Users/ox/Documents/project/app-doorbell/build/remediation-parallel-20260922/ios9-arm64/ModuleCache.noindex/_AvailabilityInternal-8CME1S31GA5GIS7MXV2OYJZRW.pcm /Users/ox/Documents/project/app-doorbell/build/remediation-parallel-20260922/ios9-arm64/ModuleCache.noindex/SwiftUICore-39UA08NWHB8XMCU5W5J5H8APV.pcm /Users/ox/Documents/project/app-doorbell/build/remediation-parallel-20260922/ios9-arm64/ModuleCache.noindex/ptrcheck-54UI56SNS67F2J6YW86520A4Z.pcm /Users/ox/Documents/project/app-doorbell/build/remediation-parallel-20260922/ios9-arm64/ModuleCache.noindex/_Builtin_stdbool-2WYDQ5AA8QKC74SU3PMQ89LZ4.pcm /Users/ox/Documents/project/app-doorbell/build/remediation-parallel-20260922/ios9-arm64/ModuleCache.noindex/Metal-E0YLR299UJ4WEPQELB3F03X0Z.pcm /Users/ox/Documents/project/app-doorbell/build/remediation-parallel-20260922/ios9-arm64/ModuleCache.noindex/IOSurface-DYMQXV7KGZQKLJM3CXYKAEDTJ.pcm /Users/ox/Documents/project/app-doorbell/build/remediation-parallel-20260922/ios9-arm64/ModuleCache.noindex/CoreText-AXUH41BMDO005D5II0T4HDLFL.pcm /Users/ox/Documents/project/app-doorbell/build/remediation-parallel-20260922/ios9-arm64/ModuleCache.noindex/Network-7LIBZYK78OCA91HE0ULUHBN5P.pcm /Users/ox/Documents/project/app-doorbell/build/remediation-parallel-20260922/ios9-arm64/ModuleCache.noindex/OSLog-528IA5QMU0L6M4GNRN8V9B5CH.pcm /Users/ox/Documents/project/app-doorbell/build/remediation-parallel-20260922/ios9-arm64/ModuleCache.noindex/CoreMedia-1RIDDPPGYVR2UAS18DQE97I92.pcm /Users/ox/Documents/project/app-doorbell/build/remediation-parallel-20260922/ios9-arm64/ModuleCache.noindex/CoreMIDI-DY7BI6P9C34XHTMX3336B9NFW.pcm /Users/ox/Documents/project/app-doorbell/build/remediation-parallel-20260922/ios9-arm64/ModuleCache.noindex/SwiftUI-EQZ4M28B9G4UC1D42XJWYH540.pcm /Users/ox/Documents/project/app-doorbell/build/remediation-parallel-20260922/ios9-arm64/ModuleCache.noindex/CoreFoundation-C0NC5NMAXPE42JK6WEO0E6ZWR.pcm /Users/ox/Documents/project/app-doorbell/build/remediation-parallel-20260922/ios9-arm64/ModuleCache.noindex/os-7I1DEDNU7GJL0M838ESVE1AUQ.pcm /Users/ox/Documents/project/app-doorbell/build/remediation-parallel-20260922/ios9-arm64/ModuleCache.noindex/CoreAudio-9NVL4XT6BYZFNA1U60P234L37.pcm /Users/ox/Documents/project/app-doorbell/build/remediation-parallel-20260922/ios9-arm64/ModuleCache.noindex/Darwin-8A0XAI753GJK3VNWD8QOG54HL.pcm /Users/ox/Documents/project/app-doorbell/build/remediation-parallel-20260922/ios9-arm64/ModuleCache.noindex/FileProvider-3HHMQSM7EWJWY150LNCOJNK6X.pcm /Users/ox/Documents/project/app-doorbell/build/remediation-parallel-20260922/ios9-arm64/ModuleCache.noindex/Dispatch-9OMO5LKN27JAYTTI325YW2BMN.pcm /Users/ox/Documents/project/app-doorbell/build/remediation-parallel-20260922/ios9-arm64/ModuleCache.noindex/_Builtin_float-4ODE05LYD45A9HCEWDJXT5L7Q.pcm /Users/ox/Documents/project/app-doorbell/build/remediation-parallel-20260922/ios9-arm64/ModuleCache.noindex/CoreTransferable-60U2U2N25V8JXLM07QVUE8SKT.pcm /Users/ox/Documents/project/app-doorbell/build/remediation-parallel-20260922/ios9-arm64/Build/Intermediates.noindex/Doorbell.build/Release-iphoneos/DoorbellIOS9.build/Objects-normal/arm64/DoorbellIOS9-dependencies-1.json /Users/ox/Documents/project/app-doorbell/build/remediation-parallel-20260922/ios9-arm64/Build/Intermediates.noindex/Doorbell.build/Release-iphoneos/DoorbellIOS9.build/Objects-normal/arm64/DoorbellIOS9-primary-Bridging-header.pch (in target 'DoorbellIOS9' from project 'Doorbell')

CompileSwift normal arm64 (in target 'DoorbellIOS9' from project 'Doorbell')
    cd /Users/ox/Documents/project/app-doorbell/ios
    
/Users/ox/Documents/project/app-doorbell/ios/Doorbell/H264SampleLayerPlayer.swift:22:9: warning: stored property 'layer' of 'Sendable'-conforming class 'H264SampleLayerPlayer' has non-Sendable type 'AVSampleBufferDisplayLayer'
    let layer = AVSampleBufferDisplayLayer()
        ^
/Applications/Xcode.app/Contents/Developer/Platforms/iPhoneOS.platform/Developer/SDKs/iPhoneOS26.5.sdk/System/Library/Frameworks/AVFoundation.framework/Headers/AVSampleBufferDisplayLayer.h:40:12: note: class 'AVSampleBufferDisplayLayer' does not conform to the 'Sendable' protocol
@interface AVSampleBufferDisplayLayer : CALayer
           ^

SwiftDriverJobDiscovery normal arm64 Compiling DoorbellTheme.swift, DoorbellClock.swift, ConfigWriter.swift, SosSlideControl.swift, NoticeSupport.swift, CallHistory.swift, SettingsForm.swift, SettingsViewController.swift, AdminQrView.swift, DashboardView.swift, VisitorScreenView.swift, PairingSupport.swift, PairingViewController.swift, AddDeviceViewController.swift, PairingScannerViewController.swift, AppDelegate.swift, MainViewController.swift, IncomingViewController.swift, CallRevisionLifecycle.swift, AdminPinViewController.swift, CoreBridge.swift, CoreEventDispatchGate.swift, ConfigBatchFallbackPolicy.swift, RuntimeSupervisor.swift, KeepaliveClient.swift, MainRunLoopHangSentinel.swift, MonitorViewController.swift, AdaptiveH264MjpegPlayer.swift, UIStyleApplier.swift, IOSAvailability.swift, BootConfig.swift, Texts.swift, ConfigUtil.swift, ConfigUtilColors.swift, ClusterCounters.swift, MjpegClient.swift, H264SampleLayerPlayer.swift, Fmp4Demuxer.swift, MjpegPartAssembler.swift, SirenPlayer.swift, CameraFeeder.swift, VideoEncoderVT.swift, GeneratedAssetSymbols.swift (in target 'DoorbellIOS9' from project 'Doorbell')

SwiftDriver\ Compilation\ Requirements DoorbellIOS9 normal arm64 com.apple.xcode.tools.swift.compiler (in target 'DoorbellIOS9' from project 'Doorbell')
    cd /Users/ox/Documents/project/app-doorbell/ios
    builtin-Swift-Compilation-Requirements -- /Applications/Xcode.app/Contents/Developer/Toolchains/XcodeDefault.xctoolchain/usr/bin/swiftc -module-name DoorbellIOS9 -O -whole-module-optimization @/Users/ox/Documents/project/app-doorbell/build/remediation-parallel-20260922/ios9-arm64/Build/Intermediates.noindex/Doorbell.build/Release-iphoneos/DoorbellIOS9.build/Objects-normal/arm64/DoorbellIOS9.SwiftFileList -DIOS9_COMPAT -enable-bare-slash-regex -enable-experimental-feature DebugDescriptionMacro -sdk /Applications/Xcode.app/Contents/Developer/Platforms/iPhoneOS.platform/Developer/SDKs/iPhoneOS26.5.sdk -target arm64-apple-ios9.0 -g -module-cache-path /Users/ox/Documents/project/app-doorbell/build/remediation-parallel-20260922/ios9-arm64/ModuleCache.noindex -Xfrontend -serialize-debugging-options -swift-version 5 -I /Users/ox/Documents/project/app-doorbell/build/remediation-parallel-20260922/ios9-arm64/Build/Products/Release-iphoneos -F /Users/ox/Documents/project/app-doorbell/build/remediation-parallel-20260922/ios9-arm64/Build/Products/Release-iphoneos -c -num-threads 10 -Xcc -ivfsstatcache -Xcc /Users/ox/Documents/project/app-doorbell/build/remediation-parallel-20260922/ios9-arm64/SDKStatCaches.noindex/iphoneos26.5-23F81a-32daed1954a7d5dd0789fcaf2a9bb78b.sdkstatcache -output-file-map /Users/ox/Documents/project/app-doorbell/build/remediation-parallel-20260922/ios9-arm64/Build/Intermediates.noindex/Doorbell.build/Release-iphoneos/DoorbellIOS9.build/Objects-normal/arm64/DoorbellIOS9-OutputFileMap.json -use-frontend-parseable-output -save-temps -no-color-diagnostics -explicit-module-build -module-cache-path /Users/ox/Documents/project/app-doorbell/build/remediation-parallel-20260922/ios9-arm64/Build/Intermediates.noindex/SwiftExplicitPrecompiledModules -clang-scanner-module-cache-path /Users/ox/Documents/project/app-doorbell/build/remediation-parallel-20260922/ios9-arm64/ModuleCache.noindex -sdk-module-cache-path /Users/ox/Documents/project/app-doorbell/build/remediation-parallel-20260922/ios9-arm64/ModuleCache.noindex -serialize-diagnostics -emit-dependencies -emit-module -emit-module-path /Users/ox/Documents/project/app-doorbell/build/remediation-parallel-20260922/ios9-arm64/Build/Intermediates.noindex/Doorbell.build/Release-iphoneos/DoorbellIOS9.build/Objects-normal/arm64/DoorbellIOS9.swiftmodule -validate-clang-modules-once -clang-build-session-file /Users/ox/Documents/project/app-doorbell/build/remediation-parallel-20260922/ios9-arm64/ModuleCache.noindex/Session.modulevalidation -Xcc -I/Users/ox/Documents/project/app-doorbell/build/remediation-parallel-20260922/ios9-arm64/Build/Intermediates.noindex/Doorbell.build/Release-iphoneos/DoorbellIOS9.build/swift-overrides.hmap -emit-const-values -Xfrontend -const-gather-protocols-file -Xfrontend /Users/ox/Documents/project/app-doorbell/build/remediation-parallel-20260922/ios9-arm64/Build/Intermediates.noindex/Doorbell.build/Release-iphoneos/DoorbellIOS9.build/Objects-normal/arm64/DoorbellIOS9_const_extract_protocols.json -Xcc -iquote -Xcc /Users/ox/Documents/project/app-doorbell/build/remediation-parallel-20260922/ios9-arm64/Build/Intermediates.noindex/Doorbell.build/Release-iphoneos/DoorbellIOS9.build/DoorbellIOS9-generated-files.hmap -Xcc -I/Users/ox/Documents/project/app-doorbell/build/remediation-parallel-20260922/ios9-arm64/Build/Intermediates.noindex/Doorbell.build/Release-iphoneos/DoorbellIOS9.build/DoorbellIOS9-own-target-headers.hmap -Xcc -I/Users/ox/Documents/project/app-doorbell/build/remediation-parallel-20260922/ios9-arm64/Build/Intermediates.noindex/Doorbell.build/Release-iphoneos/DoorbellIOS9.build/DoorbellIOS9-all-target-headers.hmap -Xcc -iquote -Xcc /Users/ox/Documents/project/app-doorbell/build/remediation-parallel-20260922/ios9-arm64/Build/Intermediates.noindex/Doorbell.build/Release-iphoneos/DoorbellIOS9.build/DoorbellIOS9-project-headers.hmap -Xcc -I/Users/ox/Documents/project/app-doorbell/build/remediation-parallel-20260922/ios9-arm64/Build/Products/Release-iphoneos/include -Xcc -I/Users/ox/Documents/project/app-doorbell/core/include -Xcc -I/Users/ox/Documents/project/app-doorbell/build/remediation-parallel-20260922/ios9-arm64/Build/Intermediates.noindex/Doorbell.build/Release-iphoneos/DoorbellIOS9.build/DerivedSources-normal/arm64 -Xcc -I/Users/ox/Documents/project/app-doorbell/build/remediation-parallel-20260922/ios9-arm64/Build/Intermediates.noindex/Doorbell.build/Release-iphoneos/DoorbellIOS9.build/DerivedSources/arm64 -Xcc -I/Users/ox/Documents/project/app-doorbell/build/remediation-parallel-20260922/ios9-arm64/Build/Intermediates.noindex/Doorbell.build/Release-iphoneos/DoorbellIOS9.build/DerivedSources -emit-objc-header -emit-objc-header-path /Users/ox/Documents/project/app-doorbell/build/remediation-parallel-20260922/ios9-arm64/Build/Intermediates.noindex/Doorbell.build/Release-iphoneos/DoorbellIOS9.build/Objects-normal/arm64/DoorbellIOS9-Swift.h -import-objc-header /Users/ox/Documents/project/app-doorbell/ios/Doorbell/BridgingHeader.h -working-directory /Users/ox/Documents/project/app-doorbell/ios -no-emit-module-separately-wmo

Copy /Users/ox/Documents/project/app-doorbell/build/remediation-parallel-20260922/ios9-arm64/Build/Products/Release-iphoneos/DoorbellIOS9.swiftmodule/Project/arm64-apple-ios.swiftsourceinfo /Users/ox/Documents/project/app-doorbell/build/remediation-parallel-20260922/ios9-arm64/Build/Intermediates.noindex/Doorbell.build/Release-iphoneos/DoorbellIOS9.build/Objects-normal/arm64/DoorbellIOS9.swiftsourceinfo (in target 'DoorbellIOS9' from project 'Doorbell')
    cd /Users/ox/Documents/project/app-doorbell/ios
    builtin-copy -exclude .DS_Store -exclude CVS -exclude .svn -exclude .git -exclude .hg -resolve-src-symlinks -rename /Users/ox/Documents/project/app-doorbell/build/remediation-parallel-20260922/ios9-arm64/Build/Intermediates.noindex/Doorbell.build/Release-iphoneos/DoorbellIOS9.build/Objects-normal/arm64/DoorbellIOS9.swiftsourceinfo /Users/ox/Documents/project/app-doorbell/build/remediation-parallel-20260922/ios9-arm64/Build/Products/Release-iphoneos/DoorbellIOS9.swiftmodule/Project/arm64-apple-ios.swiftsourceinfo

Ld /Users/ox/Documents/project/app-doorbell/build/remediation-parallel-20260922/ios9-arm64/Build/Products/Release-iphoneos/DoorbellIOS9.app/DoorbellIOS9 normal (in target 'DoorbellIOS9' from project 'Doorbell')
    cd /Users/ox/Documents/project/app-doorbell/ios
    /Applications/Xcode.app/Contents/Developer/Toolchains/XcodeDefault.xctoolchain/usr/bin/clang -Xlinker -reproducible -target arm64-apple-ios9.0 -isysroot /Applications/Xcode.app/Contents/Developer/Platforms/iPhoneOS.platform/Developer/SDKs/iPhoneOS26.5.sdk -Os -L/Users/ox/Documents/project/app-doorbell/build/remediation-parallel-20260922/ios9-arm64/Build/Intermediates.noindex/EagerLinkingTBDs/Release-iphoneos -L/Users/ox/Documents/project/app-doorbell/build/remediation-parallel-20260922/ios9-arm64/Build/Products/Release-iphoneos -L/Users/ox/Documents/project/app-doorbell/ios/build/core/iphoneos/arm64/min-9.0 -F/Users/ox/Documents/project/app-doorbell/build/remediation-parallel-20260922/ios9-arm64/Build/Intermediates.noindex/EagerLinkingTBDs/Release-iphoneos -F/Users/ox/Documents/project/app-doorbell/build/remediation-parallel-20260922/ios9-arm64/Build/Products/Release-iphoneos -filelist /Users/ox/Documents/project/app-doorbell/build/remediation-parallel-20260922/ios9-arm64/Build/Intermediates.noindex/Doorbell.build/Release-iphoneos/DoorbellIOS9.build/Objects-normal/arm64/DoorbellIOS9.LinkFileList -Xlinker -rpath -Xlinker /usr/lib/swift -Xlinker -dead_strip -Xlinker -object_path_lto -Xlinker /Users/ox/Documents/project/app-doorbell/build/remediation-parallel-20260922/ios9-arm64/Build/Intermediates.noindex/Doorbell.build/Release-iphoneos/DoorbellIOS9.build/Objects-normal/arm64/DoorbellIOS9_lto.o -Xlinker -dependency_info -Xlinker /Users/ox/Documents/project/app-doorbell/build/remediation-parallel-20260922/ios9-arm64/Build/Intermediates.noindex/Doorbell.build/Release-iphoneos/DoorbellIOS9.build/Objects-normal/arm64/DoorbellIOS9_dependency_info.dat -fobjc-link-runtime -L/Applications/Xcode.app/Contents/Developer/Toolchains/XcodeDefault.xctoolchain/usr/lib/swift/iphoneos -L/usr/lib/swift -Xlinker -add_ast_path -Xlinker /Users/ox/Documents/project/app-doorbell/build/remediation-parallel-20260922/ios9-arm64/Build/Intermediates.noindex/Doorbell.build/Release-iphoneos/DoorbellIOS9.build/Objects-normal/arm64/DoorbellIOS9.swiftmodule @/Users/ox/Documents/project/app-doorbell/build/remediation-parallel-20260922/ios9-arm64/Build/Intermediates.noindex/Doorbell.build/Release-iphoneos/DoorbellIOS9.build/Objects-normal/arm64/DoorbellIOS9-linker-args.resp -ldoorbell_all -lc++ -framework AVFoundation -framework AudioToolbox -framework CoreAudio -framework CoreMedia -framework CoreVideo -framework VideoToolbox -framework CFNetwork -framework Security -framework UIKit -o /Users/ox/Documents/project/app-doorbell/build/remediation-parallel-20260922/ios9-arm64/Build/Products/Release-iphoneos/DoorbellIOS9.app/DoorbellIOS9

Copy /Users/ox/Documents/project/app-doorbell/build/remediation-parallel-20260922/ios9-arm64/Build/Products/Release-iphoneos/DoorbellIOS9.swiftmodule/arm64-apple-ios.swiftmodule /Users/ox/Documents/project/app-doorbell/build/remediation-parallel-20260922/ios9-arm64/Build/Intermediates.noindex/Doorbell.build/Release-iphoneos/DoorbellIOS9.build/Objects-normal/arm64/DoorbellIOS9.swiftmodule (in target 'DoorbellIOS9' from project 'Doorbell')
    cd /Users/ox/Documents/project/app-doorbell/ios
    builtin-copy -exclude .DS_Store -exclude CVS -exclude .svn -exclude .git -exclude .hg -resolve-src-symlinks -rename /Users/ox/Documents/project/app-doorbell/build/remediation-parallel-20260922/ios9-arm64/Build/Intermediates.noindex/Doorbell.build/Release-iphoneos/DoorbellIOS9.build/Objects-normal/arm64/DoorbellIOS9.swiftmodule /Users/ox/Documents/project/app-doorbell/build/remediation-parallel-20260922/ios9-arm64/Build/Products/Release-iphoneos/DoorbellIOS9.swiftmodule/arm64-apple-ios.swiftmodule

Copy /Users/ox/Documents/project/app-doorbell/build/remediation-parallel-20260922/ios9-arm64/Build/Products/Release-iphoneos/DoorbellIOS9.swiftmodule/arm64-apple-ios.abi.json /Users/ox/Documents/project/app-doorbell/build/remediation-parallel-20260922/ios9-arm64/Build/Intermediates.noindex/Doorbell.build/Release-iphoneos/DoorbellIOS9.build/Objects-normal/arm64/DoorbellIOS9.abi.json (in target 'DoorbellIOS9' from project 'Doorbell')
    cd /Users/ox/Documents/project/app-doorbell/ios
    builtin-copy -exclude .DS_Store -exclude CVS -exclude .svn -exclude .git -exclude .hg -resolve-src-symlinks -rename /Users/ox/Documents/project/app-doorbell/build/remediation-parallel-20260922/ios9-arm64/Build/Intermediates.noindex/Doorbell.build/Release-iphoneos/DoorbellIOS9.build/Objects-normal/arm64/DoorbellIOS9.abi.json /Users/ox/Documents/project/app-doorbell/build/remediation-parallel-20260922/ios9-arm64/Build/Products/Release-iphoneos/DoorbellIOS9.swiftmodule/arm64-apple-ios.abi.json

PhaseScriptExecution Verify\ iOS\ 9\ release\ artifact /Users/ox/Documents/project/app-doorbell/build/remediation-parallel-20260922/ios9-arm64/Build/Intermediates.noindex/Doorbell.build/Release-iphoneos/DoorbellIOS9.build/Script-D90000000000000000000005.sh (in target 'DoorbellIOS9' from project 'Doorbell')
    cd /Users/ox/Documents/project/app-doorbell/ios
    export ACTION\=build
    export AD_HOC_CODE_SIGNING_ALLOWED\=NO
    export AGGREGATE_TRACKED_DOMAINS\=YES
    export ALLOW_BUILD_REQUEST_OVERRIDES\=NO
    export ALLOW_TARGET_PLATFORM_SPECIALIZATION\=NO
    export ALTERNATE_GROUP\=staff
    export ALTERNATE_MODE\=u+w,go-w,a+rX
    export ALTERNATE_OWNER\=ox
    export ALTERNATIVE_DISTRIBUTION_WEB\=NO
    export ALWAYS_EMBED_SWIFT_STANDARD_LIBRARIES\=NO
    export ALWAYS_SEARCH_USER_PATHS\=NO
    export ALWAYS_USE_SEPARATE_HEADERMAPS\=NO
    export ANDROID_DEPLOYMENT_TARGET\=21.0
    export APPLICATION_EXTENSION_API_ONLY\=NO
    export APPLY_RULES_IN_COPY_FILES\=NO
    export APPLY_RULES_IN_COPY_HEADERS\=NO
    export APP_SHORTCUTS_ENABLE_FLEXIBLE_MATCHING\=YES
    export ARCHS\=arm64
    export ARCHS_BASE\=arm64
    export ARCHS_STANDARD\=arm64
    export ARCHS_STANDARD_32_64_BIT\=armv7\ arm64
    export ARCHS_STANDARD_32_BIT\=armv7
    export ARCHS_STANDARD_64_BIT\=arm64
    export ARCHS_STANDARD_INCLUDING_64_BIT\=arm64
    export ARCHS_UNIVERSAL_IPHONE_OS\=armv7\ arm64
    export AUTOMATICALLY_MERGE_DEPENDENCIES\=NO
    export AUTOMATION_APPLE_EVENTS\=NO
    export AVAILABLE_PLATFORMS\=android\ appletvos\ appletvsimulator\ driverkit\ freebsd\ iphoneos\ iphonesimulator\ linux\ macosx\ none\ openbsd\ qnx\ watchos\ watchsimulator\ webassembly\ xros\ xrsimulator
    export BUILD_ACTIVE_RESOURCES_ONLY\=NO
    export BUILD_COMPONENTS\=headers\ build
    export BUILD_DIR\=/Users/ox/Documents/project/app-doorbell/build/remediation-parallel-20260922/ios9-arm64/Build/Products
    export BUILD_LIBRARY_FOR_DISTRIBUTION\=NO
    export BUILD_ONLY_KNOWN_LOCALIZATIONS\=NO
    export BUILD_ROOT\=/Users/ox/Documents/project/app-doorbell/build/remediation-parallel-20260922/ios9-arm64/Build/Products
    export BUILD_STYLE\=
    export BUILD_VARIANTS\=normal
    export BUILT_PRODUCTS_DIR\=/Users/ox/Documents/project/app-doorbell/build/remediation-parallel-20260922/ios9-arm64/Build/Products/Release-iphoneos
    export BUNDLE_CONTENTS_FOLDER_PATH_deep\=Contents/
    export BUNDLE_EXECUTABLE_FOLDER_NAME_deep\=MacOS
    export BUNDLE_EXTENSIONS_FOLDER_PATH\=Extensions
    export BUNDLE_FORMAT\=shallow
    export BUNDLE_FRAMEWORKS_FOLDER_PATH\=Frameworks
    export BUNDLE_PLUGINS_FOLDER_PATH\=PlugIns
    export BUNDLE_PRIVATE_HEADERS_FOLDER_PATH\=PrivateHeaders
    export BUNDLE_PUBLIC_HEADERS_FOLDER_PATH\=Headers
    export CACHE_ROOT\=/var/folders/g3/835mbfr157bcvxjwsw2kbvmm0000gn/C/com.apple.DeveloperTools/26.6-17F113/Xcode
    export CCHROOT\=/var/folders/g3/835mbfr157bcvxjwsw2kbvmm0000gn/C/com.apple.DeveloperTools/26.6-17F113/Xcode
    export CHMOD\=/bin/chmod
    export CHOWN\=chown
    export CLANG_CACHE_FINE_GRAINED_OUTPUTS\=YES
    export CLANG_ENABLE_EXPLICIT_MODULES\=YES
    export CLANG_ENABLE_MODULES\=YES
    export CLANG_ENABLE_OBJC_ARC\=YES
    export CLANG_MODULES_BUILD_SESSION_FILE\=/Users/ox/Documents/project/app-doorbell/build/remediation-parallel-20260922/ios9-arm64/ModuleCache.noindex/Session.modulevalidation
    export CLASS_FILE_DIR\=/Users/ox/Documents/project/app-doorbell/build/remediation-parallel-20260922/ios9-arm64/Build/Intermediates.noindex/Doorbell.build/Release-iphoneos/DoorbellIOS9.build/JavaClasses
    export CLEAN_PRECOMPS\=YES
    export CLONE_HEADERS\=NO
    export CODESIGNING_FOLDER_PATH\=/Users/ox/Documents/project/app-doorbell/build/remediation-parallel-20260922/ios9-arm64/Build/Products/Release-iphoneos/DoorbellIOS9.app
    export CODE_SIGNING_ALLOWED\=NO
    export CODE_SIGNING_REQUIRED\=YES
    export CODE_SIGN_CONTEXT_CLASS\=XCiPhoneOSCodeSignContext
    export CODE_SIGN_ENTITLEMENTS\=Doorbell/Doorbell.entitlements
    export CODE_SIGN_IDENTITY\=Apple\ Development
    export CODE_SIGN_INJECT_BASE_ENTITLEMENTS\=YES
    export CODE_SIGN_STYLE\=Automatic
    export COLOR_DIAGNOSTICS\=NO
    export COMBINE_HIDPI_IMAGES\=NO
    export COMPILATION_CACHE_CAS_PATH\=/Users/ox/Documents/project/app-doorbell/build/remediation-parallel-20260922/ios9-arm64/CompilationCache.noindex
    export COMPILATION_CACHE_KEEP_CAS_DIRECTORY\=YES
    export COMPILER_INDEX_STORE_ENABLE\=Default
    export COMPOSITE_SDK_DIRS\=/Users/ox/Documents/project/app-doorbell/build/remediation-parallel-20260922/ios9-arm64/Build/Intermediates.noindex/CompositeSDKs
    export COMPRESS_PNG_FILES\=YES
    export CONFIGURATION\=Release
    export CONFIGURATION_BUILD_DIR\=/Users/ox/Documents/project/app-doorbell/build/remediation-parallel-20260922/ios9-arm64/Build/Products/Release-iphoneos
    export CONFIGURATION_TEMP_DIR\=/Users/ox/Documents/project/app-doorbell/build/remediation-parallel-20260922/ios9-arm64/Build/Intermediates.noindex/Doorbell.build/Release-iphoneos
    export CONTENTS_FOLDER_PATH\=DoorbellIOS9.app
    export CONTENTS_FOLDER_PATH_SHALLOW_BUNDLE_NO\=DoorbellIOS9.app/Contents
    export CONTENTS_FOLDER_PATH_SHALLOW_BUNDLE_YES\=DoorbellIOS9.app
    export COPYING_PRESERVES_HFS_DATA\=NO
    export COPY_HEADERS_RUN_UNIFDEF\=NO
    export COPY_PHASE_STRIP\=NO
    export CORRESPONDING_SIMULATOR_PLATFORM_DIR\=/Applications/Xcode.app/Contents/Developer/Platforms/iPhoneSimulator.platform
    export CORRESPONDING_SIMULATOR_PLATFORM_NAME\=iphonesimulator
    export CORRESPONDING_SIMULATOR_SDK_DIR\=/Applications/Xcode.app/Contents/Developer/Platforms/iPhoneSimulator.platform/Developer/SDKs/iPhoneSimulator26.5.sdk
    export CORRESPONDING_SIMULATOR_SDK_NAME\=iphonesimulator26.5
    export CP\=/bin/cp
    export CREATE_INFOPLIST_SECTION_IN_BINARY\=NO
    export CURRENT_ARCH\=undefined_arch
    export CURRENT_VARIANT\=normal
    export DEAD_CODE_STRIPPING\=YES
    export DEBUGGING_SYMBOLS\=YES
    export DEBUG_INFORMATION_FORMAT\=dwarf-with-dsym
    export DEBUG_INFORMATION_VERSION\=compiler-default
    export DEFAULT_COMPILER\=com.apple.compilers.llvm.clang.1_0
    export DEFAULT_DEXT_INSTALL_PATH\=/System/Library/DriverExtensions
    export DEFAULT_KEXT_INSTALL_PATH\=/System/Library/Extensions
    export DEFINES_MODULE\=NO
    export DEPLOYMENT_LOCATION\=NO
    export DEPLOYMENT_POSTPROCESSING\=NO
    export DEPLOYMENT_TARGET_SETTING_NAME\=IPHONEOS_DEPLOYMENT_TARGET
    export DEPLOYMENT_TARGET_SUGGESTED_VALUES\=12.0\ 12.1\ 12.2\ 12.3\ 12.4\ 13.0\ 13.1\ 13.2\ 13.3\ 13.4\ 13.5\ 13.6\ 14.0\ 14.1\ 14.2\ 14.3\ 14.4\ 14.5\ 14.6\ 14.7\ 15.0\ 15.1\ 15.2\ 15.3\ 15.4\ 15.5\ 15.6\ 16.0\ 16.1\ 16.2\ 16.3\ 16.4\ 16.5\ 16.6\ 17.0\ 17.1\ 17.2\ 17.3\ 17.4\ 17.5\ 17.6\ 18.0\ 18.1\ 18.2\ 18.3\ 18.4\ 18.5\ 18.6\ 26.0\ 26.2\ 26.3\ 26.4\ 26.5
    export DERIVED_FILES_DIR\=/Users/ox/Documents/project/app-doorbell/build/remediation-parallel-20260922/ios9-arm64/Build/Intermediates.noindex/Doorbell.build/Release-iphoneos/DoorbellIOS9.build/DerivedSources
    export DERIVED_FILE_DIR\=/Users/ox/Documents/project/app-doorbell/build/remediation-parallel-20260922/ios9-arm64/Build/Intermediates.noindex/Doorbell.build/Release-iphoneos/DoorbellIOS9.build/DerivedSources
    export DERIVED_SOURCES_DIR\=/Users/ox/Documents/project/app-doorbell/build/remediation-parallel-20260922/ios9-arm64/Build/Intermediates.noindex/Doorbell.build/Release-iphoneos/DoorbellIOS9.build/DerivedSources
    export DERIVE_MACCATALYST_PRODUCT_BUNDLE_IDENTIFIER\=NO
    export DEVELOPER_APPLICATIONS_DIR\=/Applications/Xcode.app/Contents/Developer/Applications
    export DEVELOPER_BIN_DIR\=/Applications/Xcode.app/Contents/Developer/usr/bin
    export DEVELOPER_DIR\=/Applications/Xcode.app/Contents/Developer
    export DEVELOPER_FRAMEWORKS_DIR\=/Applications/Xcode.app/Contents/Developer/Library/Frameworks
    export DEVELOPER_FRAMEWORKS_DIR_QUOTED\=/Applications/Xcode.app/Contents/Developer/Library/Frameworks
    export DEVELOPER_LIBRARY_DIR\=/Applications/Xcode.app/Contents/Developer/Library
    export DEVELOPER_SDK_DIR\=/Applications/Xcode.app/Contents/Developer/Platforms/MacOSX.platform/Developer/SDKs
    export DEVELOPER_TOOLS_DIR\=/Applications/Xcode.app/Contents/Developer/Tools
    export DEVELOPER_USR_DIR\=/Applications/Xcode.app/Contents/Developer/usr
    export DEVELOPMENT_LANGUAGE\=ja
    export DIAGNOSE_MISSING_TARGET_DEPENDENCIES\=YES
    export DIFF\=/usr/bin/diff
    export DOCUMENTATION_FOLDER_PATH\=DoorbellIOS9.app/ja.lproj/Documentation
    export DONT_GENERATE_INFOPLIST_FILE\=NO
    export DSTROOT\=/tmp/Doorbell.dst
    export DT_TOOLCHAIN_DIR\=/Applications/Xcode.app/Contents/Developer/Toolchains/XcodeDefault.xctoolchain
    export DUMP_DEPENDENCIES\=NO
    export DUMP_DEPENDENCIES_OUTPUT_PATH\=/Users/ox/Documents/project/app-doorbell/build/remediation-parallel-20260922/ios9-arm64/Build/Intermediates.noindex/Doorbell.build/Release-iphoneos/DoorbellIOS9.build/DoorbellIOS9-BuildDependencyInfo.json
    export DWARF_DSYM_FILE_NAME\=DoorbellIOS9.app.dSYM
    export DWARF_DSYM_FILE_SHOULD_ACCOMPANY_PRODUCT\=NO
    export DWARF_DSYM_FOLDER_PATH\=/Users/ox/Documents/project/app-doorbell/build/remediation-parallel-20260922/ios9-arm64/Build/Products/Release-iphoneos
    export DYNAMIC_LIBRARY_EXTENSION\=dylib
    export EAGER_COMPILATION_ALLOW_SCRIPTS\=NO
    export EAGER_LINKING\=NO
    export EFFECTIVE_PLATFORM_NAME\=-iphoneos
    export EFFECTIVE_SWIFT_VERSION\=5
    export EMBEDDED_CONTENT_CONTAINS_SWIFT\=NO
    export EMBEDDED_PROFILE_NAME\=embedded.mobileprovision
    export EMBED_ASSET_PACKS_IN_PRODUCT_BUNDLE\=NO
    export ENABLE_APP_SANDBOX\=NO
    export ENABLE_CODE_COVERAGE\=YES
    export ENABLE_COHORT_ARCHS\=NO
    export ENABLE_CPLUSPLUS_BOUNDS_SAFE_BUFFERS\=NO
    export ENABLE_C_BOUNDS_SAFETY\=NO
    export ENABLE_DEBUG_DYLIB\=NO
    export ENABLE_DEFAULT_HEADER_SEARCH_PATHS\=YES
    export ENABLE_DEFAULT_SEARCH_PATHS\=YES
    export ENABLE_ENHANCED_SECURITY\=NO
    export ENABLE_HARDENED_RUNTIME\=NO
    export ENABLE_HEADER_DEPENDENCIES\=YES
    export ENABLE_INCOMING_NETWORK_CONNECTIONS\=NO
    export ENABLE_NS_ASSERTIONS\=NO
    export ENABLE_ON_DEMAND_RESOURCES\=YES
    export ENABLE_OUTGOING_NETWORK_CONNECTIONS\=NO
    export ENABLE_POINTER_AUTHENTICATION\=NO
    export ENABLE_PREVIEWS\=NO
    export ENABLE_RESOURCE_ACCESS_AUDIO_INPUT\=NO
    export ENABLE_RESOURCE_ACCESS_BLUETOOTH\=NO
    export ENABLE_RESOURCE_ACCESS_CALENDARS\=NO
    export ENABLE_RESOURCE_ACCESS_CAMERA\=NO
    export ENABLE_RESOURCE_ACCESS_CONTACTS\=NO
    export ENABLE_RESOURCE_ACCESS_LOCATION\=NO
    export ENABLE_RESOURCE_ACCESS_PHOTO_LIBRARY\=NO
    export ENABLE_RESOURCE_ACCESS_PRINTING\=NO
    export ENABLE_RESOURCE_ACCESS_USB\=NO
    export ENABLE_SDK_IMPORTS\=NO
    export ENABLE_SECURITY_COMPILER_WARNINGS\=NO
    export ENABLE_STRICT_OBJC_MSGSEND\=YES
    export ENABLE_TESTABILITY\=NO
    export ENABLE_TESTING_SEARCH_PATHS\=NO
    export ENABLE_USER_SCRIPT_SANDBOXING\=NO
    export ENABLE_XOJIT_PREVIEWS\=NO
    export ENFORCE_VALID_ARCHS\=YES
    export ENTITLEMENTS_ALLOWED\=YES
    export ENTITLEMENTS_DESTINATION\=Signature
    export ENTITLEMENTS_REQUIRED\=NO
    export EXCLUDED_INSTALLSRC_SUBDIRECTORY_PATTERNS\=.DS_Store\ .svn\ .git\ .hg\ CVS
    export EXCLUDED_RECURSIVE_SEARCH_PATH_SUBDIRECTORIES\=\*.nib\ \*.lproj\ \*.framework\ \*.gch\ \*.xcode\*\ \*.xcassets\ \*.icon\ \(\*\)\ .DS_Store\ CVS\ .svn\ .git\ .hg\ \*.pbproj\ \*.pbxproj
    export EXECUTABLES_FOLDER_PATH\=DoorbellIOS9.app/Executables
    export EXECUTABLE_FOLDER_PATH\=DoorbellIOS9.app
    export EXECUTABLE_FOLDER_PATH_SHALLOW_BUNDLE_NO\=DoorbellIOS9.app/MacOS
    export EXECUTABLE_FOLDER_PATH_SHALLOW_BUNDLE_YES\=DoorbellIOS9.app
    export EXECUTABLE_NAME\=DoorbellIOS9
    export EXECUTABLE_PATH\=DoorbellIOS9.app/DoorbellIOS9
    export EXTENSIONS_FOLDER_PATH\=DoorbellIOS9.app/Extensions
    export FILE_LIST\=/Users/ox/Documents/project/app-doorbell/build/remediation-parallel-20260922/ios9-arm64/Build/Intermediates.noindex/Doorbell.build/Release-iphoneos/DoorbellIOS9.build/Objects/LinkFileList
    export FIXED_FILES_DIR\=/Users/ox/Documents/project/app-doorbell/build/remediation-parallel-20260922/ios9-arm64/Build/Intermediates.noindex/Doorbell.build/Release-iphoneos/DoorbellIOS9.build/FixedFiles
    export FRAMEWORKS_FOLDER_PATH\=DoorbellIOS9.app/Frameworks
    export FRAMEWORK_FLAG_PREFIX\=-framework
    export FRAMEWORK_SEARCH_PATHS\=/Users/ox/Documents/project/app-doorbell/build/remediation-parallel-20260922/ios9-arm64/Build/Products/Release-iphoneos\ 
    export FRAMEWORK_VERSION\=A
    export FULL_PRODUCT_NAME\=DoorbellIOS9.app
    export FUSE_BUILD_PHASES\=YES
    export FUSE_BUILD_SCRIPT_PHASES\=NO
    export GCC3_VERSION\=3.3
    export GCC_C_LANGUAGE_STANDARD\=gnu11
    export GCC_DYNAMIC_NO_PIC\=NO
    export GCC_INLINES_ARE_PRIVATE_EXTERN\=YES
    export GCC_NO_COMMON_BLOCKS\=YES
    export GCC_PFE_FILE_C_DIALECTS\=c\ objective-c\ c++\ objective-c++
    export GCC_SYMBOLS_PRIVATE_EXTERN\=YES
    export GCC_THUMB_SUPPORT\=YES
    export GCC_TREAT_WARNINGS_AS_ERRORS\=NO
    export GCC_VERSION\=com.apple.compilers.llvm.clang.1_0
    export GCC_VERSION_IDENTIFIER\=com_apple_compilers_llvm_clang_1_0
    export GCC_WARN_64_TO_32_BIT_CONVERSION\=NO
    export GENERATED_MODULEMAP_DIR\=/Users/ox/Documents/project/app-doorbell/build/remediation-parallel-20260922/ios9-arm64/Build/Intermediates.noindex/GeneratedModuleMaps-iphoneos
    export GENERATE_INFOPLIST_FILE\=NO
    export GENERATE_INTERMEDIATE_TEXT_BASED_STUBS\=YES
    export GENERATE_PKGINFO_FILE\=YES
    export GENERATE_PRELINK_OBJECT_FILE\=NO
    export GENERATE_PROFILING_CODE\=NO
    export GENERATE_TEXT_BASED_STUBS\=NO
    export GID\=20
    export GROUP\=staff
    export HEADERMAP_INCLUDES_FLAT_ENTRIES_FOR_TARGET_BEING_BUILT\=YES
    export HEADERMAP_INCLUDES_FRAMEWORK_ENTRIES_FOR_ALL_PRODUCT_TYPES\=YES
    export HEADERMAP_INCLUDES_FRAMEWORK_ENTRIES_FOR_TARGETS_NOT_BEING_BUILT\=YES
    export HEADERMAP_INCLUDES_NONPUBLIC_NONPRIVATE_HEADERS\=YES
    export HEADERMAP_INCLUDES_PROJECT_HEADERS\=YES
    export HEADERMAP_USES_FRAMEWORK_PREFIX_ENTRIES\=YES
    export HEADERMAP_USES_VFS\=NO
    export HEADER_SEARCH_PATHS\=/Users/ox/Documents/project/app-doorbell/build/remediation-parallel-20260922/ios9-arm64/Build/Products/Release-iphoneos/include\ /Users/ox/Documents/project/app-doorbell/ios/../core/include
    export HOME\=/Users/ox
    export HOST_ARCH\=arm64
    export HOST_PLATFORM\=macosx
    export ICONV\=/usr/bin/iconv
    export IMPLICIT_DEPENDENCY_DOMAIN\=default
    export INDEX_STORE_COMPRESS\=NO
    export INDEX_STORE_ONLY_PROJECT_FILES\=NO
    export INFOPLIST_ENABLE_CFBUNDLEICONS_MERGE\=YES
    export INFOPLIST_EXPAND_BUILD_SETTINGS\=YES
    export INFOPLIST_FILE\=Doorbell/Info.plist
    export INFOPLIST_OUTPUT_FORMAT\=binary
    export INFOPLIST_PATH\=DoorbellIOS9.app/Info.plist
    export INFOPLIST_PREPROCESS\=NO
    export INFOSTRINGS_PATH\=DoorbellIOS9.app/ja.lproj/InfoPlist.strings
    export INLINE_PRIVATE_FRAMEWORKS\=NO
    export INSTALLAPI_IGNORE_SKIP_INSTALL\=YES
    export INSTALLHDRS_COPY_PHASE\=NO
    export INSTALLHDRS_SCRIPT_PHASE\=NO
    export INSTALL_DIR\=/tmp/Doorbell.dst/Applications
    export INSTALL_GROUP\=staff
    export INSTALL_MODE_FLAG\=u+w,go-w,a+rX
    export INSTALL_OWNER\=ox
    export INSTALL_PATH\=/Applications
    export INSTALL_ROOT\=/tmp/Doorbell.dst
    export IPHONEOS_DEPLOYMENT_TARGET\=9.0
    export IS_UNOPTIMIZED_BUILD\=NO
    export JAVAC_DEFAULT_FLAGS\=-J-Xms64m\ -J-XX:NewSize\=4M\ -J-Dfile.encoding\=UTF8
    export JAVA_APP_STUB\=/System/Library/Frameworks/JavaVM.framework/Resources/MacOS/JavaApplicationStub
    export JAVA_ARCHIVE_CLASSES\=YES
    export JAVA_ARCHIVE_TYPE\=JAR
    export JAVA_COMPILER\=/usr/bin/javac
    export JAVA_FOLDER_PATH\=DoorbellIOS9.app/Java
    export JAVA_FRAMEWORK_RESOURCES_DIRS\=Resources
    export JAVA_JAR_FLAGS\=cv
    export JAVA_SOURCE_SUBDIR\=.
    export JAVA_USE_DEPENDENCIES\=YES
    export JAVA_ZIP_FLAGS\=-urg
    export JIKES_DEFAULT_FLAGS\=+E\ +OLDCSO
    export KASAN_CFLAGS_CLASSIC\=-DKASAN\=1\ -DKASAN_CLASSIC\=1\ -fsanitize\=address\ -mllvm\ -asan-globals-live-support\ -mllvm\ -asan-force-dynamic-shadow
    export KASAN_CFLAGS_TBI\=-DKASAN\=1\ -DKASAN_TBI\=1\ -fsanitize\=kernel-hwaddress\ -mllvm\ -hwasan-recover\=0\ -mllvm\ -hwasan-instrument-atomics\=0\ -mllvm\ -hwasan-instrument-stack\=1\ -mllvm\ -hwasan-generate-tags-with-calls\=1\ -mllvm\ -hwasan-instrument-with-calls\=1\ -mllvm\ -hwasan-use-short-granules\=0\ -mllvm\ -hwasan-memory-access-callback-prefix\=__asan_
    export KASAN_DEFAULT_CFLAGS\=-DKASAN\=1\ -DKASAN_CLASSIC\=1\ -fsanitize\=address\ -mllvm\ -asan-globals-live-support\ -mllvm\ -asan-force-dynamic-shadow
    export KEEP_PRIVATE_EXTERNS\=NO
    export LD_DEPENDENCY_INFO_FILE\=/Users/ox/Documents/project/app-doorbell/build/remediation-parallel-20260922/ios9-arm64/Build/Intermediates.noindex/Doorbell.build/Release-iphoneos/DoorbellIOS9.build/Objects-normal/undefined_arch/DoorbellIOS9_dependency_info.dat
    export LD_EXPORT_SYMBOLS\=YES
    export LD_GENERATE_MAP_FILE\=NO
    export LD_MAP_FILE_PATH\=/Users/ox/Documents/project/app-doorbell/build/remediation-parallel-20260922/ios9-arm64/Build/Intermediates.noindex/Doorbell.build/Release-iphoneos/DoorbellIOS9.build/DoorbellIOS9-LinkMap-normal-undefined_arch.txt
    export LD_NO_PIE\=NO
    export LD_QUOTE_LINKER_ARGUMENTS_FOR_COMPILER_DRIVER\=YES
    export LD_RUNPATH_SEARCH_PATHS_YES\=@loader_path/../Frameworks
    export LD_SHARED_CACHE_ELIGIBLE\=Automatic
    export LD_WARN_DUPLICATE_LIBRARIES\=NO
    export LD_WARN_UNUSED_DYLIBS\=NO
    export LEGACY_DEVELOPER_DIR\=/Applications/Xcode.app/Contents/PlugIns/Xcode3Core.ideplugin/Contents/SharedSupport/Developer
    export LEX\=lex
    export LIBRARY_DEXT_INSTALL_PATH\=/Library/DriverExtensions
    export LIBRARY_FLAG_NOSPACE\=YES
    export LIBRARY_FLAG_PREFIX\=-l
    export LIBRARY_KEXT_INSTALL_PATH\=/Library/Extensions
    export LIBRARY_SEARCH_PATHS\=/Users/ox/Documents/project/app-doorbell/build/remediation-parallel-20260922/ios9-arm64/Build/Products/Release-iphoneos\ /Users/ox/Documents/project/app-doorbell/ios/build/core/iphoneos/arm64/min-9.0
    export LINKER_DISPLAYS_MANGLED_NAMES\=NO
    export LINK_FILE_LIST_normal_arm64\=/Users/ox/Documents/project/app-doorbell/build/remediation-parallel-20260922/ios9-arm64/Build/Intermediates.noindex/Doorbell.build/Release-iphoneos/DoorbellIOS9.build/Objects-normal/arm64/DoorbellIOS9.LinkFileList
    export LINK_OBJC_RUNTIME\=YES
    export LINK_WITH_STANDARD_LIBRARIES\=YES
    export LLVM_TARGET_TRIPLE_OS_VERSION\=ios9.0
    export LLVM_TARGET_TRIPLE_VENDOR\=apple
    export LM_AUX_CONST_METADATA_LIST_PATH_normal_arm64\=/Users/ox/Documents/project/app-doorbell/build/remediation-parallel-20260922/ios9-arm64/Build/Intermediates.noindex/Doorbell.build/Release-iphoneos/DoorbellIOS9.build/Objects-normal/arm64/DoorbellIOS9.SwiftConstValuesFileList
    export LOCALIZATION_EXPORT_SUPPORTED\=YES
    export LOCALIZATION_PREFERS_STRING_CATALOGS\=NO
    export LOCALIZED_RESOURCES_FOLDER_PATH\=DoorbellIOS9.app/ja.lproj
    export LOCALIZED_STRING_CODE_COMMENTS\=NO
    export LOCALIZED_STRING_MACRO_NAMES\=NSLocalizedString\ CFCopyLocalizedString
    export LOCALIZED_STRING_SWIFTUI_SUPPORT\=YES
    export LOCAL_ADMIN_APPS_DIR\=/Applications/Utilities
    export LOCAL_APPS_DIR\=/Applications
    export LOCAL_DEVELOPER_DIR\=/Library/Developer
    export LOCAL_LIBRARY_DIR\=/Library
    export LOCROOT\=/Users/ox/Documents/project/app-doorbell/ios
    export LOCSYMROOT\=/Users/ox/Documents/project/app-doorbell/ios
    export MACH_O_TYPE\=mh_execute
    export MAC_OS_X_PRODUCT_BUILD_VERSION\=25F80
    export MAC_OS_X_VERSION_ACTUAL\=260501
    export MAC_OS_X_VERSION_MAJOR\=260000
    export MAC_OS_X_VERSION_MINOR\=260500
    export MAKE_MERGEABLE\=NO
    export MERGEABLE_LIBRARY\=NO
    export MERGED_BINARY_TYPE\=none
    export MERGE_LINKED_LIBRARIES\=NO
    export METAL_LIBRARY_FILE_BASE\=default
    export METAL_LIBRARY_OUTPUT_DIR\=/Users/ox/Documents/project/app-doorbell/build/remediation-parallel-20260922/ios9-arm64/Build/Products/Release-iphoneos/DoorbellIOS9.app
    export MODULES_FOLDER_PATH\=DoorbellIOS9.app/Modules
    export MODULE_CACHE_DIR\=/Users/ox/Documents/project/app-doorbell/build/remediation-parallel-20260922/ios9-arm64/ModuleCache.noindex
    export NATIVE_ARCH\=arm64
    export NATIVE_ARCH_32_BIT\=arm
    export NATIVE_ARCH_64_BIT\=arm64
    export NATIVE_ARCH_ACTUAL\=arm64
    export NO_COMMON\=YES
    export OBJECT_FILE_DIR\=/Users/ox/Documents/project/app-doorbell/build/remediation-parallel-20260922/ios9-arm64/Build/Intermediates.noindex/Doorbell.build/Release-iphoneos/DoorbellIOS9.build/Objects
    export OBJECT_FILE_DIR_normal\=/Users/ox/Documents/project/app-doorbell/build/remediation-parallel-20260922/ios9-arm64/Build/Intermediates.noindex/Doorbell.build/Release-iphoneos/DoorbellIOS9.build/Objects-normal
    export OBJROOT\=/Users/ox/Documents/project/app-doorbell/build/remediation-parallel-20260922/ios9-arm64/Build/Intermediates.noindex
    export ONLY_ACTIVE_ARCH\=NO
    export OS\=MACOS
    export OSAC\=/usr/bin/osacompile
    export OTHER_LDFLAGS\=-ldoorbell_all\ -lc++\ -framework\ AVFoundation\ -framework\ AudioToolbox\ -framework\ CoreAudio\ -framework\ CoreMedia\ -framework\ CoreVideo\ -framework\ VideoToolbox\ -framework\ CFNetwork\ -framework\ Security\ -framework\ UIKit
    export PACKAGE_TYPE\=com.apple.package-type.wrapper.application
    export PASCAL_STRINGS\=YES
    export PATH\=/Applications/Xcode.app/Contents/SharedFrameworks/SwiftBuild.framework/Versions/A/PlugIns/SWBBuildService.bundle/Contents/PlugIns/SWBUniversalPlatformPlugin.bundle/Contents/Frameworks/SWBUniversalPlatform.framework/Resources:/Applications/Xcode.app/Contents/Developer/Toolchains/XcodeDefault.xctoolchain/usr/bin:/Applications/Xcode.app/Contents/Developer/Toolchains/XcodeDefault.xctoolchain/usr/local/bin:/Applications/Xcode.app/Contents/Developer/Toolchains/XcodeDefault.xctoolchain/usr/libexec:/Applications/Xcode.app/Contents/Developer/Platforms/iPhoneOS.platform/usr/bin:/Applications/Xcode.app/Contents/Developer/Platforms/iPhoneOS.platform/usr/local/bin:/Applications/Xcode.app/Contents/Developer/Platforms/iPhoneOS.platform/Developer/usr/bin:/Applications/Xcode.app/Contents/Developer/Platforms/iPhoneOS.platform/Developer/usr/local/bin:/Applications/Xcode.app/Contents/Developer/usr/bin:/Applications/Xcode.app/Contents/Developer/usr/local/bin:/Users/ox/.cargo/bin:/opt/homebrew/bin:/opt/homebrew/sbin:/usr/local/bin:/System/Cryptexes/App/usr/bin:/usr/bin:/bin:/usr/sbin:/sbin:/var/run/com.apple.security.cryptexd/codex.system/bootstrap/usr/local/bin:/var/run/com.apple.security.cryptexd/codex.system/bootstrap/usr/bin:/var/run/com.apple.security.cryptexd/codex.system/bootstrap/usr/appleinternal/bin:/pkg/env/global/bin:/Library/Apple/usr/bin:/Users/ox/.codex/tmp/arg0/codex-arg0LiedK2:/Users/ox/.cache/codex-runtimes/codex-primary-runtime/dependencies/bin/override:/Users/ox/Library/pnpm:/Users/ox/.orbstack/bin:/Users/ox/.lmstudio/bin:/Users/ox/.cache/codex-runtimes/codex-primary-runtime/dependencies/bin/fallback:/Applications/Codex.app/Contents/Resources
    export PATH_PREFIXES_EXCLUDED_FROM_HEADER_DEPENDENCIES\=/usr/include\ /usr/local/include\ /System/Library/Frameworks\ /System/Library/PrivateFrameworks\ /Applications/Xcode.app/Contents/Developer/Headers\ /Applications/Xcode.app/Contents/Developer/SDKs\ /Applications/Xcode.app/Contents/Developer/Platforms
    export PBDEVELOPMENTPLIST_PATH\=DoorbellIOS9.app/pbdevelopment.plist
    export PER_ARCH_MODULE_FILE_DIR\=/Users/ox/Documents/project/app-doorbell/build/remediation-parallel-20260922/ios9-arm64/Build/Intermediates.noindex/Doorbell.build/Release-iphoneos/DoorbellIOS9.build/Objects-normal/undefined_arch
    export PER_ARCH_OBJECT_FILE_DIR\=/Users/ox/Documents/project/app-doorbell/build/remediation-parallel-20260922/ios9-arm64/Build/Intermediates.noindex/Doorbell.build/Release-iphoneos/DoorbellIOS9.build/Objects-normal/undefined_arch
    export PER_VARIANT_OBJECT_FILE_DIR\=/Users/ox/Documents/project/app-doorbell/build/remediation-parallel-20260922/ios9-arm64/Build/Intermediates.noindex/Doorbell.build/Release-iphoneos/DoorbellIOS9.build/Objects-normal
    export PKGINFO_FILE_PATH\=/Users/ox/Documents/project/app-doorbell/build/remediation-parallel-20260922/ios9-arm64/Build/Intermediates.noindex/Doorbell.build/Release-iphoneos/DoorbellIOS9.build/PkgInfo
    export PKGINFO_PATH\=DoorbellIOS9.app/PkgInfo
    export PLATFORM_DEVELOPER_APPLICATIONS_DIR\=/Applications/Xcode.app/Contents/Developer/Platforms/iPhoneOS.platform/Developer/Applications
    export PLATFORM_DEVELOPER_BIN_DIR\=/Applications/Xcode.app/Contents/Developer/Platforms/iPhoneOS.platform/Developer/usr/bin
    export PLATFORM_DEVELOPER_LIBRARY_DIR\=/Applications/Xcode.app/Contents/Developer/Platforms/iPhoneOS.platform/Developer/Library
    export PLATFORM_DEVELOPER_SDK_DIR\=/Applications/Xcode.app/Contents/Developer/Platforms/iPhoneOS.platform/Developer/SDKs
    export PLATFORM_DEVELOPER_TOOLS_DIR\=/Applications/Xcode.app/Contents/Developer/Platforms/iPhoneOS.platform/Developer/Tools
    export PLATFORM_DEVELOPER_USR_DIR\=/Applications/Xcode.app/Contents/Developer/Platforms/iPhoneOS.platform/Developer/usr
    export PLATFORM_DIR\=/Applications/Xcode.app/Contents/Developer/Platforms/iPhoneOS.platform
    export PLATFORM_DISPLAY_NAME\=iOS
    export PLATFORM_FAMILY_NAME\=iOS
    export PLATFORM_NAME\=iphoneos
    export PLATFORM_PREFERRED_ARCH\=arm64
    export PLATFORM_PRODUCT_BUILD_VERSION\=23F81a
    export PLATFORM_REQUIRES_SWIFT_AUTOLINK_EXTRACT\=NO
    export PLATFORM_REQUIRES_SWIFT_MODULEWRAP\=NO
    export PLATFORM_USES_DSYMS\=YES
    export PLIST_FILE_OUTPUT_FORMAT\=binary
    export PLUGINS_FOLDER_PATH\=DoorbellIOS9.app/PlugIns
    export PRECOMPS_INCLUDE_HEADERS_FROM_BUILT_PRODUCTS_DIR\=YES
    export PRECOMP_DESTINATION_DIR\=/Users/ox/Documents/project/app-doorbell/build/remediation-parallel-20260922/ios9-arm64/Build/Intermediates.noindex/Doorbell.build/Release-iphoneos/DoorbellIOS9.build/PrefixHeaders
    export PRIVATE_HEADERS_FOLDER_PATH\=DoorbellIOS9.app/PrivateHeaders
    export PROCESSED_INFOPLIST_PATH\=/Users/ox/Documents/project/app-doorbell/build/remediation-parallel-20260922/ios9-arm64/Build/Intermediates.noindex/Doorbell.build/Release-iphoneos/DoorbellIOS9.build/Objects-normal/undefined_arch/Processed-Info.plist
    export PRODUCT_BUNDLE_IDENTIFIER\=jp.ox.doorbell
    export PRODUCT_BUNDLE_PACKAGE_TYPE\=APPL
    export PRODUCT_MODULE_NAME\=DoorbellIOS9
    export PRODUCT_NAME\=DoorbellIOS9
    export PRODUCT_SETTINGS_PATH\=/Users/ox/Documents/project/app-doorbell/ios/Doorbell/Info.plist
    export PRODUCT_TYPE\=com.apple.product-type.application
    export PROFILING_CODE\=NO
    export PROJECT\=Doorbell
    export PROJECT_DERIVED_FILE_DIR\=/Users/ox/Documents/project/app-doorbell/build/remediation-parallel-20260922/ios9-arm64/Build/Intermediates.noindex/Doorbell.build/DerivedSources
    export PROJECT_DIR\=/Users/ox/Documents/project/app-doorbell/ios
    export PROJECT_FILE_PATH\=/Users/ox/Documents/project/app-doorbell/ios/Doorbell.xcodeproj
    export PROJECT_GUID\=64d22189ff5b5ad0421604a35f6833e4
    export PROJECT_NAME\=Doorbell
    export PROJECT_TEMP_DIR\=/Users/ox/Documents/project/app-doorbell/build/remediation-parallel-20260922/ios9-arm64/Build/Intermediates.noindex/Doorbell.build
    export PROJECT_TEMP_ROOT\=/Users/ox/Documents/project/app-doorbell/build/remediation-parallel-20260922/ios9-arm64/Build/Intermediates.noindex
    export PROVISIONING_PROFILE_REQUIRED\=YES
    export PROVISIONING_PROFILE_REQUIRED_YES_YES\=YES
    export PROVISIONING_PROFILE_SUPPORTED\=YES
    export PUBLIC_HEADERS_FOLDER_PATH\=DoorbellIOS9.app/Headers
    export RECOMMENDED_IPHONEOS_DEPLOYMENT_TARGET\=15.0
    export RECURSIVE_SEARCH_PATHS_FOLLOW_SYMLINKS\=YES
    export REMOVE_CVS_FROM_RESOURCES\=YES
    export REMOVE_GIT_FROM_RESOURCES\=YES
    export REMOVE_HEADERS_FROM_EMBEDDED_BUNDLES\=YES
    export REMOVE_HG_FROM_RESOURCES\=YES
    export REMOVE_STATIC_EXECUTABLES_FROM_EMBEDDED_BUNDLES\=YES
    export REMOVE_SVN_FROM_RESOURCES\=YES
    export RESCHEDULE_INDEPENDENT_HEADERS_PHASES\=YES
    export REZ_COLLECTOR_DIR\=/Users/ox/Documents/project/app-doorbell/build/remediation-parallel-20260922/ios9-arm64/Build/Intermediates.noindex/Doorbell.build/Release-iphoneos/DoorbellIOS9.build/ResourceManagerResources
    export REZ_OBJECTS_DIR\=/Users/ox/Documents/project/app-doorbell/build/remediation-parallel-20260922/ios9-arm64/Build/Intermediates.noindex/Doorbell.build/Release-iphoneos/DoorbellIOS9.build/ResourceManagerResources/Objects
    export REZ_SEARCH_PATHS\=/Users/ox/Documents/project/app-doorbell/build/remediation-parallel-20260922/ios9-arm64/Build/Products/Release-iphoneos\ 
    export RPATH_ORIGIN\=@loader_path
    export RUNTIME_EXCEPTION_ALLOW_DYLD_ENVIRONMENT_VARIABLES\=NO
    export RUNTIME_EXCEPTION_ALLOW_JIT\=NO
    export RUNTIME_EXCEPTION_ALLOW_UNSIGNED_EXECUTABLE_MEMORY\=NO
    export RUNTIME_EXCEPTION_DEBUGGING_TOOL\=NO
    export RUNTIME_EXCEPTION_DISABLE_EXECUTABLE_PAGE_PROTECTION\=NO
    export RUNTIME_EXCEPTION_DISABLE_LIBRARY_VALIDATION\=NO
    export SCANNING_PCM_KEEP_CACHE_DIRECTORY\=YES
    export SCAN_ALL_SOURCE_FILES_FOR_INCLUDES\=NO
    export SCRIPTS_FOLDER_PATH\=DoorbellIOS9.app/Scripts
    export SCRIPT_INPUT_FILE_COUNT\=0
    export SCRIPT_INPUT_FILE_LIST_COUNT\=0
    export SCRIPT_OUTPUT_FILE_COUNT\=0
    export SCRIPT_OUTPUT_FILE_LIST_COUNT\=0
    export SDKROOT\=/Applications/Xcode.app/Contents/Developer/Platforms/iPhoneOS.platform/Developer/SDKs/iPhoneOS26.5.sdk
    export SDK_DIR\=/Applications/Xcode.app/Contents/Developer/Platforms/iPhoneOS.platform/Developer/SDKs/iPhoneOS26.5.sdk
    export SDK_DIR_iphoneos\=/Applications/Xcode.app/Contents/Developer/Platforms/iPhoneOS.platform/Developer/SDKs/iPhoneOS26.5.sdk
    export SDK_DIR_iphoneos26_5\=/Applications/Xcode.app/Contents/Developer/Platforms/iPhoneOS.platform/Developer/SDKs/iPhoneOS26.5.sdk
    export SDK_NAME\=iphoneos26.5
    export SDK_NAMES\=iphoneos26.5
    export SDK_PRODUCT_BUILD_VERSION\=23F81a
    export SDK_STAT_CACHE_DIR\=/Users/ox/Documents/project/app-doorbell/build/remediation-parallel-20260922/ios9-arm64
    export SDK_STAT_CACHE_ENABLE\=YES
    export SDK_STAT_CACHE_PATH\=/Users/ox/Documents/project/app-doorbell/build/remediation-parallel-20260922/ios9-arm64/SDKStatCaches.noindex/iphoneos26.5-23F81a-32daed1954a7d5dd0789fcaf2a9bb78b.sdkstatcache
    export SDK_VERSION\=26.5
    export SDK_VERSION_ACTUAL\=260500
    export SDK_VERSION_MAJOR\=260000
    export SDK_VERSION_MINOR\=260500
    export SED\=/usr/bin/sed
    export SEPARATE_STRIP\=NO
    export SEPARATE_SYMBOL_EDIT\=NO
    export SET_DIR_MODE_OWNER_GROUP\=YES
    export SET_FILE_MODE_OWNER_GROUP\=NO
    export SHALLOW_BUNDLE\=YES
    export SHALLOW_BUNDLE_TRIPLE\=ios
    export SHALLOW_BUNDLE_ios_macabi\=NO
    export SHALLOW_BUNDLE_macos\=NO
    export SHARED_DERIVED_FILE_DIR\=/Users/ox/Documents/project/app-doorbell/build/remediation-parallel-20260922/ios9-arm64/Build/Products/Release-iphoneos/DerivedSources
    export SHARED_FRAMEWORKS_FOLDER_PATH\=DoorbellIOS9.app/SharedFrameworks
    export SHARED_PRECOMPS_DIR\=/Users/ox/Documents/project/app-doorbell/build/remediation-parallel-20260922/ios9-arm64/Build/Intermediates.noindex/PrecompiledHeaders
    export SHARED_SUPPORT_FOLDER_PATH\=DoorbellIOS9.app/SharedSupport
    export SKIP_INSTALL\=NO
    export SKIP_MERGEABLE_LIBRARY_BUNDLE_HOOK\=NO
    export SOURCE_ROOT\=/Users/ox/Documents/project/app-doorbell/ios
    export SRCROOT\=/Users/ox/Documents/project/app-doorbell/ios
    export STRINGSDATA_DIR\=/Users/ox/Documents/project/app-doorbell/build/remediation-parallel-20260922/ios9-arm64/Build/Intermediates.noindex/Doorbell.build/Release-iphoneos/DoorbellIOS9.build/Objects-normal/undefined_arch
    export STRINGSDATA_ROOT\=/Users/ox/Documents/project/app-doorbell/build/remediation-parallel-20260922/ios9-arm64/Build/Intermediates.noindex/Doorbell.build/Release-iphoneos/DoorbellIOS9.build
    export STRINGS_FILE_INFOPLIST_RENAME\=YES
    export STRINGS_FILE_OUTPUT_ENCODING\=binary
    export STRING_CATALOG_GENERATE_SYMBOLS\=NO
    export STRIP_BITCODE_FROM_COPIED_FILES\=YES
    export STRIP_INSTALLED_PRODUCT\=YES
    export STRIP_STYLE\=all
    export STRIP_SWIFT_SYMBOLS\=YES
    export SUPPORTED_DEVICE_FAMILIES\=1,2
    export SUPPORTED_PLATFORMS\=iphoneos
    export SUPPORTS_MACCATALYST\=NO
    export SUPPORTS_MAC_DESIGNED_FOR_IPHONE_IPAD\=YES
    export SUPPORTS_ON_DEMAND_RESOURCES\=YES
    export SUPPORTS_TEXT_BASED_API\=NO
    export SUPPORTS_XR_DESIGNED_FOR_IPHONE_IPAD\=YES
    export SUPPRESS_WARNINGS\=NO
    export SWIFT_ACTIVE_COMPILATION_CONDITIONS\=\ IOS9_COMPAT
    export SWIFT_COMPILATION_MODE\=wholemodule
    export SWIFT_EMIT_CONST_VALUE_PROTOCOLS\=AnyResolverProviding\ AppEntity\ AppEnum\ AppExtension\ AppIntent\ AppIntentsPackage\ AppShortcutProviding\ AppShortcutsProvider\ AppUnionValue\ AppUnionValueCasesProviding\ DynamicOptionsProvider\ EntityQuery\ ExtensionPointDefining\ IntentValueQuery\ Resolver\ TransientEntity\ _AssistantIntentsProvider\ _GenerativeFunctionExtractable\ _IntentValueRepresentable
    export SWIFT_EMIT_LOC_STRINGS\=NO
    export SWIFT_ENABLE_EXPLICIT_MODULES\=YES
    export SWIFT_OBJC_BRIDGING_HEADER\=Doorbell/BridgingHeader.h
    export SWIFT_OPTIMIZATION_LEVEL\=-O
    export SWIFT_PLATFORM_TARGET_PREFIX\=ios
    export SWIFT_RESPONSE_FILE_PATH_normal_arm64\=/Users/ox/Documents/project/app-doorbell/build/remediation-parallel-20260922/ios9-arm64/Build/Intermediates.noindex/Doorbell.build/Release-iphoneos/DoorbellIOS9.build/Objects-normal/arm64/DoorbellIOS9.SwiftFileList
    export SWIFT_VERSION\=5.0
    export SYMROOT\=/Users/ox/Documents/project/app-doorbell/build/remediation-parallel-20260922/ios9-arm64/Build/Products
    export SYSTEM_ADMIN_APPS_DIR\=/Applications/Utilities
    export SYSTEM_APPS_DIR\=/Applications
    export SYSTEM_CORE_SERVICES_DIR\=/System/Library/CoreServices
    export SYSTEM_DEMOS_DIR\=/Applications/Extras
    export SYSTEM_DEVELOPER_APPS_DIR\=/Applications/Xcode.app/Contents/Developer/Applications
    export SYSTEM_DEVELOPER_BIN_DIR\=/Applications/Xcode.app/Contents/Developer/usr/bin
    export SYSTEM_DEVELOPER_DEMOS_DIR\=/Applications/Xcode.app/Contents/Developer/Applications/Utilities/Built\ Examples
    export SYSTEM_DEVELOPER_DIR\=/Applications/Xcode.app/Contents/Developer
    export SYSTEM_DEVELOPER_DOC_DIR\=/Applications/Xcode.app/Contents/Developer/ADC\ Reference\ Library
    export SYSTEM_DEVELOPER_GRAPHICS_TOOLS_DIR\=/Applications/Xcode.app/Contents/Developer/Applications/Graphics\ Tools
    export SYSTEM_DEVELOPER_JAVA_TOOLS_DIR\=/Applications/Xcode.app/Contents/Developer/Applications/Java\ Tools
    export SYSTEM_DEVELOPER_PERFORMANCE_TOOLS_DIR\=/Applications/Xcode.app/Contents/Developer/Applications/Performance\ Tools
    export SYSTEM_DEVELOPER_RELEASENOTES_DIR\=/Applications/Xcode.app/Contents/Developer/ADC\ Reference\ Library/releasenotes
    export SYSTEM_DEVELOPER_TOOLS\=/Applications/Xcode.app/Contents/Developer/Tools
    export SYSTEM_DEVELOPER_TOOLS_DOC_DIR\=/Applications/Xcode.app/Contents/Developer/ADC\ Reference\ Library/documentation/DeveloperTools
    export SYSTEM_DEVELOPER_TOOLS_RELEASENOTES_DIR\=/Applications/Xcode.app/Contents/Developer/ADC\ Reference\ Library/releasenotes/DeveloperTools
    export SYSTEM_DEVELOPER_USR_DIR\=/Applications/Xcode.app/Contents/Developer/usr
    export SYSTEM_DEVELOPER_UTILITIES_DIR\=/Applications/Xcode.app/Contents/Developer/Applications/Utilities
    export SYSTEM_DEXT_INSTALL_PATH\=/System/Library/DriverExtensions
    export SYSTEM_DOCUMENTATION_DIR\=/Library/Documentation
    export SYSTEM_EXTENSIONS_FOLDER_PATH\=DoorbellIOS9.app/SystemExtensions
    export SYSTEM_EXTENSIONS_FOLDER_PATH_SHALLOW_BUNDLE_NO\=DoorbellIOS9.app/Library/SystemExtensions
    export SYSTEM_EXTENSIONS_FOLDER_PATH_SHALLOW_BUNDLE_YES\=DoorbellIOS9.app/SystemExtensions
    export SYSTEM_KEXT_INSTALL_PATH\=/System/Library/Extensions
    export SYSTEM_LIBRARY_DIR\=/System/Library
    export TAPI_DEMANGLE\=YES
    export TAPI_ENABLE_PROJECT_HEADERS\=NO
    export TAPI_LANGUAGE\=objective-c
    export TAPI_LANGUAGE_STANDARD\=compiler-default
    export TAPI_USE_SRCROOT\=YES
    export TAPI_VERIFY_MODE\=Pedantic
    export TARGETED_DEVICE_FAMILY\=1,2
    export TARGETNAME\=DoorbellIOS9
    export TARGET_BUILD_DIR\=/Users/ox/Documents/project/app-doorbell/build/remediation-parallel-20260922/ios9-arm64/Build/Products/Release-iphoneos
    export TARGET_NAME\=DoorbellIOS9
    export TARGET_TEMP_DIR\=/Users/ox/Documents/project/app-doorbell/build/remediation-parallel-20260922/ios9-arm64/Build/Intermediates.noindex/Doorbell.build/Release-iphoneos/DoorbellIOS9.build
    export TEMP_DIR\=/Users/ox/Documents/project/app-doorbell/build/remediation-parallel-20260922/ios9-arm64/Build/Intermediates.noindex/Doorbell.build/Release-iphoneos/DoorbellIOS9.build
    export TEMP_FILES_DIR\=/Users/ox/Documents/project/app-doorbell/build/remediation-parallel-20260922/ios9-arm64/Build/Intermediates.noindex/Doorbell.build/Release-iphoneos/DoorbellIOS9.build
    export TEMP_FILE_DIR\=/Users/ox/Documents/project/app-doorbell/build/remediation-parallel-20260922/ios9-arm64/Build/Intermediates.noindex/Doorbell.build/Release-iphoneos/DoorbellIOS9.build
    export TEMP_ROOT\=/Users/ox/Documents/project/app-doorbell/build/remediation-parallel-20260922/ios9-arm64/Build/Intermediates.noindex
    export TEMP_SANDBOX_DIR\=/Users/ox/Documents/project/app-doorbell/build/remediation-parallel-20260922/ios9-arm64/Build/Intermediates.noindex/TemporaryTaskSandboxes
    export TEST_FRAMEWORK_SEARCH_PATHS\=\ /Applications/Xcode.app/Contents/Developer/Platforms/iPhoneOS.platform/Developer/Library/Frameworks\ /Applications/Xcode.app/Contents/Developer/Platforms/iPhoneOS.platform/Developer/SDKs/iPhoneOS26.5.sdk/Developer/Library/Frameworks
    export TEST_LIBRARY_SEARCH_PATHS\=\ /Applications/Xcode.app/Contents/Developer/Platforms/iPhoneOS.platform/Developer/usr/lib
    export TOOLCHAINS\=com.apple.dt.toolchain.XcodeDefault
    export TOOLCHAIN_DIR\=/Applications/Xcode.app/Contents/Developer/Toolchains/XcodeDefault.xctoolchain
    export TREAT_MISSING_BASELINES_AS_TEST_FAILURES\=NO
    export TREAT_MISSING_SCRIPT_PHASE_OUTPUTS_AS_ERRORS\=NO
    export UID\=501
    export UNINSTALLED_PRODUCTS_DIR\=/Users/ox/Documents/project/app-doorbell/build/remediation-parallel-20260922/ios9-arm64/Build/Intermediates.noindex/UninstalledProducts
    export UNLOCALIZED_RESOURCES_FOLDER_PATH\=DoorbellIOS9.app
    export UNLOCALIZED_RESOURCES_FOLDER_PATH_SHALLOW_BUNDLE_NO\=DoorbellIOS9.app/Resources
    export UNLOCALIZED_RESOURCES_FOLDER_PATH_SHALLOW_BUNDLE_YES\=DoorbellIOS9.app
    export UNSTRIPPED_PRODUCT\=NO
    export USER\=ox
    export USER_APPS_DIR\=/Users/ox/Applications
    export USER_LIBRARY_DIR\=/Users/ox/Library
    export USE_DYNAMIC_NO_PIC\=YES
    export USE_HEADERMAP\=YES
    export USE_HEADER_SYMLINKS\=NO
    export VALIDATE_DEVELOPMENT_ASSET_PATHS\=YES_ERROR
    export VALIDATE_PRODUCT\=YES
    export VALID_ARCHS\=arm64
    export VERBOSE_PBXCP\=NO
    export VERSIONPLIST_PATH\=DoorbellIOS9.app/version.plist
    export VERSION_INFO_BUILDER\=ox
    export VERSION_INFO_FILE\=DoorbellIOS9_vers.c
    export VERSION_INFO_STRING\=\"@\(\#\)PROGRAM:DoorbellIOS9\ \ PROJECT:Doorbell-\"
    export WORKSPACE_DIR\=/Users/ox/Documents/project/app-doorbell/ios/Doorbell.xcodeproj
    export WRAPPER_EXTENSION\=app
    export WRAPPER_NAME\=DoorbellIOS9.app
    export WRAPPER_SUFFIX\=.app
    export WRAP_ASSET_PACKS_IN_SEPARATE_DIRECTORIES\=NO
    export XCODE_APP_SUPPORT_DIR\=/Applications/Xcode.app/Contents/Developer/Library/Xcode
    export XCODE_PRODUCT_BUILD_VERSION\=17F113
    export XCODE_VERSION_ACTUAL\=2660
    export XCODE_VERSION_MAJOR\=2600
    export XCODE_VERSION_MINOR\=2660
    export XPCSERVICES_FOLDER_PATH\=DoorbellIOS9.app/XPCServices
    export YACC\=yacc
    export _DISCOVER_COMMAND_LINE_LINKER_INPUTS\=YES
    export _DISCOVER_COMMAND_LINE_LINKER_INPUTS_INCLUDE_WL\=YES
    export _LD_MULTIARCH\=YES
    export _WRAPPER_CONTENTS_DIR_SHALLOW_BUNDLE_NO\=/Contents
    export _WRAPPER_PARENT_PATH_SHALLOW_BUNDLE_NO\=/..
    export _WRAPPER_RESOURCES_DIR_SHALLOW_BUNDLE_NO\=/Resources
    export __DIAGNOSE_DEPRECATED_ARCHS\=YES
    export __IS_NOT_MACOS\=YES
    export __IS_NOT_MACOS_macosx\=NO
    export __IS_NOT_SIMULATOR\=YES
    export __IS_NOT_SIMULATOR_simulator\=NO
    export __ORIGINAL_SDK_DEFINED_LLVM_TARGET_TRIPLE_SYS\=ios
    export arch\=undefined_arch
    export variant\=normal
    /bin/sh -c /Users/ox/Documents/project/app-doorbell/build/remediation-parallel-20260922/ios9-arm64/Build/Intermediates.noindex/Doorbell.build/Release-iphoneos/DoorbellIOS9.build/Script-D90000000000000000000005.sh
ok: DoorbellIOS9 Release is arm64, minimum iOS 9.0, ABI v2, real PJSIP

ExtractAppIntentsMetadata (in target 'DoorbellIOS9' from project 'Doorbell')
    cd /Users/ox/Documents/project/app-doorbell/ios
    /Applications/Xcode.app/Contents/Developer/Toolchains/XcodeDefault.xctoolchain/usr/bin/appintentsmetadataprocessor --toolchain-dir /Applications/Xcode.app/Contents/Developer/Toolchains/XcodeDefault.xctoolchain --module-name DoorbellIOS9 --sdk-root /Applications/Xcode.app/Contents/Developer/Platforms/iPhoneOS.platform/Developer/SDKs/iPhoneOS26.5.sdk --xcode-version 17F113 --platform-family iOS --deployment-target 9.0 --bundle-identifier jp.ox.doorbell --output /Users/ox/Documents/project/app-doorbell/build/remediation-parallel-20260922/ios9-arm64/Build/Products/Release-iphoneos/DoorbellIOS9.app --target-triple arm64-apple-ios9.0 --binary-file /Users/ox/Documents/project/app-doorbell/build/remediation-parallel-20260922/ios9-arm64/Build/Products/Release-iphoneos/DoorbellIOS9.app/DoorbellIOS9 --dependency-file /Users/ox/Documents/project/app-doorbell/build/remediation-parallel-20260922/ios9-arm64/Build/Intermediates.noindex/Doorbell.build/Release-iphoneos/DoorbellIOS9.build/Objects-normal/arm64/DoorbellIOS9_dependency_info.dat --stringsdata-file /Users/ox/Documents/project/app-doorbell/build/remediation-parallel-20260922/ios9-arm64/Build/Intermediates.noindex/Doorbell.build/Release-iphoneos/DoorbellIOS9.build/Objects-normal/arm64/ExtractedAppShortcutsMetadata.stringsdata --source-file-list /Users/ox/Documents/project/app-doorbell/build/remediation-parallel-20260922/ios9-arm64/Build/Intermediates.noindex/Doorbell.build/Release-iphoneos/DoorbellIOS9.build/Objects-normal/arm64/DoorbellIOS9.SwiftFileList --metadata-file-list /Users/ox/Documents/project/app-doorbell/build/remediation-parallel-20260922/ios9-arm64/Build/Intermediates.noindex/Doorbell.build/Release-iphoneos/DoorbellIOS9.build/DoorbellIOS9.DependencyMetadataFileList --static-metadata-file-list /Users/ox/Documents/project/app-doorbell/build/remediation-parallel-20260922/ios9-arm64/Build/Intermediates.noindex/Doorbell.build/Release-iphoneos/DoorbellIOS9.build/DoorbellIOS9.DependencyStaticMetadataFileList --swift-const-vals-list /Users/ox/Documents/project/app-doorbell/build/remediation-parallel-20260922/ios9-arm64/Build/Intermediates.noindex/Doorbell.build/Release-iphoneos/DoorbellIOS9.build/Objects-normal/arm64/DoorbellIOS9.SwiftConstValuesFileList --compile-time-extraction --deployment-aware-processing --validate-assistant-intents --no-app-shortcuts-localization
2026-09-22 22:58:09.847 appintentsmetadataprocessor[91939:2694507] Starting appintentsmetadataprocessor export
2026-09-22 22:58:09.856 appintentsmetadataprocessor[91939:2694507] warning: Metadata extraction skipped. No AppIntents.framework dependency found.

CopySwiftLibs /Users/ox/Documents/project/app-doorbell/build/remediation-parallel-20260922/ios9-arm64/Build/Products/Release-iphoneos/DoorbellIOS9.app (in target 'DoorbellIOS9' from project 'Doorbell')
    cd /Users/ox/Documents/project/app-doorbell/ios
    builtin-swiftStdLibTool --copy --verbose --scan-executable /Users/ox/Documents/project/app-doorbell/build/remediation-parallel-20260922/ios9-arm64/Build/Products/Release-iphoneos/DoorbellIOS9.app/DoorbellIOS9 --scan-folder /Users/ox/Documents/project/app-doorbell/build/remediation-parallel-20260922/ios9-arm64/Build/Products/Release-iphoneos/DoorbellIOS9.app/Frameworks --scan-folder /Users/ox/Documents/project/app-doorbell/build/remediation-parallel-20260922/ios9-arm64/Build/Products/Release-iphoneos/DoorbellIOS9.app/PlugIns --scan-folder /Users/ox/Documents/project/app-doorbell/build/remediation-parallel-20260922/ios9-arm64/Build/Products/Release-iphoneos/DoorbellIOS9.app/SystemExtensions --scan-folder /Users/ox/Documents/project/app-doorbell/build/remediation-parallel-20260922/ios9-arm64/Build/Products/Release-iphoneos/DoorbellIOS9.app/Extensions --platform iphoneos --toolchain /Applications/Xcode.app/Contents/Developer/Toolchains/XcodeDefault.xctoolchain --destination /Users/ox/Documents/project/app-doorbell/build/remediation-parallel-20260922/ios9-arm64/Build/Products/Release-iphoneos/DoorbellIOS9.app/Frameworks --strip-bitcode --strip-bitcode-tool /Applications/Xcode.app/Contents/Developer/Toolchains/XcodeDefault.xctoolchain/usr/bin/bitcode_strip --emit-dependency-info /Users/ox/Documents/project/app-doorbell/build/remediation-parallel-20260922/ios9-arm64/Build/Intermediates.noindex/Doorbell.build/Release-iphoneos/DoorbellIOS9.build/SwiftStdLibToolInputDependencies.dep --back-deploy-swift-concurrency --back-deploy-swift-span
Ignoring --strip-bitcode because --sign was not passed
libswiftAVFoundation.dylib is up to date at /Users/ox/Documents/project/app-doorbell/build/remediation-parallel-20260922/ios9-arm64/Build/Products/Release-iphoneos/DoorbellIOS9.app/Frameworks/libswiftAVFoundation.dylib
libswiftDarwin.dylib is up to date at /Users/ox/Documents/project/app-doorbell/build/remediation-parallel-20260922/ios9-arm64/Build/Products/Release-iphoneos/DoorbellIOS9.app/Frameworks/libswiftDarwin.dylib
libswiftFoundation.dylib is up to date at /Users/ox/Documents/project/app-doorbell/build/remediation-parallel-20260922/ios9-arm64/Build/Products/Release-iphoneos/DoorbellIOS9.app/Frameworks/libswiftFoundation.dylib
libswiftCore.dylib is up to date at /Users/ox/Documents/project/app-doorbell/build/remediation-parallel-20260922/ios9-arm64/Build/Products/Release-iphoneos/DoorbellIOS9.app/Frameworks/libswiftCore.dylib
libswiftCoreMedia.dylib is up to date at /Users/ox/Documents/project/app-doorbell/build/remediation-parallel-20260922/ios9-arm64/Build/Products/Release-iphoneos/DoorbellIOS9.app/Frameworks/libswiftCoreMedia.dylib
libswiftMetal.dylib is up to date at /Users/ox/Documents/project/app-doorbell/build/remediation-parallel-20260922/ios9-arm64/Build/Products/Release-iphoneos/DoorbellIOS9.app/Frameworks/libswiftMetal.dylib
libswiftUIKit.dylib is up to date at /Users/ox/Documents/project/app-doorbell/build/remediation-parallel-20260922/ios9-arm64/Build/Products/Release-iphoneos/DoorbellIOS9.app/Frameworks/libswiftUIKit.dylib
libswiftObjectiveC.dylib is up to date at /Users/ox/Documents/project/app-doorbell/build/remediation-parallel-20260922/ios9-arm64/Build/Products/Release-iphoneos/DoorbellIOS9.app/Frameworks/libswiftObjectiveC.dylib
libswiftCoreAudio.dylib is up to date at /Users/ox/Documents/project/app-doorbell/build/remediation-parallel-20260922/ios9-arm64/Build/Products/Release-iphoneos/DoorbellIOS9.app/Frameworks/libswiftCoreAudio.dylib
libswiftDispatch.dylib is up to date at /Users/ox/Documents/project/app-doorbell/build/remediation-parallel-20260922/ios9-arm64/Build/Products/Release-iphoneos/DoorbellIOS9.app/Frameworks/libswiftDispatch.dylib
libswiftCoreImage.dylib is up to date at /Users/ox/Documents/project/app-doorbell/build/remediation-parallel-20260922/ios9-arm64/Build/Products/Release-iphoneos/DoorbellIOS9.app/Frameworks/libswiftCoreImage.dylib
libswiftCoreGraphics.dylib is up to date at /Users/ox/Documents/project/app-doorbell/build/remediation-parallel-20260922/ios9-arm64/Build/Products/Release-iphoneos/DoorbellIOS9.app/Frameworks/libswiftCoreGraphics.dylib
libswiftCoreFoundation.dylib is up to date at /Users/ox/Documents/project/app-doorbell/build/remediation-parallel-20260922/ios9-arm64/Build/Products/Release-iphoneos/DoorbellIOS9.app/Frameworks/libswiftCoreFoundation.dylib
libswiftos.dylib is up to date at /Users/ox/Documents/project/app-doorbell/build/remediation-parallel-20260922/ios9-arm64/Build/Products/Release-iphoneos/DoorbellIOS9.app/Frameworks/libswiftos.dylib
libswiftsimd.dylib is up to date at /Users/ox/Documents/project/app-doorbell/build/remediation-parallel-20260922/ios9-arm64/Build/Products/Release-iphoneos/DoorbellIOS9.app/Frameworks/libswiftsimd.dylib
libswiftQuartzCore.dylib is up to date at /Users/ox/Documents/project/app-doorbell/build/remediation-parallel-20260922/ios9-arm64/Build/Products/Release-iphoneos/DoorbellIOS9.app/Frameworks/libswiftQuartzCore.dylib

GenerateDSYMFile /Users/ox/Documents/project/app-doorbell/build/remediation-parallel-20260922/ios9-arm64/Build/Products/Release-iphoneos/DoorbellIOS9.app.dSYM /Users/ox/Documents/project/app-doorbell/build/remediation-parallel-20260922/ios9-arm64/Build/Products/Release-iphoneos/DoorbellIOS9.app/DoorbellIOS9 (in target 'DoorbellIOS9' from project 'Doorbell')
    cd /Users/ox/Documents/project/app-doorbell/ios
    /Applications/Xcode.app/Contents/Developer/Toolchains/XcodeDefault.xctoolchain/usr/bin/dsymutil /Users/ox/Documents/project/app-doorbell/build/remediation-parallel-20260922/ios9-arm64/Build/Products/Release-iphoneos/DoorbellIOS9.app/DoorbellIOS9 -o /Users/ox/Documents/project/app-doorbell/build/remediation-parallel-20260922/ios9-arm64/Build/Products/Release-iphoneos/DoorbellIOS9.app.dSYM

note: Run script build phase 'Build doorbell-core (CMake)' will be run during every build because the option to run the script phase "Based on dependency analysis" is unchecked. (in target 'DoorbellIOS9' from project 'Doorbell')
note: Run script build phase 'Verify iOS 9 release artifact' will be run during every build because the option to run the script phase "Based on dependency analysis" is unchecked. (in target 'DoorbellIOS9' from project 'Doorbell')
/Users/ox/Documents/project/app-doorbell/ios/Doorbell.xcodeproj: warning: The iOS deployment target 'IPHONEOS_DEPLOYMENT_TARGET' is set to 9.0, but the range of supported deployment target versions is 12.0 to 26.5.99. (in target 'DoorbellIOS9' from project 'Doorbell')
** BUILD SUCCEEDED **

ok: DoorbellIOS9 Release is arm64, minimum iOS 9.0, ABI v2, real PJSIP
note: the installed Xcode reports iOS 9.0 as an unsupported deployment target; artifact checks still passed
ok: iOS 9 arm64 release gate passed; log: /Users/ox/Documents/project/app-doorbell/build/remediation-parallel-20260922/ios9-arm64/DoorbellIOS9-Release.log
