Command line invocation:
    /Applications/Xcode.app/Contents/Developer/usr/bin/xcodebuild -project ios/Doorbell.xcodeproj -scheme Doorbell -configuration Debug -destination "platform=iOS Simulator,id=5675591C-491D-4232-9887-B2ECBB030C10" -derivedDataPath build/remediation-t20-20260922/xcode-normal -resultBundlePath build/remediation-t20-20260922/full-normal.xcresult CODE_SIGNING_ALLOWED=NO test

Build settings from command line:
    CODE_SIGNING_ALLOWED = NO

2026-09-22 22:50:19.158 xcodebuild[87399:2661275]  DVTDeviceOperation: Encountered a build number "" that is incompatible with DVTBuildVersion.
2026-09-22 22:50:19.160 xcodebuild[87399:2661244] [MT] DVTDeviceOperation: Encountered a build number "" that is incompatible with DVTBuildVersion.
Writing result bundle at path:
	/Users/ox/Documents/project/app-doorbell/build/remediation-t20-20260922/full-normal.xcresult

2026-09-22 22:50:19.732 xcodebuild[87399:2661282]  iPhoneConnect: 📱<DVTiOSDevice (0x8371fed00), iPad (2), iPad, 12.5.8 (16H88), b05d91834431516e147fbc99c8f0bdc34ec38c32> unable to mount developer disk image, (Error Domain=com.apple.dt.DVTDeviceSupportFilesDDIError Code=2 "Could not locate Developer Disk Image for this device" UserInfo={NSLocalizedDescription=Could not locate Developer Disk Image for this device, DVTRadarComponentKey=487927, DVTIssueReportingFunctionalityKey=0, DeviceType=iPad4,2, NSLocalizedFailureReason=The device is running a version of iOS (12.5.8 16H88) that is not supported by this version of Xcode.}) {
    DVTIssueReportingFunctionalityKey = 0;
    DVTRadarComponentKey = 487927;
    DeviceType = "iPad4,2";
    NSLocalizedDescription = "Could not locate Developer Disk Image for this device";
    NSLocalizedFailureReason = "The device is running a version of iOS (12.5.8 16H88) that is not supported by this version of Xcode.";
}
2026-09-22 22:50:19.733 xcodebuild[87399:2661244] [MT] iPhoneConnect: 📱<DVTiOSDevice (0x8371fed00), iPad (2), iPad, 12.5.8 (16H88), b05d91834431516e147fbc99c8f0bdc34ec38c32> -- An error occurred whilst preparing device for development -- Could not locate Developer Disk Image for this device
Domain: com.apple.dt.DVTDeviceSupportFilesDDIError
Code: 2
Failure Reason: The device is running a version of iOS (12.5.8 16H88) that is not supported by this version of Xcode.
User Info: {
    DVTRadarComponentKey = 487927;
    DeviceType = "iPad4,2";
}
--

2026-09-22 22:50:19.733 xcodebuild[87399:2661244] [MT] iPhoneConnect: 📱<DVTiOSDevice (0x8371fed00), iPad (2), iPad, 12.5.8 (16H88), b05d91834431516e147fbc99c8f0bdc34ec38c32> == Underlying device preparation errors ==
2026-09-22 22:50:19.733 xcodebuild[87399:2661244] [MT] iPhoneConnect: Could not locate Developer Disk Image for this device
Domain: com.apple.dt.DVTDeviceSupportFilesDDIError
Code: 2
Failure Reason: The device is running a version of iOS (12.5.8 16H88) that is not supported by this version of Xcode.
User Info: {
    DVTRadarComponentKey = 487927;
    DeviceType = "iPad4,2";
}
--

2026-09-22 22:50:19.733 xcodebuild[87399:2661244] [MT] iPhoneConnect: 📱<DVTiOSDevice (0x8371fed00), iPad (2), iPad, 12.5.8 (16H88), b05d91834431516e147fbc99c8f0bdc34ec38c32> == END: Underlying device preparation errors ==
ComputePackagePrebuildTargetDependencyGraph

Prepare packages

CreateBuildRequest

SendProjectDescription

CreateBuildOperation

ComputeTargetDependencyGraph
2026-09-22 22:50:19.804 xcodebuild[87399:2661282]  iPhoneConnect: 📱<DVTiOSDevice (0x8371fed00), iPad (2), iPad, 12.5.8 (16H88), b05d91834431516e147fbc99c8f0bdc34ec38c32> unable to mount developer disk image, (Error Domain=com.apple.dt.DVTDeviceSupportFilesDDIError Code=2 "Could not locate Developer Disk Image for this device" UserInfo={NSLocalizedDescription=Could not locate Developer Disk Image for this device, DVTRadarComponentKey=487927, DVTIssueReportingFunctionalityKey=0, DeviceType=iPad4,2, NSLocalizedFailureReason=The device is running a version of iOS (12.5.8 16H88) that is not supported by this version of Xcode.}) {
    DVTIssueReportingFunctionalityKey = 0;
    DVTRadarComponentKey = 487927;
    DeviceType = "iPad4,2";
    NSLocalizedDescription = "Could not locate Developer Disk Image for this device";
    NSLocalizedFailureReason = "The device is running a version of iOS (12.5.8 16H88) that is not supported by this version of Xcode.";
}
2026-09-22 22:50:19.805 xcodebuild[87399:2661244] [MT] iPhoneConnect: 📱<DVTiOSDevice (0x8371fed00), iPad (2), iPad, 12.5.8 (16H88), b05d91834431516e147fbc99c8f0bdc34ec38c32> -- An error occurred whilst preparing device for development -- Could not locate Developer Disk Image for this device
Domain: com.apple.dt.DVTDeviceSupportFilesDDIError
Code: 2
Failure Reason: The device is running a version of iOS (12.5.8 16H88) that is not supported by this version of Xcode.
User Info: {
    DVTRadarComponentKey = 487927;
    DeviceType = "iPad4,2";
}
--

2026-09-22 22:50:19.805 xcodebuild[87399:2661244] [MT] iPhoneConnect: 📱<DVTiOSDevice (0x8371fed00), iPad (2), iPad, 12.5.8 (16H88), b05d91834431516e147fbc99c8f0bdc34ec38c32> == Underlying device preparation errors ==
2026-09-22 22:50:19.805 xcodebuild[87399:2661244] [MT] iPhoneConnect: Could not locate Developer Disk Image for this device
Domain: com.apple.dt.DVTDeviceSupportFilesDDIError
Code: 2
Failure Reason: The device is running a version of iOS (12.5.8 16H88) that is not supported by this version of Xcode.
User Info: {
    DVTRadarComponentKey = 487927;
    DeviceType = "iPad4,2";
}
--

2026-09-22 22:50:19.805 xcodebuild[87399:2661244] [MT] iPhoneConnect: 📱<DVTiOSDevice (0x8371fed00), iPad (2), iPad, 12.5.8 (16H88), b05d91834431516e147fbc99c8f0bdc34ec38c32> == END: Underlying device preparation errors ==
note: Building targets in dependency order
note: Target dependency graph (2 targets)
    Target 'DoorbellTests' in project 'Doorbell'
        ➜ Explicit dependency on target 'Doorbell' in project 'Doorbell'
    Target 'Doorbell' in project 'Doorbell' (no dependencies)

GatherProvisioningInputs

CreateBuildDescription

ExecuteExternalTool /Applications/Xcode.app/Contents/Developer/Toolchains/XcodeDefault.xctoolchain/usr/bin/clang -v -E -dM -isysroot /Applications/Xcode.app/Contents/Developer/Platforms/iPhoneSimulator.platform/Developer/SDKs/iPhoneSimulator26.5.sdk -x c -c /dev/null

ExecuteExternalTool /Applications/Xcode.app/Contents/Developer/usr/bin/ibtool --version --output-format xml1

ExecuteExternalTool /Applications/Xcode.app/Contents/Developer/Toolchains/XcodeDefault.xctoolchain/usr/bin/swiftc --version

ExecuteExternalTool /Applications/Xcode.app/Contents/Developer/usr/bin/actool --print-asset-tag-combinations --output-format xml1 /Users/ox/Documents/project/app-doorbell/ios/Doorbell/Assets.xcassets

ExecuteExternalTool /Applications/Xcode.app/Contents/Developer/Toolchains/XcodeDefault.xctoolchain/usr/bin/ld -version_details

ExecuteExternalTool /Applications/Xcode.app/Contents/Developer/usr/bin/actool --version --output-format xml1

Build description signature: db0044bc953ef498a796a87c7b4ffb60
Build description path: /Users/ox/Documents/project/app-doorbell/build/remediation-t20-20260922/xcode-normal/Build/Intermediates.noindex/XCBuildData/db0044bc953ef498a796a87c7b4ffb60.xcbuilddata
ClangStatCache /Applications/Xcode.app/Contents/Developer/Toolchains/XcodeDefault.xctoolchain/usr/bin/clang-stat-cache /Applications/Xcode.app/Contents/Developer/Platforms/iPhoneSimulator.platform/Developer/SDKs/iPhoneSimulator26.5.sdk /Users/ox/Documents/project/app-doorbell/build/remediation-t20-20260922/xcode-normal/SDKStatCaches.noindex/iphonesimulator26.5-23F81a-6cfe768891a92b912361537c460fe42b.sdkstatcache
    cd /Users/ox/Documents/project/app-doorbell/ios/Doorbell.xcodeproj
    /Applications/Xcode.app/Contents/Developer/Toolchains/XcodeDefault.xctoolchain/usr/bin/clang-stat-cache /Applications/Xcode.app/Contents/Developer/Platforms/iPhoneSimulator.platform/Developer/SDKs/iPhoneSimulator26.5.sdk -o /Users/ox/Documents/project/app-doorbell/build/remediation-t20-20260922/xcode-normal/SDKStatCaches.noindex/iphonesimulator26.5-23F81a-6cfe768891a92b912361537c460fe42b.sdkstatcache

note: Run script build phase 'Build doorbell-core (CMake)' will be run during every build because the option to run the script phase "Based on dependency analysis" is unchecked. (in target 'Doorbell' from project 'Doorbell')
PhaseScriptExecution Build\ doorbell-core\ (CMake) /Users/ox/Documents/project/app-doorbell/build/remediation-t20-20260922/xcode-normal/Build/Intermediates.noindex/Doorbell.build/Debug-iphonesimulator/Doorbell.build/Script-DD0000000000000000000001.sh (in target 'Doorbell' from project 'Doorbell')
    cd /Users/ox/Documents/project/app-doorbell/ios
    export ACTION\=build
    export AD_HOC_CODE_SIGNING_ALLOWED\=YES
    export AGGREGATE_TRACKED_DOMAINS\=YES
    export ALLOW_BUILD_REQUEST_OVERRIDES\=NO
    export ALLOW_TARGET_PLATFORM_SPECIALIZATION\=NO
    export ALTERNATE_GROUP\=staff
    export ALTERNATE_MODE\=u+w,go-w,a+rX
    export ALTERNATE_OWNER\=ox
    export ALTERNATIVE_DISTRIBUTION_WEB\=NO
    export ALWAYS_EMBED_SWIFT_STANDARD_LIBRARIES\=NO
    export ALWAYS_SEARCH_USER_PATHS\=NO
    export ALWAYS_USE_SEPARATE_HEADERMAPS\=NO
    export ANDROID_DEPLOYMENT_TARGET\=21.0
    export APPLICATION_EXTENSION_API_ONLY\=NO
    export APPLY_RULES_IN_COPY_FILES\=NO
    export APPLY_RULES_IN_COPY_HEADERS\=NO
    export APP_SHORTCUTS_ENABLE_FLEXIBLE_MATCHING\=YES
    export ARCHS\=arm64
    export ARCHS_BASE\=arm64
    export ARCHS_STANDARD\=arm64\ x86_64
    export ARCHS_STANDARD_32_64_BIT\=arm64\ x86_64
    export ARCHS_STANDARD_64_BIT\=arm64\ x86_64
    export ARCHS_STANDARD_INCLUDING_64_BIT\=arm64\ x86_64
    export ARCHS_UNIVERSAL_IPHONE_OS\=arm64\ x86_64
    export ASSETCATALOG_FILTER_FOR_DEVICE_MODEL\=iPhone18,3
    export ASSETCATALOG_FILTER_FOR_DEVICE_OS_VERSION\=26.5
    export ASSETCATALOG_FILTER_FOR_THINNING_DEVICE_CONFIGURATION\=iPhone18,3
    export AUTOMATICALLY_MERGE_DEPENDENCIES\=NO
    export AUTOMATION_APPLE_EVENTS\=NO
    export AVAILABLE_PLATFORMS\=android\ appletvos\ appletvsimulator\ driverkit\ freebsd\ iphoneos\ iphonesimulator\ linux\ macosx\ none\ openbsd\ qnx\ watchos\ watchsimulator\ webassembly\ xros\ xrsimulator
    export BUILD_ACTIVE_RESOURCES_ONLY\=YES
    export BUILD_COMPONENTS\=headers\ build
    export BUILD_DIR\=/Users/ox/Documents/project/app-doorbell/build/remediation-t20-20260922/xcode-normal/Build/Products
    export BUILD_LIBRARY_FOR_DISTRIBUTION\=NO
    export BUILD_ONLY_KNOWN_LOCALIZATIONS\=NO
    export BUILD_ROOT\=/Users/ox/Documents/project/app-doorbell/build/remediation-t20-20260922/xcode-normal/Build/Products
    export BUILD_STYLE\=
    export BUILD_VARIANTS\=normal
    export BUILT_PRODUCTS_DIR\=/Users/ox/Documents/project/app-doorbell/build/remediation-t20-20260922/xcode-normal/Build/Products/Debug-iphonesimulator
    export BUNDLE_CONTENTS_FOLDER_PATH_deep\=Contents/
    export BUNDLE_EXECUTABLE_FOLDER_NAME_deep\=MacOS
    export BUNDLE_EXTENSIONS_FOLDER_PATH\=Extensions
    export BUNDLE_FORMAT\=shallow
    export BUNDLE_FRAMEWORKS_FOLDER_PATH\=Frameworks
    export BUNDLE_PLUGINS_FOLDER_PATH\=PlugIns
    export BUNDLE_PRIVATE_HEADERS_FOLDER_PATH\=PrivateHeaders
    export BUNDLE_PUBLIC_HEADERS_FOLDER_PATH\=Headers
    export CACHE_ROOT\=/var/folders/g3/835mbfr157bcvxjwsw2kbvmm0000gn/C/com.apple.DeveloperTools/26.6-17F113/Xcode
    export CCHROOT\=/var/folders/g3/835mbfr157bcvxjwsw2kbvmm0000gn/C/com.apple.DeveloperTools/26.6-17F113/Xcode
    export CHMOD\=/bin/chmod
    export CHOWN\=chown
    export CLANG_CACHE_FINE_GRAINED_OUTPUTS\=YES
    export CLANG_ENABLE_EXPLICIT_MODULES\=YES
    export CLANG_ENABLE_MODULES\=YES
    export CLANG_ENABLE_OBJC_ARC\=YES
    export CLANG_MODULES_BUILD_SESSION_FILE\=/Users/ox/Documents/project/app-doorbell/build/remediation-t20-20260922/xcode-normal/ModuleCache.noindex/Session.modulevalidation
    export CLASS_FILE_DIR\=/Users/ox/Documents/project/app-doorbell/build/remediation-t20-20260922/xcode-normal/Build/Intermediates.noindex/Doorbell.build/Debug-iphonesimulator/Doorbell.build/JavaClasses
    export CLEAN_PRECOMPS\=YES
    export CLONE_HEADERS\=NO
    export CODESIGNING_FOLDER_PATH\=/Users/ox/Documents/project/app-doorbell/build/remediation-t20-20260922/xcode-normal/Build/Products/Debug-iphonesimulator/Doorbell.app
    export CODE_SIGNING_ALLOWED\=NO
    export CODE_SIGNING_REQUIRED\=YES
    export CODE_SIGN_CONTEXT_CLASS\=XCiPhoneSimulatorCodeSignContext
    export CODE_SIGN_ENTITLEMENTS\=Doorbell/Doorbell.entitlements
    export CODE_SIGN_IDENTITY\=-
    export CODE_SIGN_INJECT_BASE_ENTITLEMENTS\=YES
    export CODE_SIGN_STYLE\=Automatic
    export COLOR_DIAGNOSTICS\=NO
    export COMBINE_HIDPI_IMAGES\=NO
    export COMPILATION_CACHE_CAS_PATH\=/Users/ox/Documents/project/app-doorbell/build/remediation-t20-20260922/xcode-normal/CompilationCache.noindex
    export COMPILATION_CACHE_KEEP_CAS_DIRECTORY\=YES
    export COMPILER_INDEX_STORE_ENABLE\=Default
    export COMPOSITE_SDK_DIRS\=/Users/ox/Documents/project/app-doorbell/build/remediation-t20-20260922/xcode-normal/Build/Intermediates.noindex/CompositeSDKs
    export COMPRESS_PNG_FILES\=YES
    export CONFIGURATION\=Debug
    export CONFIGURATION_BUILD_DIR\=/Users/ox/Documents/project/app-doorbell/build/remediation-t20-20260922/xcode-normal/Build/Products/Debug-iphonesimulator
    export CONFIGURATION_TEMP_DIR\=/Users/ox/Documents/project/app-doorbell/build/remediation-t20-20260922/xcode-normal/Build/Intermediates.noindex/Doorbell.build/Debug-iphonesimulator
    export CONTENTS_FOLDER_PATH\=Doorbell.app
    export CONTENTS_FOLDER_PATH_SHALLOW_BUNDLE_NO\=Doorbell.app/Contents
    export CONTENTS_FOLDER_PATH_SHALLOW_BUNDLE_YES\=Doorbell.app
    export COPYING_PRESERVES_HFS_DATA\=NO
    export COPY_HEADERS_RUN_UNIFDEF\=NO
    export COPY_PHASE_STRIP\=NO
    export CORRESPONDING_DEVICE_PLATFORM_DIR\=/Applications/Xcode.app/Contents/Developer/Platforms/iPhoneOS.platform
    export CORRESPONDING_DEVICE_PLATFORM_NAME\=iphoneos
    export CORRESPONDING_DEVICE_SDK_DIR\=/Applications/Xcode.app/Contents/Developer/Platforms/iPhoneOS.platform/Developer/SDKs/iPhoneOS26.5.sdk
    export CORRESPONDING_DEVICE_SDK_NAME\=iphoneos26.5
    export CP\=/bin/cp
    export CREATE_INFOPLIST_SECTION_IN_BINARY\=NO
    export CURRENT_ARCH\=undefined_arch
    export CURRENT_VARIANT\=normal
    export DEAD_CODE_STRIPPING\=YES
    export DEBUGGING_SYMBOLS\=YES
    export DEBUG_INFORMATION_FORMAT\=dwarf
    export DEBUG_INFORMATION_VERSION\=compiler-default
    export DEFAULT_COMPILER\=com.apple.compilers.llvm.clang.1_0
    export DEFAULT_DEXT_INSTALL_PATH\=/System/Library/DriverExtensions
    export DEFAULT_KEXT_INSTALL_PATH\=/System/Library/Extensions
    export DEFINES_MODULE\=NO
    export DEPLOYMENT_LOCATION\=NO
    export DEPLOYMENT_POSTPROCESSING\=NO
    export DEPLOYMENT_TARGET_SETTING_NAME\=IPHONEOS_DEPLOYMENT_TARGET
    export DEPLOYMENT_TARGET_SUGGESTED_VALUES\=12.0\ 12.1\ 12.2\ 12.3\ 12.4\ 13.0\ 13.1\ 13.2\ 13.3\ 13.4\ 13.5\ 13.6\ 14.0\ 14.1\ 14.2\ 14.3\ 14.4\ 14.5\ 14.6\ 14.7\ 15.0\ 15.1\ 15.2\ 15.3\ 15.4\ 15.5\ 15.6\ 16.0\ 16.1\ 16.2\ 16.3\ 16.4\ 16.5\ 16.6\ 17.0\ 17.1\ 17.2\ 17.3\ 17.4\ 17.5\ 17.6\ 18.0\ 18.1\ 18.2\ 18.3\ 18.4\ 18.5\ 18.6\ 26.0\ 26.2\ 26.3\ 26.4\ 26.5
    export DERIVED_FILES_DIR\=/Users/ox/Documents/project/app-doorbell/build/remediation-t20-20260922/xcode-normal/Build/Intermediates.noindex/Doorbell.build/Debug-iphonesimulator/Doorbell.build/DerivedSources
    export DERIVED_FILE_DIR\=/Users/ox/Documents/project/app-doorbell/build/remediation-t20-20260922/xcode-normal/Build/Intermediates.noindex/Doorbell.build/Debug-iphonesimulator/Doorbell.build/DerivedSources
    export DERIVED_SOURCES_DIR\=/Users/ox/Documents/project/app-doorbell/build/remediation-t20-20260922/xcode-normal/Build/Intermediates.noindex/Doorbell.build/Debug-iphonesimulator/Doorbell.build/DerivedSources
    export DEVELOPER_APPLICATIONS_DIR\=/Applications/Xcode.app/Contents/Developer/Applications
    export DEVELOPER_BIN_DIR\=/Applications/Xcode.app/Contents/Developer/usr/bin
    export DEVELOPER_DIR\=/Applications/Xcode.app/Contents/Developer
    export DEVELOPER_FRAMEWORKS_DIR\=/Applications/Xcode.app/Contents/Developer/Library/Frameworks
    export DEVELOPER_FRAMEWORKS_DIR_QUOTED\=/Applications/Xcode.app/Contents/Developer/Library/Frameworks
    export DEVELOPER_LIBRARY_DIR\=/Applications/Xcode.app/Contents/Developer/Library
    export DEVELOPER_SDK_DIR\=/Applications/Xcode.app/Contents/Developer/Platforms/MacOSX.platform/Developer/SDKs
    export DEVELOPER_TOOLS_DIR\=/Applications/Xcode.app/Contents/Developer/Tools
    export DEVELOPER_USR_DIR\=/Applications/Xcode.app/Contents/Developer/usr
    export DEVELOPMENT_LANGUAGE\=ja
    export DIAGNOSE_MISSING_TARGET_DEPENDENCIES\=YES
    export DIFF\=/usr/bin/diff
    export DOCUMENTATION_FOLDER_PATH\=Doorbell.app/ja.lproj/Documentation
    export DONT_GENERATE_INFOPLIST_FILE\=NO
    export DSTROOT\=/tmp/Doorbell.dst
    export DT_TOOLCHAIN_DIR\=/Applications/Xcode.app/Contents/Developer/Toolchains/XcodeDefault.xctoolchain
    export DUMP_DEPENDENCIES\=NO
    export DUMP_DEPENDENCIES_OUTPUT_PATH\=/Users/ox/Documents/project/app-doorbell/build/remediation-t20-20260922/xcode-normal/Build/Intermediates.noindex/Doorbell.build/Debug-iphonesimulator/Doorbell.build/Doorbell-BuildDependencyInfo.json
    export DWARF_DSYM_FILE_NAME\=Doorbell.app.dSYM
    export DWARF_DSYM_FILE_SHOULD_ACCOMPANY_PRODUCT\=NO
    export DWARF_DSYM_FOLDER_PATH\=/Users/ox/Documents/project/app-doorbell/build/remediation-t20-20260922/xcode-normal/Build/Products/Debug-iphonesimulator
    export DYNAMIC_LIBRARY_EXTENSION\=dylib
    export EAGER_COMPILATION_ALLOW_SCRIPTS\=NO
    export EAGER_LINKING\=NO
    export EFFECTIVE_PLATFORM_NAME\=-iphonesimulator
    export EFFECTIVE_SWIFT_VERSION\=5
    export EMBEDDED_CONTENT_CONTAINS_SWIFT\=NO
    export EMBED_ASSET_PACKS_IN_PRODUCT_BUNDLE\=NO
    export ENABLE_APP_SANDBOX\=NO
    export ENABLE_CODE_COVERAGE\=YES
    export ENABLE_COHORT_ARCHS\=NO
    export ENABLE_CPLUSPLUS_BOUNDS_SAFE_BUFFERS\=NO
    export ENABLE_C_BOUNDS_SAFETY\=NO
    export ENABLE_DEBUG_DYLIB\=YES
    export ENABLE_DEFAULT_HEADER_SEARCH_PATHS\=YES
    export ENABLE_DEFAULT_SEARCH_PATHS\=YES
    export ENABLE_ENHANCED_SECURITY\=NO
    export ENABLE_HARDENED_RUNTIME\=NO
    export ENABLE_HEADER_DEPENDENCIES\=YES
    export ENABLE_INCOMING_NETWORK_CONNECTIONS\=NO
    export ENABLE_ON_DEMAND_RESOURCES\=YES
    export ENABLE_OUTGOING_NETWORK_CONNECTIONS\=NO
    export ENABLE_POINTER_AUTHENTICATION\=NO
    export ENABLE_PREVIEWS\=NO
    export ENABLE_RESOURCE_ACCESS_AUDIO_INPUT\=NO
    export ENABLE_RESOURCE_ACCESS_BLUETOOTH\=NO
    export ENABLE_RESOURCE_ACCESS_CALENDARS\=NO
    export ENABLE_RESOURCE_ACCESS_CAMERA\=NO
    export ENABLE_RESOURCE_ACCESS_CONTACTS\=NO
    export ENABLE_RESOURCE_ACCESS_LOCATION\=NO
    export ENABLE_RESOURCE_ACCESS_PHOTO_LIBRARY\=NO
    export ENABLE_RESOURCE_ACCESS_PRINTING\=NO
    export ENABLE_RESOURCE_ACCESS_USB\=NO
    export ENABLE_SDK_IMPORTS\=NO
    export ENABLE_SECURITY_COMPILER_WARNINGS\=NO
    export ENABLE_STRICT_OBJC_MSGSEND\=YES
    export ENABLE_TESTABILITY\=YES
    export ENABLE_TESTING_SEARCH_PATHS\=NO
    export ENABLE_USER_SCRIPT_SANDBOXING\=NO
    export ENABLE_XOJIT_PREVIEWS\=YES
    export ENFORCE_VALID_ARCHS\=YES
    export ENTITLEMENTS_ALLOWED\=NO
    export ENTITLEMENTS_DESTINATION\=__entitlements
    export ENTITLEMENTS_REQUIRED\=NO
    export EXCLUDED_INSTALLSRC_SUBDIRECTORY_PATTERNS\=.DS_Store\ .svn\ .git\ .hg\ CVS
    export EXCLUDED_RECURSIVE_SEARCH_PATH_SUBDIRECTORIES\=\*.nib\ \*.lproj\ \*.framework\ \*.gch\ \*.xcode\*\ \*.xcassets\ \*.icon\ \(\*\)\ .DS_Store\ CVS\ .svn\ .git\ .hg\ \*.pbproj\ \*.pbxproj
    export EXECUTABLES_FOLDER_PATH\=Doorbell.app/Executables
    export EXECUTABLE_BLANK_INJECTION_DYLIB_PATH\=Doorbell.app/__preview.dylib
    export EXECUTABLE_DEBUG_DYLIB_INSTALL_NAME\=@rpath/Doorbell.debug.dylib
    export EXECUTABLE_DEBUG_DYLIB_PATH\=Doorbell.app/Doorbell.debug.dylib
    export EXECUTABLE_FOLDER_PATH\=Doorbell.app
    export EXECUTABLE_FOLDER_PATH_SHALLOW_BUNDLE_NO\=Doorbell.app/MacOS
    export EXECUTABLE_FOLDER_PATH_SHALLOW_BUNDLE_YES\=Doorbell.app
    export EXECUTABLE_NAME\=Doorbell
    export EXECUTABLE_PATH\=Doorbell.app/Doorbell
    export EXTENSIONS_FOLDER_PATH\=Doorbell.app/Extensions
    export FILE_LIST\=/Users/ox/Documents/project/app-doorbell/build/remediation-t20-20260922/xcode-normal/Build/Intermediates.noindex/Doorbell.build/Debug-iphonesimulator/Doorbell.build/Objects/LinkFileList
    export FIXED_FILES_DIR\=/Users/ox/Documents/project/app-doorbell/build/remediation-t20-20260922/xcode-normal/Build/Intermediates.noindex/Doorbell.build/Debug-iphonesimulator/Doorbell.build/FixedFiles
    export FRAMEWORKS_FOLDER_PATH\=Doorbell.app/Frameworks
    export FRAMEWORK_FLAG_PREFIX\=-framework
    export FRAMEWORK_SEARCH_PATHS\=/Users/ox/Documents/project/app-doorbell/build/remediation-t20-20260922/xcode-normal/Build/Products/Debug-iphonesimulator\ 
    export FRAMEWORK_VERSION\=A
    export FULL_PRODUCT_NAME\=Doorbell.app
    export FUSE_BUILD_PHASES\=YES
    export FUSE_BUILD_SCRIPT_PHASES\=NO
    export GCC3_VERSION\=3.3
    export GCC_C_LANGUAGE_STANDARD\=gnu11
    export GCC_DYNAMIC_NO_PIC\=NO
    export GCC_INLINES_ARE_PRIVATE_EXTERN\=YES
    export GCC_NO_COMMON_BLOCKS\=YES
    export GCC_OBJC_LEGACY_DISPATCH\=YES
    export GCC_OPTIMIZATION_LEVEL\=0
    export GCC_PFE_FILE_C_DIALECTS\=c\ objective-c\ c++\ objective-c++
    export GCC_PREPROCESSOR_DEFINITIONS\=DEBUG\=1\ 
    export GCC_SYMBOLS_PRIVATE_EXTERN\=NO
    export GCC_TREAT_WARNINGS_AS_ERRORS\=NO
    export GCC_VERSION\=com.apple.compilers.llvm.clang.1_0
    export GCC_VERSION_IDENTIFIER\=com_apple_compilers_llvm_clang_1_0
    export GCC_WARN_64_TO_32_BIT_CONVERSION\=NO
    export GENERATED_MODULEMAP_DIR\=/Users/ox/Documents/project/app-doorbell/build/remediation-t20-20260922/xcode-normal/Build/Intermediates.noindex/GeneratedModuleMaps-iphonesimulator
    export GENERATE_INFOPLIST_FILE\=NO
    export GENERATE_INTERMEDIATE_TEXT_BASED_STUBS\=YES
    export GENERATE_PKGINFO_FILE\=YES
    export GENERATE_PRELINK_OBJECT_FILE\=NO
    export GENERATE_PROFILING_CODE\=NO
    export GENERATE_TEXT_BASED_STUBS\=NO
    export GID\=20
    export GROUP\=staff
    export HEADERMAP_INCLUDES_FLAT_ENTRIES_FOR_TARGET_BEING_BUILT\=YES
    export HEADERMAP_INCLUDES_FRAMEWORK_ENTRIES_FOR_ALL_PRODUCT_TYPES\=YES
    export HEADERMAP_INCLUDES_FRAMEWORK_ENTRIES_FOR_TARGETS_NOT_BEING_BUILT\=YES
    export HEADERMAP_INCLUDES_NONPUBLIC_NONPRIVATE_HEADERS\=YES
    export HEADERMAP_INCLUDES_PROJECT_HEADERS\=YES
    export HEADERMAP_USES_FRAMEWORK_PREFIX_ENTRIES\=YES
    export HEADERMAP_USES_VFS\=NO
    export HEADER_SEARCH_PATHS\=/Users/ox/Documents/project/app-doorbell/build/remediation-t20-20260922/xcode-normal/Build/Products/Debug-iphonesimulator/include\ /Users/ox/Documents/project/app-doorbell/ios/../core/include
    export HOME\=/Users/ox
    export HOST_ARCH\=arm64
    export HOST_PLATFORM\=macosx
    export ICONV\=/usr/bin/iconv
    export IMPLICIT_DEPENDENCY_DOMAIN\=default
    export INDEX_STORE_COMPRESS\=NO
    export INDEX_STORE_ONLY_PROJECT_FILES\=NO
    export INFOPLIST_ENABLE_CFBUNDLEICONS_MERGE\=YES
    export INFOPLIST_EXPAND_BUILD_SETTINGS\=YES
    export INFOPLIST_FILE\=Doorbell/Info.plist
    export INFOPLIST_OUTPUT_FORMAT\=binary
    export INFOPLIST_PATH\=Doorbell.app/Info.plist
    export INFOPLIST_PREPROCESS\=NO
    export INFOSTRINGS_PATH\=Doorbell.app/ja.lproj/InfoPlist.strings
    export INLINE_PRIVATE_FRAMEWORKS\=NO
    export INSTALLAPI_IGNORE_SKIP_INSTALL\=YES
    export INSTALLHDRS_COPY_PHASE\=NO
    export INSTALLHDRS_SCRIPT_PHASE\=NO
    export INSTALL_DIR\=/tmp/Doorbell.dst/Applications
    export INSTALL_GROUP\=staff
    export INSTALL_MODE_FLAG\=u+w,go-w,a+rX
    export INSTALL_OWNER\=ox
    export INSTALL_PATH\=/Applications
    export INSTALL_ROOT\=/tmp/Doorbell.dst
    export IPHONEOS_DEPLOYMENT_TARGET\=12.0
    export IS_UNOPTIMIZED_BUILD\=YES
    export JAVAC_DEFAULT_FLAGS\=-J-Xms64m\ -J-XX:NewSize\=4M\ -J-Dfile.encoding\=UTF8
    export JAVA_APP_STUB\=/System/Library/Frameworks/JavaVM.framework/Resources/MacOS/JavaApplicationStub
    export JAVA_ARCHIVE_CLASSES\=YES
    export JAVA_ARCHIVE_TYPE\=JAR
    export JAVA_COMPILER\=/usr/bin/javac
    export JAVA_FOLDER_PATH\=Doorbell.app/Java
    export JAVA_FRAMEWORK_RESOURCES_DIRS\=Resources
    export JAVA_JAR_FLAGS\=cv
    export JAVA_SOURCE_SUBDIR\=.
    export JAVA_USE_DEPENDENCIES\=YES
    export JAVA_ZIP_FLAGS\=-urg
    export JIKES_DEFAULT_FLAGS\=+E\ +OLDCSO
    export KEEP_PRIVATE_EXTERNS\=NO
    export LD_DEPENDENCY_INFO_FILE\=/Users/ox/Documents/project/app-doorbell/build/remediation-t20-20260922/xcode-normal/Build/Intermediates.noindex/Doorbell.build/Debug-iphonesimulator/Doorbell.build/Objects-normal/undefined_arch/Doorbell_dependency_info.dat
    export LD_EXPORT_SYMBOLS\=YES
    export LD_GENERATE_MAP_FILE\=NO
    export LD_MAP_FILE_PATH\=/Users/ox/Documents/project/app-doorbell/build/remediation-t20-20260922/xcode-normal/Build/Intermediates.noindex/Doorbell.build/Debug-iphonesimulator/Doorbell.build/Doorbell-LinkMap-normal-undefined_arch.txt
    export LD_NO_PIE\=NO
    export LD_QUOTE_LINKER_ARGUMENTS_FOR_COMPILER_DRIVER\=YES
    export LD_RUNPATH_SEARCH_PATHS_YES\=@loader_path/../Frameworks
    export LD_SHARED_CACHE_ELIGIBLE\=Automatic
    export LD_WARN_DUPLICATE_LIBRARIES\=NO
    export LD_WARN_UNUSED_DYLIBS\=NO
    export LEGACY_DEVELOPER_DIR\=/Applications/Xcode.app/Contents/PlugIns/Xcode3Core.ideplugin/Contents/SharedSupport/Developer
    export LEX\=lex
    export LIBRARY_DEXT_INSTALL_PATH\=/Library/DriverExtensions
    export LIBRARY_FLAG_NOSPACE\=YES
    export LIBRARY_FLAG_PREFIX\=-l
    export LIBRARY_KEXT_INSTALL_PATH\=/Library/Extensions
    export LIBRARY_SEARCH_PATHS\=/Users/ox/Documents/project/app-doorbell/build/remediation-t20-20260922/xcode-normal/Build/Products/Debug-iphonesimulator\ /Users/ox/Documents/project/app-doorbell/ios/build/core/iphonesimulator/undefined_arch/min-12.0
    export LINKER_DISPLAYS_MANGLED_NAMES\=NO
    export LINK_FILE_LIST_normal_arm64\=/Users/ox/Documents/project/app-doorbell/build/remediation-t20-20260922/xcode-normal/Build/Intermediates.noindex/Doorbell.build/Debug-iphonesimulator/Doorbell.build/Objects-normal/arm64/Doorbell.LinkFileList
    export LINK_OBJC_RUNTIME\=YES
    export LINK_WITH_STANDARD_LIBRARIES\=YES
    export LLVM_TARGET_TRIPLE_OS_VERSION\=ios12.0
    export LLVM_TARGET_TRIPLE_SUFFIX\=-simulator
    export LLVM_TARGET_TRIPLE_VENDOR\=apple
    export LM_AUX_CONST_METADATA_LIST_PATH_normal_arm64\=/Users/ox/Documents/project/app-doorbell/build/remediation-t20-20260922/xcode-normal/Build/Intermediates.noindex/Doorbell.build/Debug-iphonesimulator/Doorbell.build/Objects-normal/arm64/Doorbell.SwiftConstValuesFileList
    export LOCALIZATION_EXPORT_SUPPORTED\=YES
    export LOCALIZATION_PREFERS_STRING_CATALOGS\=NO
    export LOCALIZED_RESOURCES_FOLDER_PATH\=Doorbell.app/ja.lproj
    export LOCALIZED_STRING_CODE_COMMENTS\=NO
    export LOCALIZED_STRING_MACRO_NAMES\=NSLocalizedString\ CFCopyLocalizedString
    export LOCALIZED_STRING_SWIFTUI_SUPPORT\=YES
    export LOCAL_ADMIN_APPS_DIR\=/Applications/Utilities
    export LOCAL_APPS_DIR\=/Applications
    export LOCAL_DEVELOPER_DIR\=/Library/Developer
    export LOCAL_LIBRARY_DIR\=/Library
    export LOCROOT\=/Users/ox/Documents/project/app-doorbell/ios
    export LOCSYMROOT\=/Users/ox/Documents/project/app-doorbell/ios
    export MACH_O_TYPE\=mh_execute
    export MAC_OS_X_PRODUCT_BUILD_VERSION\=25F80
    export MAC_OS_X_VERSION_ACTUAL\=260501
    export MAC_OS_X_VERSION_MAJOR\=260000
    export MAC_OS_X_VERSION_MINOR\=260500
    export MAKE_MERGEABLE\=NO
    export MERGEABLE_LIBRARY\=NO
    export MERGED_BINARY_TYPE\=none
    export MERGE_LINKED_LIBRARIES\=NO
    export METAL_LIBRARY_FILE_BASE\=default
    export METAL_LIBRARY_OUTPUT_DIR\=/Users/ox/Documents/project/app-doorbell/build/remediation-t20-20260922/xcode-normal/Build/Products/Debug-iphonesimulator/Doorbell.app
    export MODULES_FOLDER_PATH\=Doorbell.app/Modules
    export MODULE_CACHE_DIR\=/Users/ox/Documents/project/app-doorbell/build/remediation-t20-20260922/xcode-normal/ModuleCache.noindex
    export NATIVE_ARCH\=arm64
    export NATIVE_ARCH_32_BIT\=arm
    export NATIVE_ARCH_64_BIT\=arm64
    export NATIVE_ARCH_ACTUAL\=arm64
    export NO_COMMON\=YES
    export OBJC_ABI_VERSION\=2
    export OBJECT_FILE_DIR\=/Users/ox/Documents/project/app-doorbell/build/remediation-t20-20260922/xcode-normal/Build/Intermediates.noindex/Doorbell.build/Debug-iphonesimulator/Doorbell.build/Objects
    export OBJECT_FILE_DIR_normal\=/Users/ox/Documents/project/app-doorbell/build/remediation-t20-20260922/xcode-normal/Build/Intermediates.noindex/Doorbell.build/Debug-iphonesimulator/Doorbell.build/Objects-normal
    export OBJROOT\=/Users/ox/Documents/project/app-doorbell/build/remediation-t20-20260922/xcode-normal/Build/Intermediates.noindex
    export ONLY_ACTIVE_ARCH\=YES
    export OS\=MACOS
    export OSAC\=/usr/bin/osacompile
    export OTHER_LDFLAGS\=-ldoorbell_all\ -lc++\ -framework\ AVFoundation\ -framework\ AudioToolbox\ -framework\ CoreAudio\ -framework\ CoreMedia\ -framework\ CoreVideo\ -framework\ VideoToolbox\ -framework\ CFNetwork\ -framework\ Security\ -framework\ UIKit
    export PACKAGE_TYPE\=com.apple.package-type.wrapper.application
    export PASCAL_STRINGS\=YES
    export PATH\=/Applications/Xcode.app/Contents/SharedFrameworks/SwiftBuild.framework/Versions/A/PlugIns/SWBBuildService.bundle/Contents/PlugIns/SWBUniversalPlatformPlugin.bundle/Contents/Frameworks/SWBUniversalPlatform.framework/Resources:/Applications/Xcode.app/Contents/Developer/Toolchains/XcodeDefault.xctoolchain/usr/bin:/Applications/Xcode.app/Contents/Developer/Toolchains/XcodeDefault.xctoolchain/usr/local/bin:/Applications/Xcode.app/Contents/Developer/Toolchains/XcodeDefault.xctoolchain/usr/libexec:/Applications/Xcode.app/Contents/Developer/Platforms/iPhoneSimulator.platform/usr/bin:/Applications/Xcode.app/Contents/Developer/Platforms/iPhoneSimulator.platform/usr/local/bin:/Applications/Xcode.app/Contents/Developer/Platforms/iPhoneSimulator.platform/Developer/usr/bin:/Applications/Xcode.app/Contents/Developer/Platforms/iPhoneSimulator.platform/Developer/usr/local/bin:/Applications/Xcode.app/Contents/Developer/usr/bin:/Applications/Xcode.app/Contents/Developer/usr/local/bin:/Users/ox/.cargo/bin:/opt/homebrew/bin:/opt/homebrew/sbin:/usr/local/bin:/System/Cryptexes/App/usr/bin:/usr/bin:/bin:/usr/sbin:/sbin:/var/run/com.apple.security.cryptexd/codex.system/bootstrap/usr/local/bin:/var/run/com.apple.security.cryptexd/codex.system/bootstrap/usr/bin:/var/run/com.apple.security.cryptexd/codex.system/bootstrap/usr/appleinternal/bin:/pkg/env/global/bin:/Library/Apple/usr/bin:/Users/ox/.codex/tmp/arg0/codex-arg0LiedK2:/Users/ox/.cache/codex-runtimes/codex-primary-runtime/dependencies/bin/override:/Users/ox/Library/pnpm:/Users/ox/.orbstack/bin:/Users/ox/.lmstudio/bin:/Users/ox/.cache/codex-runtimes/codex-primary-runtime/dependencies/bin/fallback:/Applications/Codex.app/Contents/Resources
    export PATH_PREFIXES_EXCLUDED_FROM_HEADER_DEPENDENCIES\=/usr/include\ /usr/local/include\ /System/Library/Frameworks\ /System/Library/PrivateFrameworks\ /Applications/Xcode.app/Contents/Developer/Headers\ /Applications/Xcode.app/Contents/Developer/SDKs\ /Applications/Xcode.app/Contents/Developer/Platforms
    export PBDEVELOPMENTPLIST_PATH\=Doorbell.app/pbdevelopment.plist
    export PER_ARCH_MODULE_FILE_DIR\=/Users/ox/Documents/project/app-doorbell/build/remediation-t20-20260922/xcode-normal/Build/Intermediates.noindex/Doorbell.build/Debug-iphonesimulator/Doorbell.build/Objects-normal/undefined_arch
    export PER_ARCH_OBJECT_FILE_DIR\=/Users/ox/Documents/project/app-doorbell/build/remediation-t20-20260922/xcode-normal/Build/Intermediates.noindex/Doorbell.build/Debug-iphonesimulator/Doorbell.build/Objects-normal/undefined_arch
    export PER_VARIANT_OBJECT_FILE_DIR\=/Users/ox/Documents/project/app-doorbell/build/remediation-t20-20260922/xcode-normal/Build/Intermediates.noindex/Doorbell.build/Debug-iphonesimulator/Doorbell.build/Objects-normal
    export PKGINFO_FILE_PATH\=/Users/ox/Documents/project/app-doorbell/build/remediation-t20-20260922/xcode-normal/Build/Intermediates.noindex/Doorbell.build/Debug-iphonesimulator/Doorbell.build/PkgInfo
    export PKGINFO_PATH\=Doorbell.app/PkgInfo
    export PLATFORM_DEVELOPER_APPLICATIONS_DIR\=/Applications/Xcode.app/Contents/Developer/Platforms/iPhoneSimulator.platform/Developer/Applications
    export PLATFORM_DEVELOPER_BIN_DIR\=/Applications/Xcode.app/Contents/Developer/Platforms/iPhoneSimulator.platform/Developer/usr/bin
    export PLATFORM_DEVELOPER_LIBRARY_DIR\=/Applications/Xcode.app/Contents/Developer/Platforms/iPhoneSimulator.platform/Developer/Library
    export PLATFORM_DEVELOPER_SDK_DIR\=/Applications/Xcode.app/Contents/Developer/Platforms/iPhoneSimulator.platform/Developer/SDKs
    export PLATFORM_DEVELOPER_TOOLS_DIR\=/Applications/Xcode.app/Contents/Developer/Platforms/iPhoneSimulator.platform/Developer/Tools
    export PLATFORM_DEVELOPER_USR_DIR\=/Applications/Xcode.app/Contents/Developer/Platforms/iPhoneSimulator.platform/Developer/usr
    export PLATFORM_DIR\=/Applications/Xcode.app/Contents/Developer/Platforms/iPhoneSimulator.platform
    export PLATFORM_DISPLAY_NAME\=iOS\ Simulator
    export PLATFORM_FAMILY_NAME\=iOS
    export PLATFORM_NAME\=iphonesimulator
    export PLATFORM_PREFERRED_ARCH\=x86_64
    export PLATFORM_PRODUCT_BUILD_VERSION\=23F81a
    export PLATFORM_REQUIRES_SWIFT_AUTOLINK_EXTRACT\=NO
    export PLATFORM_REQUIRES_SWIFT_MODULEWRAP\=NO
    export PLATFORM_USES_DSYMS\=YES
    export PLIST_FILE_OUTPUT_FORMAT\=binary
    export PLUGINS_FOLDER_PATH\=Doorbell.app/PlugIns
    export PRECOMPS_INCLUDE_HEADERS_FROM_BUILT_PRODUCTS_DIR\=YES
    export PRECOMP_DESTINATION_DIR\=/Users/ox/Documents/project/app-doorbell/build/remediation-t20-20260922/xcode-normal/Build/Intermediates.noindex/Doorbell.build/Debug-iphonesimulator/Doorbell.build/PrefixHeaders
    export PRIVATE_HEADERS_FOLDER_PATH\=Doorbell.app/PrivateHeaders
    export PROCESSED_INFOPLIST_PATH\=/Users/ox/Documents/project/app-doorbell/build/remediation-t20-20260922/xcode-normal/Build/Intermediates.noindex/Doorbell.build/Debug-iphonesimulator/Doorbell.build/Objects-normal/undefined_arch/Processed-Info.plist
    export PRODUCT_BUNDLE_IDENTIFIER\=jp.ox.doorbell
    export PRODUCT_BUNDLE_PACKAGE_TYPE\=APPL
    export PRODUCT_MODULE_NAME\=Doorbell
    export PRODUCT_NAME\=Doorbell
    export PRODUCT_SETTINGS_PATH\=/Users/ox/Documents/project/app-doorbell/ios/Doorbell/Info.plist
    export PRODUCT_TYPE\=com.apple.product-type.application
    export PROFILING_CODE\=NO
    export PROJECT\=Doorbell
    export PROJECT_DERIVED_FILE_DIR\=/Users/ox/Documents/project/app-doorbell/build/remediation-t20-20260922/xcode-normal/Build/Intermediates.noindex/Doorbell.build/DerivedSources
    export PROJECT_DIR\=/Users/ox/Documents/project/app-doorbell/ios
    export PROJECT_FILE_PATH\=/Users/ox/Documents/project/app-doorbell/ios/Doorbell.xcodeproj
    export PROJECT_GUID\=64d22189ff5b5ad0421604a35f6833e4
    export PROJECT_NAME\=Doorbell
    export PROJECT_TEMP_DIR\=/Users/ox/Documents/project/app-doorbell/build/remediation-t20-20260922/xcode-normal/Build/Intermediates.noindex/Doorbell.build
    export PROJECT_TEMP_ROOT\=/Users/ox/Documents/project/app-doorbell/build/remediation-t20-20260922/xcode-normal/Build/Intermediates.noindex
    export PROVISIONING_PROFILE_REQUIRED\=NO
    export PROVISIONING_PROFILE_REQUIRED_YES_YES\=YES
    export PROVISIONING_PROFILE_SUPPORTED\=YES
    export PUBLIC_HEADERS_FOLDER_PATH\=Doorbell.app/Headers
    export RECOMMENDED_IPHONEOS_DEPLOYMENT_TARGET\=15.0
    export RECURSIVE_SEARCH_PATHS_FOLLOW_SYMLINKS\=YES
    export REMOVE_CVS_FROM_RESOURCES\=YES
    export REMOVE_GIT_FROM_RESOURCES\=YES
    export REMOVE_HEADERS_FROM_EMBEDDED_BUNDLES\=YES
    export REMOVE_HG_FROM_RESOURCES\=YES
    export REMOVE_STATIC_EXECUTABLES_FROM_EMBEDDED_BUNDLES\=YES
    export REMOVE_SVN_FROM_RESOURCES\=YES
    export RESCHEDULE_INDEPENDENT_HEADERS_PHASES\=YES
    export REZ_COLLECTOR_DIR\=/Users/ox/Documents/project/app-doorbell/build/remediation-t20-20260922/xcode-normal/Build/Intermediates.noindex/Doorbell.build/Debug-iphonesimulator/Doorbell.build/ResourceManagerResources
    export REZ_OBJECTS_DIR\=/Users/ox/Documents/project/app-doorbell/build/remediation-t20-20260922/xcode-normal/Build/Intermediates.noindex/Doorbell.build/Debug-iphonesimulator/Doorbell.build/ResourceManagerResources/Objects
    export REZ_SEARCH_PATHS\=/Users/ox/Documents/project/app-doorbell/build/remediation-t20-20260922/xcode-normal/Build/Products/Debug-iphonesimulator\ 
    export RPATH_ORIGIN\=@loader_path
    export RUNTIME_EXCEPTION_ALLOW_DYLD_ENVIRONMENT_VARIABLES\=NO
    export RUNTIME_EXCEPTION_ALLOW_JIT\=NO
    export RUNTIME_EXCEPTION_ALLOW_UNSIGNED_EXECUTABLE_MEMORY\=NO
    export RUNTIME_EXCEPTION_DEBUGGING_TOOL\=NO
    export RUNTIME_EXCEPTION_DISABLE_EXECUTABLE_PAGE_PROTECTION\=NO
    export RUNTIME_EXCEPTION_DISABLE_LIBRARY_VALIDATION\=NO
    export SCANNING_PCM_KEEP_CACHE_DIRECTORY\=YES
    export SCAN_ALL_SOURCE_FILES_FOR_INCLUDES\=NO
    export SCRIPTS_FOLDER_PATH\=Doorbell.app/Scripts
    export SCRIPT_INPUT_FILE_COUNT\=0
    export SCRIPT_INPUT_FILE_LIST_COUNT\=0
    export SCRIPT_OUTPUT_FILE_COUNT\=0
    export SCRIPT_OUTPUT_FILE_LIST_COUNT\=0
    export SDKROOT\=/Applications/Xcode.app/Contents/Developer/Platforms/iPhoneSimulator.platform/Developer/SDKs/iPhoneSimulator26.5.sdk
    export SDK_DIR\=/Applications/Xcode.app/Contents/Developer/Platforms/iPhoneSimulator.platform/Developer/SDKs/iPhoneSimulator26.5.sdk
    export SDK_DIR_iphonesimulator\=/Applications/Xcode.app/Contents/Developer/Platforms/iPhoneSimulator.platform/Developer/SDKs/iPhoneSimulator26.5.sdk
    export SDK_DIR_iphonesimulator26_5\=/Applications/Xcode.app/Contents/Developer/Platforms/iPhoneSimulator.platform/Developer/SDKs/iPhoneSimulator26.5.sdk
    export SDK_NAME\=iphonesimulator26.5
    export SDK_NAMES\=iphonesimulator26.5
    export SDK_PRODUCT_BUILD_VERSION\=23F81a
    export SDK_STAT_CACHE_DIR\=/Users/ox/Documents/project/app-doorbell/build/remediation-t20-20260922/xcode-normal
    export SDK_STAT_CACHE_ENABLE\=YES
    export SDK_STAT_CACHE_PATH\=/Users/ox/Documents/project/app-doorbell/build/remediation-t20-20260922/xcode-normal/SDKStatCaches.noindex/iphonesimulator26.5-23F81a-6cfe768891a92b912361537c460fe42b.sdkstatcache
    export SDK_VERSION\=26.5
    export SDK_VERSION_ACTUAL\=260500
    export SDK_VERSION_MAJOR\=260000
    export SDK_VERSION_MINOR\=260500
    export SED\=/usr/bin/sed
    export SEPARATE_STRIP\=NO
    export SEPARATE_SYMBOL_EDIT\=NO
    export SET_DIR_MODE_OWNER_GROUP\=YES
    export SET_FILE_MODE_OWNER_GROUP\=NO
    export SHALLOW_BUNDLE\=YES
    export SHALLOW_BUNDLE_TRIPLE\=ios-simulator
    export SHALLOW_BUNDLE_ios_macabi\=NO
    export SHALLOW_BUNDLE_macos\=NO
    export SHARED_DERIVED_FILE_DIR\=/Users/ox/Documents/project/app-doorbell/build/remediation-t20-20260922/xcode-normal/Build/Products/Debug-iphonesimulator/DerivedSources
    export SHARED_FRAMEWORKS_FOLDER_PATH\=Doorbell.app/SharedFrameworks
    export SHARED_PRECOMPS_DIR\=/Users/ox/Documents/project/app-doorbell/build/remediation-t20-20260922/xcode-normal/Build/Intermediates.noindex/PrecompiledHeaders
    export SHARED_SUPPORT_FOLDER_PATH\=Doorbell.app/SharedSupport
    export SKIP_INSTALL\=NO
    export SKIP_MERGEABLE_LIBRARY_BUNDLE_HOOK\=NO
    export SOURCE_ROOT\=/Users/ox/Documents/project/app-doorbell/ios
    export SRCROOT\=/Users/ox/Documents/project/app-doorbell/ios
    export STRINGSDATA_DIR\=/Users/ox/Documents/project/app-doorbell/build/remediation-t20-20260922/xcode-normal/Build/Intermediates.noindex/Doorbell.build/Debug-iphonesimulator/Doorbell.build/Objects-normal/undefined_arch
    export STRINGSDATA_ROOT\=/Users/ox/Documents/project/app-doorbell/build/remediation-t20-20260922/xcode-normal/Build/Intermediates.noindex/Doorbell.build/Debug-iphonesimulator/Doorbell.build
    export STRINGS_FILE_INFOPLIST_RENAME\=YES
    export STRINGS_FILE_OUTPUT_ENCODING\=binary
    export STRING_CATALOG_GENERATE_SYMBOLS\=NO
    export STRIP_BITCODE_FROM_COPIED_FILES\=NO
    export STRIP_INSTALLED_PRODUCT\=NO
    export STRIP_STYLE\=all
    export STRIP_SWIFT_SYMBOLS\=YES
    export SUPPORTED_DEVICE_FAMILIES\=1,2
    export SUPPORTED_PLATFORMS\=iphoneos\ iphonesimulator
    export SUPPORTS_MACCATALYST\=NO
    export SUPPORTS_ON_DEMAND_RESOURCES\=YES
    export SUPPORTS_TEXT_BASED_API\=NO
    export SUPPRESS_WARNINGS\=NO
    export SWIFT_ACTIVE_COMPILATION_CONDITIONS\=DEBUG
    export SWIFT_EMIT_CONST_VALUE_PROTOCOLS\=AnyResolverProviding\ AppEntity\ AppEnum\ AppExtension\ AppIntent\ AppIntentsPackage\ AppShortcutProviding\ AppShortcutsProvider\ AppUnionValue\ AppUnionValueCasesProviding\ DynamicOptionsProvider\ EntityQuery\ ExtensionPointDefining\ IntentValueQuery\ Resolver\ TransientEntity\ _AssistantIntentsProvider\ _GenerativeFunctionExtractable\ _IntentValueRepresentable
    export SWIFT_EMIT_LOC_STRINGS\=NO
    export SWIFT_ENABLE_EXPLICIT_MODULES\=YES
    export SWIFT_OBJC_BRIDGING_HEADER\=Doorbell/BridgingHeader.h
    export SWIFT_OPTIMIZATION_LEVEL\=-Onone
    export SWIFT_PLATFORM_TARGET_PREFIX\=ios
    export SWIFT_RESPONSE_FILE_PATH_normal_arm64\=/Users/ox/Documents/project/app-doorbell/build/remediation-t20-20260922/xcode-normal/Build/Intermediates.noindex/Doorbell.build/Debug-iphonesimulator/Doorbell.build/Objects-normal/arm64/Doorbell.SwiftFileList
    export SWIFT_VERSION\=5.0
    export SYMROOT\=/Users/ox/Documents/project/app-doorbell/build/remediation-t20-20260922/xcode-normal/Build/Products
    export SYSTEM_ADMIN_APPS_DIR\=/Applications/Utilities
    export SYSTEM_APPS_DIR\=/Applications
    export SYSTEM_CORE_SERVICES_DIR\=/System/Library/CoreServices
    export SYSTEM_DEMOS_DIR\=/Applications/Extras
    export SYSTEM_DEVELOPER_APPS_DIR\=/Applications/Xcode.app/Contents/Developer/Applications
    export SYSTEM_DEVELOPER_BIN_DIR\=/Applications/Xcode.app/Contents/Developer/usr/bin
    export SYSTEM_DEVELOPER_DEMOS_DIR\=/Applications/Xcode.app/Contents/Developer/Applications/Utilities/Built\ Examples
    export SYSTEM_DEVELOPER_DIR\=/Applications/Xcode.app/Contents/Developer
    export SYSTEM_DEVELOPER_DOC_DIR\=/Applications/Xcode.app/Contents/Developer/ADC\ Reference\ Library
    export SYSTEM_DEVELOPER_GRAPHICS_TOOLS_DIR\=/Applications/Xcode.app/Contents/Developer/Applications/Graphics\ Tools
    export SYSTEM_DEVELOPER_JAVA_TOOLS_DIR\=/Applications/Xcode.app/Contents/Developer/Applications/Java\ Tools
    export SYSTEM_DEVELOPER_PERFORMANCE_TOOLS_DIR\=/Applications/Xcode.app/Contents/Developer/Applications/Performance\ Tools
    export SYSTEM_DEVELOPER_RELEASENOTES_DIR\=/Applications/Xcode.app/Contents/Developer/ADC\ Reference\ Library/releasenotes
    export SYSTEM_DEVELOPER_TOOLS\=/Applications/Xcode.app/Contents/Developer/Tools
    export SYSTEM_DEVELOPER_TOOLS_DOC_DIR\=/Applications/Xcode.app/Contents/Developer/ADC\ Reference\ Library/documentation/DeveloperTools
    export SYSTEM_DEVELOPER_TOOLS_RELEASENOTES_DIR\=/Applications/Xcode.app/Contents/Developer/ADC\ Reference\ Library/releasenotes/DeveloperTools
    export SYSTEM_DEVELOPER_USR_DIR\=/Applications/Xcode.app/Contents/Developer/usr
    export SYSTEM_DEVELOPER_UTILITIES_DIR\=/Applications/Xcode.app/Contents/Developer/Applications/Utilities
    export SYSTEM_DEXT_INSTALL_PATH\=/System/Library/DriverExtensions
    export SYSTEM_DOCUMENTATION_DIR\=/Library/Documentation
    export SYSTEM_EXTENSIONS_FOLDER_PATH\=Doorbell.app/SystemExtensions
    export SYSTEM_EXTENSIONS_FOLDER_PATH_SHALLOW_BUNDLE_NO\=Doorbell.app/Library/SystemExtensions
    export SYSTEM_EXTENSIONS_FOLDER_PATH_SHALLOW_BUNDLE_YES\=Doorbell.app/SystemExtensions
    export SYSTEM_KEXT_INSTALL_PATH\=/System/Library/Extensions
    export SYSTEM_LIBRARY_DIR\=/System/Library
    export TAPI_DEMANGLE\=YES
    export TAPI_ENABLE_PROJECT_HEADERS\=NO
    export TAPI_LANGUAGE\=objective-c
    export TAPI_LANGUAGE_STANDARD\=compiler-default
    export TAPI_USE_SRCROOT\=YES
    export TAPI_VERIFY_MODE\=Pedantic
    export TARGETED_DEVICE_FAMILY\=1,2
    export TARGETNAME\=Doorbell
    export TARGET_BUILD_DIR\=/Users/ox/Documents/project/app-doorbell/build/remediation-t20-20260922/xcode-normal/Build/Products/Debug-iphonesimulator
    export TARGET_DEVICE_IDENTIFIER\=5675591C-491D-4232-9887-B2ECBB030C10
    export TARGET_DEVICE_MODEL\=iPhone18,3
    export TARGET_DEVICE_OS_VERSION\=26.5
    export TARGET_DEVICE_PLATFORM_NAME\=iphonesimulator
    export TARGET_NAME\=Doorbell
    export TARGET_TEMP_DIR\=/Users/ox/Documents/project/app-doorbell/build/remediation-t20-20260922/xcode-normal/Build/Intermediates.noindex/Doorbell.build/Debug-iphonesimulator/Doorbell.build
    export TEMP_DIR\=/Users/ox/Documents/project/app-doorbell/build/remediation-t20-20260922/xcode-normal/Build/Intermediates.noindex/Doorbell.build/Debug-iphonesimulator/Doorbell.build
    export TEMP_FILES_DIR\=/Users/ox/Documents/project/app-doorbell/build/remediation-t20-20260922/xcode-normal/Build/Intermediates.noindex/Doorbell.build/Debug-iphonesimulator/Doorbell.build
    export TEMP_FILE_DIR\=/Users/ox/Documents/project/app-doorbell/build/remediation-t20-20260922/xcode-normal/Build/Intermediates.noindex/Doorbell.build/Debug-iphonesimulator/Doorbell.build
    export TEMP_ROOT\=/Users/ox/Documents/project/app-doorbell/build/remediation-t20-20260922/xcode-normal/Build/Intermediates.noindex
    export TEMP_SANDBOX_DIR\=/Users/ox/Documents/project/app-doorbell/build/remediation-t20-20260922/xcode-normal/Build/Intermediates.noindex/TemporaryTaskSandboxes
    export TEST_FRAMEWORK_SEARCH_PATHS\=\ /Applications/Xcode.app/Contents/Developer/Platforms/iPhoneSimulator.platform/Developer/Library/Frameworks\ /Applications/Xcode.app/Contents/Developer/Platforms/iPhoneSimulator.platform/Developer/SDKs/iPhoneSimulator26.5.sdk/Developer/Library/Frameworks
    export TEST_LIBRARY_SEARCH_PATHS\=\ /Applications/Xcode.app/Contents/Developer/Platforms/iPhoneSimulator.platform/Developer/usr/lib
    export TOOLCHAINS\=com.apple.dt.toolchain.XcodeDefault
    export TOOLCHAIN_DIR\=/Applications/Xcode.app/Contents/Developer/Toolchains/XcodeDefault.xctoolchain
    export TREAT_MISSING_BASELINES_AS_TEST_FAILURES\=NO
    export TREAT_MISSING_SCRIPT_PHASE_OUTPUTS_AS_ERRORS\=NO
    export UID\=501
    export UNINSTALLED_PRODUCTS_DIR\=/Users/ox/Documents/project/app-doorbell/build/remediation-t20-20260922/xcode-normal/Build/Intermediates.noindex/UninstalledProducts
    export UNLOCALIZED_RESOURCES_FOLDER_PATH\=Doorbell.app
    export UNLOCALIZED_RESOURCES_FOLDER_PATH_SHALLOW_BUNDLE_NO\=Doorbell.app/Resources
    export UNLOCALIZED_RESOURCES_FOLDER_PATH_SHALLOW_BUNDLE_YES\=Doorbell.app
    export UNSTRIPPED_PRODUCT\=NO
    export USER\=ox
    export USER_APPS_DIR\=/Users/ox/Applications
    export USER_LIBRARY_DIR\=/Users/ox/Library
    export USE_DYNAMIC_NO_PIC\=YES
    export USE_HEADERMAP\=YES
    export USE_HEADER_SYMLINKS\=NO
    export VALIDATE_DEVELOPMENT_ASSET_PATHS\=YES_ERROR
    export VALIDATE_PRODUCT\=NO
    export VALID_ARCHS\=arm64\ x86_64
    export VERBOSE_PBXCP\=NO
    export VERSIONPLIST_PATH\=Doorbell.app/version.plist
    export VERSION_INFO_BUILDER\=ox
    export VERSION_INFO_FILE\=Doorbell_vers.c
    export VERSION_INFO_STRING\=\"@\(\#\)PROGRAM:Doorbell\ \ PROJECT:Doorbell-\"
    export WORKSPACE_DIR\=/Users/ox/Documents/project/app-doorbell/ios/Doorbell.xcodeproj
    export WRAPPER_EXTENSION\=app
    export WRAPPER_NAME\=Doorbell.app
    export WRAPPER_SUFFIX\=.app
    export WRAP_ASSET_PACKS_IN_SEPARATE_DIRECTORIES\=NO
    export XCODE_APP_SUPPORT_DIR\=/Applications/Xcode.app/Contents/Developer/Library/Xcode
    export XCODE_PRODUCT_BUILD_VERSION\=17F113
    export XCODE_VERSION_ACTUAL\=2660
    export XCODE_VERSION_MAJOR\=2600
    export XCODE_VERSION_MINOR\=2660
    export XPCSERVICES_FOLDER_PATH\=Doorbell.app/XPCServices
    export YACC\=yacc
    export _DISCOVER_COMMAND_LINE_LINKER_INPUTS\=YES
    export _DISCOVER_COMMAND_LINE_LINKER_INPUTS_INCLUDE_WL\=YES
    export _LD_MULTIARCH\=YES
    export _WRAPPER_CONTENTS_DIR_SHALLOW_BUNDLE_NO\=/Contents
    export _WRAPPER_PARENT_PATH_SHALLOW_BUNDLE_NO\=/..
    export _WRAPPER_RESOURCES_DIR_SHALLOW_BUNDLE_NO\=/Resources
    export __DIAGNOSE_DEPRECATED_ARCHS\=YES
    export __IS_NOT_MACOS\=YES
    export __IS_NOT_MACOS_macosx\=NO
    export __IS_NOT_SIMULATOR\=NO
    export __IS_NOT_SIMULATOR_simulator\=NO
    export __ORIGINAL_SDK_DEFINED_LLVM_TARGET_TRIPLE_SYS\=ios
    export arch\=undefined_arch
    export variant\=normal
    /bin/sh -c /Users/ox/Documents/project/app-doorbell/build/remediation-t20-20260922/xcode-normal/Build/Intermediates.noindex/Doorbell.build/Debug-iphonesimulator/Doorbell.build/Script-DD0000000000000000000001.sh
warning: building a development-only SIP stub because DB_ALLOW_SIP_STUB=1
-- PJSIP: disabled (using the sipctl stub)
-- Configuring done (0.2s)
-- Generating done (0.0s)
-- Build files have been written to: /Users/ox/Documents/project/app-doorbell/ios/build/core/iphonesimulator/arm64/min-12.0
[ 25%] Built target db_third_party
[100%] Built target doorbell_core
ok: /Users/ox/Documents/project/app-doorbell/ios/build/core/iphonesimulator/arm64/min-12.0/libdoorbell_all.a (2 archives, stub, minimum OS 12.0)

Ld /Users/ox/Documents/project/app-doorbell/build/remediation-t20-20260922/xcode-normal/Build/Products/Debug-iphonesimulator/Doorbell.app/Doorbell.debug.dylib normal (in target 'Doorbell' from project 'Doorbell')
    cd /Users/ox/Documents/project/app-doorbell/ios
    /Applications/Xcode.app/Contents/Developer/Toolchains/XcodeDefault.xctoolchain/usr/bin/clang -Xlinker -reproducible -target arm64-apple-ios12.0-simulator -dynamiclib -isysroot /Applications/Xcode.app/Contents/Developer/Platforms/iPhoneSimulator.platform/Developer/SDKs/iPhoneSimulator26.5.sdk -O0 -L/Users/ox/Documents/project/app-doorbell/build/remediation-t20-20260922/xcode-normal/Build/Intermediates.noindex/EagerLinkingTBDs/Debug-iphonesimulator -L/Users/ox/Documents/project/app-doorbell/build/remediation-t20-20260922/xcode-normal/Build/Products/Debug-iphonesimulator -L/Users/ox/Documents/project/app-doorbell/ios/build/core/iphonesimulator/arm64/min-12.0 -F/Users/ox/Documents/project/app-doorbell/build/remediation-t20-20260922/xcode-normal/Build/Intermediates.noindex/EagerLinkingTBDs/Debug-iphonesimulator -F/Users/ox/Documents/project/app-doorbell/build/remediation-t20-20260922/xcode-normal/Build/Products/Debug-iphonesimulator -filelist /Users/ox/Documents/project/app-doorbell/build/remediation-t20-20260922/xcode-normal/Build/Intermediates.noindex/Doorbell.build/Debug-iphonesimulator/Doorbell.build/Objects-normal/arm64/Doorbell.LinkFileList -install_name @rpath/Doorbell.debug.dylib -Xlinker -rpath -Xlinker /usr/lib/swift -Xlinker -dead_strip -Xlinker -object_path_lto -Xlinker /Users/ox/Documents/project/app-doorbell/build/remediation-t20-20260922/xcode-normal/Build/Intermediates.noindex/Doorbell.build/Debug-iphonesimulator/Doorbell.build/Objects-normal/arm64/Doorbell_lto.o -rdynamic -Xlinker -no_deduplicate -Xlinker -objc_abi_version -Xlinker 2 -Xlinker -dependency_info -Xlinker /Users/ox/Documents/project/app-doorbell/build/remediation-t20-20260922/xcode-normal/Build/Intermediates.noindex/Doorbell.build/Debug-iphonesimulator/Doorbell.build/Objects-normal/arm64/Doorbell_dependency_info.dat -fobjc-link-runtime -L/Applications/Xcode.app/Contents/Developer/Toolchains/XcodeDefault.xctoolchain/usr/lib/swift/iphonesimulator -L/usr/lib/swift -Xlinker -add_ast_path -Xlinker /Users/ox/Documents/project/app-doorbell/build/remediation-t20-20260922/xcode-normal/Build/Intermediates.noindex/Doorbell.build/Debug-iphonesimulator/Doorbell.build/Objects-normal/arm64/Doorbell.swiftmodule @/Users/ox/Documents/project/app-doorbell/build/remediation-t20-20260922/xcode-normal/Build/Intermediates.noindex/Doorbell.build/Debug-iphonesimulator/Doorbell.build/Objects-normal/arm64/Doorbell-linker-args.resp -ldoorbell_all -lc++ -framework AVFoundation -framework AudioToolbox -framework CoreAudio -framework CoreMedia -framework CoreVideo -framework VideoToolbox -framework CFNetwork -framework Security -framework UIKit -Xlinker -alias -Xlinker _main -Xlinker ___debug_main_executable_dylib_entry_point -o /Users/ox/Documents/project/app-doorbell/build/remediation-t20-20260922/xcode-normal/Build/Products/Debug-iphonesimulator/Doorbell.app/Doorbell.debug.dylib

ConstructStubExecutorLinkFileList /Users/ox/Documents/project/app-doorbell/build/remediation-t20-20260922/xcode-normal/Build/Intermediates.noindex/Doorbell.build/Debug-iphonesimulator/Doorbell.build/Doorbell-ExecutorLinkFileList-normal-arm64.txt (in target 'Doorbell' from project 'Doorbell')
    cd /Users/ox/Documents/project/app-doorbell/ios
    construct-stub-executor-link-file-list /Users/ox/Documents/project/app-doorbell/build/remediation-t20-20260922/xcode-normal/Build/Products/Debug-iphonesimulator/Doorbell.app/Doorbell.debug.dylib /Applications/Xcode.app/Contents/Developer/Platforms/iPhoneSimulator.platform/Developer/usr/lib/libPreviewsJITStubExecutor_no_swift_entry_point.a /Applications/Xcode.app/Contents/Developer/Platforms/iPhoneSimulator.platform/Developer/usr/lib/libPreviewsJITStubExecutor.a --output /Users/ox/Documents/project/app-doorbell/build/remediation-t20-20260922/xcode-normal/Build/Intermediates.noindex/Doorbell.build/Debug-iphonesimulator/Doorbell.build/Doorbell-ExecutorLinkFileList-normal-arm64.txt
note: Using stub executor library with Swift entry point. (in target 'Doorbell' from project 'Doorbell')

Ld /Users/ox/Documents/project/app-doorbell/build/remediation-t20-20260922/xcode-normal/Build/Products/Debug-iphonesimulator/Doorbell.app/Doorbell normal (in target 'Doorbell' from project 'Doorbell')
    cd /Users/ox/Documents/project/app-doorbell/ios
    /Applications/Xcode.app/Contents/Developer/Toolchains/XcodeDefault.xctoolchain/usr/bin/clang -Xlinker -reproducible -target arm64-apple-ios12.0-simulator -isysroot /Applications/Xcode.app/Contents/Developer/Platforms/iPhoneSimulator.platform/Developer/SDKs/iPhoneSimulator26.5.sdk -O0 -L/Users/ox/Documents/project/app-doorbell/build/remediation-t20-20260922/xcode-normal/Build/Products/Debug-iphonesimulator -L/Users/ox/Documents/project/app-doorbell/ios/build/core/iphonesimulator/arm64/min-12.0 -F/Users/ox/Documents/project/app-doorbell/build/remediation-t20-20260922/xcode-normal/Build/Products/Debug-iphonesimulator -Xlinker -rpath -Xlinker @executable_path -rdynamic -Xlinker -no_deduplicate -Xlinker -objc_abi_version -Xlinker 2 -e ___debug_blank_executor_main -Xlinker -sectcreate -Xlinker __TEXT -Xlinker __debug_dylib -Xlinker /Users/ox/Documents/project/app-doorbell/build/remediation-t20-20260922/xcode-normal/Build/Intermediates.noindex/Doorbell.build/Debug-iphonesimulator/Doorbell.build/Doorbell-DebugDylibPath-normal-arm64.txt -Xlinker -sectcreate -Xlinker __TEXT -Xlinker __debug_instlnm -Xlinker /Users/ox/Documents/project/app-doorbell/build/remediation-t20-20260922/xcode-normal/Build/Intermediates.noindex/Doorbell.build/Debug-iphonesimulator/Doorbell.build/Doorbell-DebugDylibInstallName-normal-arm64.txt -Xlinker -filelist -Xlinker /Users/ox/Documents/project/app-doorbell/build/remediation-t20-20260922/xcode-normal/Build/Intermediates.noindex/Doorbell.build/Debug-iphonesimulator/Doorbell.build/Doorbell-ExecutorLinkFileList-normal-arm64.txt /Users/ox/Documents/project/app-doorbell/build/remediation-t20-20260922/xcode-normal/Build/Products/Debug-iphonesimulator/Doorbell.app/Doorbell.debug.dylib -o /Users/ox/Documents/project/app-doorbell/build/remediation-t20-20260922/xcode-normal/Build/Products/Debug-iphonesimulator/Doorbell.app/Doorbell

ExtractAppIntentsMetadata (in target 'Doorbell' from project 'Doorbell')
    cd /Users/ox/Documents/project/app-doorbell/ios
    /Applications/Xcode.app/Contents/Developer/Toolchains/XcodeDefault.xctoolchain/usr/bin/appintentsmetadataprocessor --toolchain-dir /Applications/Xcode.app/Contents/Developer/Toolchains/XcodeDefault.xctoolchain --module-name Doorbell --sdk-root /Applications/Xcode.app/Contents/Developer/Platforms/iPhoneSimulator.platform/Developer/SDKs/iPhoneSimulator26.5.sdk --xcode-version 17F113 --platform-family iOS --deployment-target 12.0 --bundle-identifier jp.ox.doorbell --output /Users/ox/Documents/project/app-doorbell/build/remediation-t20-20260922/xcode-normal/Build/Products/Debug-iphonesimulator/Doorbell.app --target-triple arm64-apple-ios12.0-simulator --binary-file /Users/ox/Documents/project/app-doorbell/build/remediation-t20-20260922/xcode-normal/Build/Products/Debug-iphonesimulator/Doorbell.app/Doorbell --dependency-file /Users/ox/Documents/project/app-doorbell/build/remediation-t20-20260922/xcode-normal/Build/Intermediates.noindex/Doorbell.build/Debug-iphonesimulator/Doorbell.build/Objects-normal/arm64/Doorbell_dependency_info.dat --stringsdata-file /Users/ox/Documents/project/app-doorbell/build/remediation-t20-20260922/xcode-normal/Build/Intermediates.noindex/Doorbell.build/Debug-iphonesimulator/Doorbell.build/Objects-normal/arm64/ExtractedAppShortcutsMetadata.stringsdata --source-file-list /Users/ox/Documents/project/app-doorbell/build/remediation-t20-20260922/xcode-normal/Build/Intermediates.noindex/Doorbell.build/Debug-iphonesimulator/Doorbell.build/Objects-normal/arm64/Doorbell.SwiftFileList --metadata-file-list /Users/ox/Documents/project/app-doorbell/build/remediation-t20-20260922/xcode-normal/Build/Intermediates.noindex/Doorbell.build/Debug-iphonesimulator/Doorbell.build/Doorbell.DependencyMetadataFileList --static-metadata-file-list /Users/ox/Documents/project/app-doorbell/build/remediation-t20-20260922/xcode-normal/Build/Intermediates.noindex/Doorbell.build/Debug-iphonesimulator/Doorbell.build/Doorbell.DependencyStaticMetadataFileList --swift-const-vals-list /Users/ox/Documents/project/app-doorbell/build/remediation-t20-20260922/xcode-normal/Build/Intermediates.noindex/Doorbell.build/Debug-iphonesimulator/Doorbell.build/Objects-normal/arm64/Doorbell.SwiftConstValuesFileList --compile-time-extraction --deployment-aware-processing --validate-assistant-intents --no-app-shortcuts-localization
2026-09-22 22:50:22.330 appintentsmetadataprocessor[87542:2661816] Starting appintentsmetadataprocessor export
2026-09-22 22:50:22.332 appintentsmetadataprocessor[87542:2661816] warning: Metadata extraction skipped. No AppIntents.framework dependency found.

ProcessInfoPlistFile /Users/ox/Documents/project/app-doorbell/build/remediation-t20-20260922/xcode-normal/Build/Products/Debug-iphonesimulator/Doorbell.app/Info.plist /Users/ox/Documents/project/app-doorbell/ios/Doorbell/Info.plist (in target 'Doorbell' from project 'Doorbell')
    cd /Users/ox/Documents/project/app-doorbell/ios
    builtin-infoPlistUtility /Users/ox/Documents/project/app-doorbell/ios/Doorbell/Info.plist -producttype com.apple.product-type.application -genpkginfo /Users/ox/Documents/project/app-doorbell/build/remediation-t20-20260922/xcode-normal/Build/Products/Debug-iphonesimulator/Doorbell.app/PkgInfo -expandbuildsettings -format binary -platform iphonesimulator -additionalcontentfile /Users/ox/Documents/project/app-doorbell/build/remediation-t20-20260922/xcode-normal/Build/Intermediates.noindex/Doorbell.build/Debug-iphonesimulator/Doorbell.build/LaunchScreen-SBPartialInfo.plist -additionalcontentfile /Users/ox/Documents/project/app-doorbell/build/remediation-t20-20260922/xcode-normal/Build/Intermediates.noindex/Doorbell.build/Debug-iphonesimulator/Doorbell.build/assetcatalog_generated_info.plist -o /Users/ox/Documents/project/app-doorbell/build/remediation-t20-20260922/xcode-normal/Build/Products/Debug-iphonesimulator/Doorbell.app/Info.plist

CopySwiftLibs /Users/ox/Documents/project/app-doorbell/build/remediation-t20-20260922/xcode-normal/Build/Products/Debug-iphonesimulator/Doorbell.app (in target 'Doorbell' from project 'Doorbell')
    cd /Users/ox/Documents/project/app-doorbell/ios
    builtin-swiftStdLibTool --copy --verbose --scan-executable /Users/ox/Documents/project/app-doorbell/build/remediation-t20-20260922/xcode-normal/Build/Products/Debug-iphonesimulator/Doorbell.app/Doorbell.debug.dylib --scan-folder /Users/ox/Documents/project/app-doorbell/build/remediation-t20-20260922/xcode-normal/Build/Products/Debug-iphonesimulator/Doorbell.app/Frameworks --scan-folder /Users/ox/Documents/project/app-doorbell/build/remediation-t20-20260922/xcode-normal/Build/Products/Debug-iphonesimulator/Doorbell.app/PlugIns --scan-folder /Users/ox/Documents/project/app-doorbell/build/remediation-t20-20260922/xcode-normal/Build/Products/Debug-iphonesimulator/Doorbell.app/SystemExtensions --scan-folder /Users/ox/Documents/project/app-doorbell/build/remediation-t20-20260922/xcode-normal/Build/Products/Debug-iphonesimulator/Doorbell.app/Extensions --platform iphonesimulator --toolchain /Applications/Xcode.app/Contents/Developer/Toolchains/XcodeDefault.xctoolchain --destination /Users/ox/Documents/project/app-doorbell/build/remediation-t20-20260922/xcode-normal/Build/Products/Debug-iphonesimulator/Doorbell.app/Frameworks --strip-bitcode --strip-bitcode-tool /Applications/Xcode.app/Contents/Developer/Toolchains/XcodeDefault.xctoolchain/usr/bin/bitcode_strip --emit-dependency-info /Users/ox/Documents/project/app-doorbell/build/remediation-t20-20260922/xcode-normal/Build/Intermediates.noindex/Doorbell.build/Debug-iphonesimulator/Doorbell.build/SwiftStdLibToolInputDependencies.dep --filter-for-swift-os
Ignoring --strip-bitcode because --sign was not passed

ProcessInfoPlistFile /Users/ox/Documents/project/app-doorbell/build/remediation-t20-20260922/xcode-normal/Build/Products/Debug-iphonesimulator/Doorbell.app/PlugIns/DoorbellTests.xctest/Info.plist /Users/ox/Documents/project/app-doorbell/build/remediation-t20-20260922/xcode-normal/Build/Intermediates.noindex/Doorbell.build/Debug-iphonesimulator/DoorbellTests.build/empty-DoorbellTests.plist (in target 'DoorbellTests' from project 'Doorbell')
    cd /Users/ox/Documents/project/app-doorbell/ios
    builtin-infoPlistUtility /Users/ox/Documents/project/app-doorbell/build/remediation-t20-20260922/xcode-normal/Build/Intermediates.noindex/Doorbell.build/Debug-iphonesimulator/DoorbellTests.build/empty-DoorbellTests.plist -producttype com.apple.product-type.bundle.unit-test -expandbuildsettings -format binary -platform iphonesimulator -o /Users/ox/Documents/project/app-doorbell/build/remediation-t20-20260922/xcode-normal/Build/Products/Debug-iphonesimulator/Doorbell.app/PlugIns/DoorbellTests.xctest/Info.plist

Ld /Users/ox/Documents/project/app-doorbell/build/remediation-t20-20260922/xcode-normal/Build/Products/Debug-iphonesimulator/Doorbell.app/PlugIns/DoorbellTests.xctest/DoorbellTests normal (in target 'DoorbellTests' from project 'Doorbell')
    cd /Users/ox/Documents/project/app-doorbell/ios
    /Applications/Xcode.app/Contents/Developer/Toolchains/XcodeDefault.xctoolchain/usr/bin/clang -Xlinker -reproducible -target arm64-apple-ios12.0-simulator -bundle -isysroot /Applications/Xcode.app/Contents/Developer/Platforms/iPhoneSimulator.platform/Developer/SDKs/iPhoneSimulator26.5.sdk -O0 -L/Users/ox/Documents/project/app-doorbell/build/remediation-t20-20260922/xcode-normal/Build/Intermediates.noindex/EagerLinkingTBDs/Debug-iphonesimulator -L/Users/ox/Documents/project/app-doorbell/build/remediation-t20-20260922/xcode-normal/Build/Products/Debug-iphonesimulator -L/Applications/Xcode.app/Contents/Developer/Platforms/iPhoneSimulator.platform/Developer/usr/lib -F/Users/ox/Documents/project/app-doorbell/build/remediation-t20-20260922/xcode-normal/Build/Intermediates.noindex/EagerLinkingTBDs/Debug-iphonesimulator -F/Users/ox/Documents/project/app-doorbell/build/remediation-t20-20260922/xcode-normal/Build/Products/Debug-iphonesimulator -iframework /Applications/Xcode.app/Contents/Developer/Platforms/iPhoneSimulator.platform/Developer/Library/Frameworks -iframework /Applications/Xcode.app/Contents/Developer/Platforms/iPhoneSimulator.platform/Developer/SDKs/iPhoneSimulator26.5.sdk/Developer/Library/Frameworks -filelist /Users/ox/Documents/project/app-doorbell/build/remediation-t20-20260922/xcode-normal/Build/Intermediates.noindex/Doorbell.build/Debug-iphonesimulator/DoorbellTests.build/Objects-normal/arm64/DoorbellTests.LinkFileList -Xlinker -rpath -Xlinker /usr/lib/swift -Xlinker -rpath -Xlinker @loader_path/Frameworks -Xlinker -rpath -Xlinker @executable_path/Frameworks -Xlinker -dead_strip -bundle_loader /Users/ox/Documents/project/app-doorbell/build/remediation-t20-20260922/xcode-normal/Build/Products/Debug-iphonesimulator/Doorbell.app/Doorbell -Xlinker -object_path_lto -Xlinker /Users/ox/Documents/project/app-doorbell/build/remediation-t20-20260922/xcode-normal/Build/Intermediates.noindex/Doorbell.build/Debug-iphonesimulator/DoorbellTests.build/Objects-normal/arm64/DoorbellTests_lto.o -rdynamic -Xlinker -no_deduplicate -Xlinker -objc_abi_version -Xlinker 2 -Xlinker -dependency_info -Xlinker /Users/ox/Documents/project/app-doorbell/build/remediation-t20-20260922/xcode-normal/Build/Intermediates.noindex/Doorbell.build/Debug-iphonesimulator/DoorbellTests.build/Objects-normal/arm64/DoorbellTests_dependency_info.dat -fobjc-link-runtime -L/Applications/Xcode.app/Contents/Developer/Toolchains/XcodeDefault.xctoolchain/usr/lib/swift/iphonesimulator -L/usr/lib/swift -Xlinker -add_ast_path -Xlinker /Users/ox/Documents/project/app-doorbell/build/remediation-t20-20260922/xcode-normal/Build/Intermediates.noindex/Doorbell.build/Debug-iphonesimulator/DoorbellTests.build/Objects-normal/arm64/DoorbellTests.swiftmodule @/Users/ox/Documents/project/app-doorbell/build/remediation-t20-20260922/xcode-normal/Build/Intermediates.noindex/Doorbell.build/Debug-iphonesimulator/DoorbellTests.build/Objects-normal/arm64/DoorbellTests-linker-args.resp -Xlinker -needed_framework -Xlinker XCTest -framework XCTest -Xlinker -needed-lXCTestSwiftSupport -lXCTestSwiftSupport /Users/ox/Documents/project/app-doorbell/build/remediation-t20-20260922/xcode-normal/Build/Products/Debug-iphonesimulator/Doorbell.app/Doorbell.debug.dylib -o /Users/ox/Documents/project/app-doorbell/build/remediation-t20-20260922/xcode-normal/Build/Products/Debug-iphonesimulator/Doorbell.app/PlugIns/DoorbellTests.xctest/DoorbellTests

ExtractAppIntentsMetadata (in target 'DoorbellTests' from project 'Doorbell')
    cd /Users/ox/Documents/project/app-doorbell/ios
    /Applications/Xcode.app/Contents/Developer/Toolchains/XcodeDefault.xctoolchain/usr/bin/appintentsmetadataprocessor --toolchain-dir /Applications/Xcode.app/Contents/Developer/Toolchains/XcodeDefault.xctoolchain --module-name DoorbellTests --sdk-root /Applications/Xcode.app/Contents/Developer/Platforms/iPhoneSimulator.platform/Developer/SDKs/iPhoneSimulator26.5.sdk --xcode-version 17F113 --platform-family iOS --deployment-target 12.0 --bundle-identifier jp.ox.doorbell.tests --output /Users/ox/Documents/project/app-doorbell/build/remediation-t20-20260922/xcode-normal/Build/Products/Debug-iphonesimulator/Doorbell.app/PlugIns/DoorbellTests.xctest --target-triple arm64-apple-ios12.0-simulator --binary-file /Users/ox/Documents/project/app-doorbell/build/remediation-t20-20260922/xcode-normal/Build/Products/Debug-iphonesimulator/Doorbell.app/PlugIns/DoorbellTests.xctest/DoorbellTests --dependency-file /Users/ox/Documents/project/app-doorbell/build/remediation-t20-20260922/xcode-normal/Build/Intermediates.noindex/Doorbell.build/Debug-iphonesimulator/DoorbellTests.build/Objects-normal/arm64/DoorbellTests_dependency_info.dat --stringsdata-file /Users/ox/Documents/project/app-doorbell/build/remediation-t20-20260922/xcode-normal/Build/Intermediates.noindex/Doorbell.build/Debug-iphonesimulator/DoorbellTests.build/Objects-normal/arm64/ExtractedAppShortcutsMetadata.stringsdata --source-file-list /Users/ox/Documents/project/app-doorbell/build/remediation-t20-20260922/xcode-normal/Build/Intermediates.noindex/Doorbell.build/Debug-iphonesimulator/DoorbellTests.build/Objects-normal/arm64/DoorbellTests.SwiftFileList --metadata-file-list /Users/ox/Documents/project/app-doorbell/build/remediation-t20-20260922/xcode-normal/Build/Intermediates.noindex/Doorbell.build/Debug-iphonesimulator/DoorbellTests.build/DoorbellTests.DependencyMetadataFileList --static-metadata-file-list /Users/ox/Documents/project/app-doorbell/build/remediation-t20-20260922/xcode-normal/Build/Intermediates.noindex/Doorbell.build/Debug-iphonesimulator/DoorbellTests.build/DoorbellTests.DependencyStaticMetadataFileList --swift-const-vals-list /Users/ox/Documents/project/app-doorbell/build/remediation-t20-20260922/xcode-normal/Build/Intermediates.noindex/Doorbell.build/Debug-iphonesimulator/DoorbellTests.build/Objects-normal/arm64/DoorbellTests.SwiftConstValuesFileList --compile-time-extraction --deployment-aware-processing --validate-assistant-intents --no-app-shortcuts-localization
2026-09-22 22:50:22.643 appintentsmetadataprocessor[87613:2661945] Starting appintentsmetadataprocessor export
2026-09-22 22:50:22.645 appintentsmetadataprocessor[87613:2661945] warning: Metadata extraction skipped. No AppIntents.framework dependency found.

CopySwiftLibs /Users/ox/Documents/project/app-doorbell/build/remediation-t20-20260922/xcode-normal/Build/Products/Debug-iphonesimulator/Doorbell.app/PlugIns/DoorbellTests.xctest (in target 'DoorbellTests' from project 'Doorbell')
    cd /Users/ox/Documents/project/app-doorbell/ios
    builtin-swiftStdLibTool --copy --verbose --scan-executable /Users/ox/Documents/project/app-doorbell/build/remediation-t20-20260922/xcode-normal/Build/Products/Debug-iphonesimulator/Doorbell.app/PlugIns/DoorbellTests.xctest/DoorbellTests --scan-folder /Users/ox/Documents/project/app-doorbell/build/remediation-t20-20260922/xcode-normal/Build/Products/Debug-iphonesimulator/Doorbell.app/PlugIns/DoorbellTests.xctest/Frameworks --scan-folder /Users/ox/Documents/project/app-doorbell/build/remediation-t20-20260922/xcode-normal/Build/Products/Debug-iphonesimulator/Doorbell.app/PlugIns/DoorbellTests.xctest/PlugIns --scan-folder /Users/ox/Documents/project/app-doorbell/build/remediation-t20-20260922/xcode-normal/Build/Products/Debug-iphonesimulator/Doorbell.app/PlugIns/DoorbellTests.xctest/SystemExtensions --scan-folder /Users/ox/Documents/project/app-doorbell/build/remediation-t20-20260922/xcode-normal/Build/Products/Debug-iphonesimulator/Doorbell.app/PlugIns/DoorbellTests.xctest/Extensions --platform iphonesimulator --toolchain /Applications/Xcode.app/Contents/Developer/Toolchains/XcodeDefault.xctoolchain --destination /Users/ox/Documents/project/app-doorbell/build/remediation-t20-20260922/xcode-normal/Build/Products/Debug-iphonesimulator/Doorbell.app/PlugIns/DoorbellTests.xctest/Frameworks --strip-bitcode --scan-executable /Applications/Xcode.app/Contents/Developer/Platforms/iPhoneSimulator.platform/Developer/usr/lib/libXCTestSwiftSupport.dylib --strip-bitcode-tool /Applications/Xcode.app/Contents/Developer/Toolchains/XcodeDefault.xctoolchain/usr/bin/bitcode_strip --emit-dependency-info /Users/ox/Documents/project/app-doorbell/build/remediation-t20-20260922/xcode-normal/Build/Intermediates.noindex/Doorbell.build/Debug-iphonesimulator/DoorbellTests.build/SwiftStdLibToolInputDependencies.dep --filter-for-swift-os
Ignoring --strip-bitcode because --sign was not passed

Validate /Users/ox/Documents/project/app-doorbell/build/remediation-t20-20260922/xcode-normal/Build/Products/Debug-iphonesimulator/Doorbell.app (in target 'Doorbell' from project 'Doorbell')
    cd /Users/ox/Documents/project/app-doorbell/ios
    builtin-validationUtility /Users/ox/Documents/project/app-doorbell/build/remediation-t20-20260922/xcode-normal/Build/Products/Debug-iphonesimulator/Doorbell.app -shallow-bundle -infoplist-subpath Info.plist

2026-09-22 22:50:40.084858+0900 Doorbell[87903:2664044] [UIKit App Config] `UIScene` lifecycle will soon be required. Failure to adopt will result in an assert in the future.
2026-09-22 22:50:40.120634+0900 Doorbell[87903:2664229] [General] Failed to send CA Event for app launch measurements for ca_event_type: 0 event_name: com.apple.app_launch_measurement.FirstFramePresentationMetric
2026-09-22 22:50:40.167316+0900 Doorbell[87903:2664229] [General] Failed to send CA Event for app launch measurements for ca_event_type: 1 event_name: com.apple.app_launch_measurement.ExtendedLaunchMetrics
Test Suite 'All tests' started at 2026-09-22 22:50:40.363.
Test Suite 'DoorbellTests.xctest' started at 2026-09-22 22:50:40.364.
Test Suite 'BackdropStyleTests' started at 2026-09-22 22:50:40.364.
Test Case '-[DoorbellTests.BackdropStyleTests testAConfiguredColourAndOpacityAreUsed]' started.
Test Case '-[DoorbellTests.BackdropStyleTests testAConfiguredColourAndOpacityAreUsed]' passed (0.005 seconds).
Test Case '-[DoorbellTests.BackdropStyleTests testAnAbsentContractKeepsWhatTheShellsShippedWith]' started.
Test Case '-[DoorbellTests.BackdropStyleTests testAnAbsentContractKeepsWhatTheShellsShippedWith]' passed (0.001 seconds).
Test Case '-[DoorbellTests.BackdropStyleTests testATurnedOffBackdropDrawsNothing]' started.
Test Case '-[DoorbellTests.BackdropStyleTests testATurnedOffBackdropDrawsNothing]' passed (0.001 seconds).
Test Case '-[DoorbellTests.BackdropStyleTests testNonsenseIsClampedOrIgnoredRatherThanDrawn]' started.
Test Case '-[DoorbellTests.BackdropStyleTests testNonsenseIsClampedOrIgnoredRatherThanDrawn]' passed (0.001 seconds).
Test Case '-[DoorbellTests.BackdropStyleTests testTheOverlayIsTheAdministratorsColourNotAlwaysBlack]' started.
Test Case '-[DoorbellTests.BackdropStyleTests testTheOverlayIsTheAdministratorsColourNotAlwaysBlack]' passed (0.008 seconds).
Test Case '-[DoorbellTests.BackdropStyleTests testThePreparedBackdropIsRebuiltOnlyWhenSomethingMoved]' started.
Test Case '-[DoorbellTests.BackdropStyleTests testThePreparedBackdropIsRebuiltOnlyWhenSomethingMoved]' passed (0.003 seconds).
Test Case '-[DoorbellTests.BackdropStyleTests testTheScrimDarkensWhatTheInkIsMeasuredAgainst]' started.
Test Case '-[DoorbellTests.BackdropStyleTests testTheScrimDarkensWhatTheInkIsMeasuredAgainst]' passed (0.002 seconds).
Test Case '-[DoorbellTests.BackdropStyleTests testThisDevicesOverrideBeatsTheClusterAndTheContractBeatsBoth]' started.
Test Case '-[DoorbellTests.BackdropStyleTests testThisDevicesOverrideBeatsTheClusterAndTheContractBeatsBoth]' passed (0.001 seconds).
Test Suite 'BackdropStyleTests' passed at 2026-09-22 22:50:40.387.
	 Executed 8 tests, with 0 failures (0 unexpected) in 0.020 (0.023) seconds
Test Suite 'CameraCapabilityTests' started at 2026-09-22 22:50:40.387.
Test Case '-[DoorbellTests.CameraCapabilityTests testAnAuthorizedRunningCameraIsOffered]' started.
Test Case '-[DoorbellTests.CameraCapabilityTests testAnAuthorizedRunningCameraIsOffered]' passed (0.001 seconds).
Test Case '-[DoorbellTests.CameraCapabilityTests testAnIndoorPanelNeverOffersACameraAndIsNeverWarned]' started.
Test Case '-[DoorbellTests.CameraCapabilityTests testAnIndoorPanelNeverOffersACameraAndIsNeverWarned]' passed (0.001 seconds).
Test Case '-[DoorbellTests.CameraCapabilityTests testAnUnansweredPromptOffersNoCameraAndRaisesNoBanner]' started.
Test Case '-[DoorbellTests.CameraCapabilityTests testAnUnansweredPromptOffersNoCameraAndRaisesNoBanner]' passed (0.001 seconds).
Test Case '-[DoorbellTests.CameraCapabilityTests testAPermissionWithoutRunningCaptureIsNotACamera]' started.
Test Case '-[DoorbellTests.CameraCapabilityTests testAPermissionWithoutRunningCaptureIsNotACamera]' passed (0.001 seconds).
Test Case '-[DoorbellTests.CameraCapabilityTests testARefusalOffersNoCameraAndIsWorthSayingOutLoud]' started.
Test Case '-[DoorbellTests.CameraCapabilityTests testARefusalOffersNoCameraAndIsWorthSayingOutLoud]' passed (0.001 seconds).
Test Suite 'CameraCapabilityTests' passed at 2026-09-22 22:50:40.392.
	 Executed 5 tests, with 0 failures (0 unexpected) in 0.003 (0.005) seconds
Test Suite 'CameraFrameRotationTests' started at 2026-09-22 22:50:40.392.
Test Case '-[DoorbellTests.CameraFrameRotationTests testAmbiguousPosesPreserveLastKnownRotation]' started.
Test Case '-[DoorbellTests.CameraFrameRotationTests testAmbiguousPosesPreserveLastKnownRotation]' passed (0.001 seconds).
Test Case '-[DoorbellTests.CameraFrameRotationTests testPortraitNormalizedFrontCameraHardwarePoses]' started.
Test Case '-[DoorbellTests.CameraFrameRotationTests testPortraitNormalizedFrontCameraHardwarePoses]' passed (0.001 seconds).
Test Suite 'CameraFrameRotationTests' passed at 2026-09-22 22:50:40.394.
	 Executed 2 tests, with 0 failures (0 unexpected) in 0.001 (0.002) seconds
Test Suite 'ClusterAndClockTests' started at 2026-09-22 22:50:40.394.
Test Case '-[DoorbellTests.ClusterAndClockTests testADoorStationWithACameraGetsATile]' started.
Test Case '-[DoorbellTests.ClusterAndClockTests testADoorStationWithACameraGetsATile]' passed (0.002 seconds).
Test Case '-[DoorbellTests.ClusterAndClockTests testADoorStationWithoutACameraGetsNoTile]' started.
Test Case '-[DoorbellTests.ClusterAndClockTests testADoorStationWithoutACameraGetsNoTile]' passed (0.001 seconds).
Test Case '-[DoorbellTests.ClusterAndClockTests testAdvancingSecondsWalksTheClock]' started.
Test Case '-[DoorbellTests.ClusterAndClockTests testAdvancingSecondsWalksTheClock]' passed (0.001 seconds).
Test Case '-[DoorbellTests.ClusterAndClockTests testAMissingSelfEntryIsAddedFromTheRole]' started.
Test Case '-[DoorbellTests.ClusterAndClockTests testAMissingSelfEntryIsAddedFromTheRole]' passed (0.001 seconds).
Test Case '-[DoorbellTests.ClusterAndClockTests testAnAbsentCapabilityShowsTheTile]' started.
Test Case '-[DoorbellTests.ClusterAndClockTests testAnAbsentCapabilityShowsTheTile]' passed (0.001 seconds).
Test Case '-[DoorbellTests.ClusterAndClockTests testAnEmptyOrAbsentStatusCountsOnlyThisDevice]' started.
Test Case '-[DoorbellTests.ClusterAndClockTests testAnEmptyOrAbsentStatusCountsOnlyThisDevice]' passed (0.001 seconds).
Test Case '-[DoorbellTests.ClusterAndClockTests testAnUnknownRoleCountsAsADeviceAndNothingElse]' started.
Test Case '-[DoorbellTests.ClusterAndClockTests testAnUnknownRoleCountsAsADeviceAndNothingElse]' passed (0.001 seconds).
Test Case '-[DoorbellTests.ClusterAndClockTests testCountsEveryDeviceAndEachKindSeparately]' started.
Test Case '-[DoorbellTests.ClusterAndClockTests testCountsEveryDeviceAndEachKindSeparately]' passed (0.001 seconds).
Test Case '-[DoorbellTests.ClusterAndClockTests testCrossingMidnightMovesTheDateAndWeekday]' started.
Test Case '-[DoorbellTests.ClusterAndClockTests testCrossingMidnightMovesTheDateAndWeekday]' passed (0.001 seconds).
Test Case '-[DoorbellTests.ClusterAndClockTests testTheClockAsksAnUnstartedCoreForNothing]' started.
Test Case '-[DoorbellTests.ClusterAndClockTests testTheClockAsksAnUnstartedCoreForNothing]' passed (0.001 seconds).
Test Case '-[DoorbellTests.ClusterAndClockTests testTheClockTakesExactlyOneReadingOnceCoreHasStarted]' started.
Test Case '-[DoorbellTests.ClusterAndClockTests testTheClockTakesExactlyOneReadingOnceCoreHasStarted]' passed (0.001 seconds).
Test Case '-[DoorbellTests.ClusterAndClockTests testTheDateArithmeticHandlesMonthAndLeapYearEnds]' started.
Test Case '-[DoorbellTests.ClusterAndClockTests testTheDateArithmeticHandlesMonthAndLeapYearEnds]' passed (0.001 seconds).
Test Case '-[DoorbellTests.ClusterAndClockTests testTheHomeScreensReadNothingFromACoreThatHasNotStarted]' started.
Test Case '-[DoorbellTests.ClusterAndClockTests testTheHomeScreensReadNothingFromACoreThatHasNotStarted]' passed (0.033 seconds).
Test Case '-[DoorbellTests.ClusterAndClockTests testTheSourceDrawsNothingBeforeItsFirstReading]' started.
Test Case '-[DoorbellTests.ClusterAndClockTests testTheSourceDrawsNothingBeforeItsFirstReading]' passed (0.001 seconds).
Test Case '-[DoorbellTests.ClusterAndClockTests testThisDeviceIsAlwaysCountedAsReachable]' started.
Test Case '-[DoorbellTests.ClusterAndClockTests testThisDeviceIsAlwaysCountedAsReachable]' passed (0.000 seconds).
Test Suite 'ClusterAndClockTests' passed at 2026-09-22 22:50:40.444.
	 Executed 15 tests, with 0 failures (0 unexpected) in 0.044 (0.050) seconds
Test Suite 'CoreBridgeLifecycleTests' started at 2026-09-22 22:50:40.444.
Test Case '-[DoorbellTests.CoreBridgeLifecycleTests testConcurrentStopCompletionsDestroyOnceAndAllowRestart]' started.
09-22 22:50:40 I [node] addr-detect: local v4=2 all=7 route=10.10.38.24 advertise=10.10.38.24:0
2026-09-22 22:50:40.456325+0900 Doorbell[87903:2664269] [core] 09-22 22:50:40 I [node] addr-detect: local v4=2 all=7 route=10.10.38.24 advertise=10.10.38.24:0
09-22 22:50:40 D [store] event pruning refused because no replicated coverage snapshot exists
2026-09-22 22:50:40.461281+0900 Doorbell[87903:2664269] [core] 09-22 22:50:40 D [store] event pruning refused because no replicated coverage snapshot exists
09-22 22:50:40 I [node] node e31c72b7 (T20 lifecycle) started
2026-09-22 22:50:40.461449+0900 Doorbell[87903:2664269] [core] 09-22 22:50:40 I [node] node e31c72b7 (T20 lifecycle) started
09-22 22:50:40 I [node] addr-detect: local v4=2 all=7 route=10.10.38.24 advertise=10.10.38.24:0
2026-09-22 22:50:40.520328+0900 Doorbell[87903:2664272] [core] 09-22 22:50:40 I [node] addr-detect: local v4=2 all=7 route=10.10.38.24 advertise=10.10.38.24:0
09-22 22:50:40 D [store] event pruning refused because no replicated coverage snapshot exists
2026-09-22 22:50:40.522275+0900 Doorbell[87903:2664272] [core] 09-22 22:50:40 D [store] event pruning refused because no replicated coverage snapshot exists
09-22 22:50:40 I [node] node e31c72b7 (T20 lifecycle) started
2026-09-22 22:50:40.522414+0900 Doorbell[87903:2664272] [core] 09-22 22:50:40 I [node] node e31c72b7 (T20 lifecycle) started
Test Case '-[DoorbellTests.CoreBridgeLifecycleTests testConcurrentStopCompletionsDestroyOnceAndAllowRestart]' passed (0.284 seconds).
Test Case '-[DoorbellTests.CoreBridgeLifecycleTests testCoreCallbackCanReachMainWhileMainRequestsStop]' started.
09-22 22:50:40 I [node] addr-detect: local v4=2 all=7 route=10.10.38.24 advertise=10.10.38.24:0
2026-09-22 22:50:40.732824+0900 Doorbell[87903:2664276] [core] 09-22 22:50:40 I [node] addr-detect: local v4=2 all=7 route=10.10.38.24 advertise=10.10.38.24:0
09-22 22:50:40 D [store] event pruning refused because no replicated coverage snapshot exists
2026-09-22 22:50:40.736079+0900 Doorbell[87903:2664276] [core] 09-22 22:50:40 D [store] event pruning refused because no replicated coverage snapshot exists
09-22 22:50:40 I [node] node 6300f3b2 (T20 lifecycle) started
2026-09-22 22:50:40.736221+0900 Doorbell[87903:2664276] [core] 09-22 22:50:40 I [node] node 6300f3b2 (T20 lifecycle) started
Test Case '-[DoorbellTests.CoreBridgeLifecycleTests testCoreCallbackCanReachMainWhileMainRequestsStop]' passed (0.211 seconds).
Test Case '-[DoorbellTests.CoreBridgeLifecycleTests testFailedStartIsDrainedBeforeRetry]' started.
09-22 22:50:40 E [store] database open failed without confirmed corruption; refusing to replace it
2026-09-22 22:50:40.941617+0900 Doorbell[87903:2664283] [core] 09-22 22:50:40 E [store] database open failed without confirmed corruption; refusing to replace it
09-22 22:50:40 E [node] store open failed: /Users/ox/Library/Developer/CoreSimulator/Devices/5675591C-491D-4232-9887-B2ECBB030C10/data/Containers/Data/Application/E5FA4955-51FD-42B9-AFCE-36508F6937B8/tmp/doorbell-t20-9499EEC1-C5DA-4BD2-AD7A-0D4F32154253/not-a-directory/doorbell.db
2026-09-22 22:50:40.941706+0900 Doorbell[87903:2664283] [core] 09-22 22:50:40 E [node] store open failed: /Users/ox/Library/Developer/CoreSimulator/Devices/5675591C-491D-4232-9887-B2ECBB030C10/data/Containers/Data/Application/E5FA4955-51FD-42B9-AFCE-36508F6937B8/tmp/doorbell-t20-9499EEC1-C5DA-4BD2-AD7A-0D4F32154253/not-a-directory/doorbell.db
09-22 22:50:40 I [node] addr-detect: local v4=2 all=7 route=10.10.38.24 advertise=10.10.38.24:0
2026-09-22 22:50:40.945889+0900 Doorbell[87903:2664284] [core] 09-22 22:50:40 I [node] addr-detect: local v4=2 all=7 route=10.10.38.24 advertise=10.10.38.24:0
09-22 22:50:40 D [store] event pruning refused because no replicated coverage snapshot exists
2026-09-22 22:50:40.948956+0900 Doorbell[87903:2664284] [core] 09-22 22:50:40 D [store] event pruning refused because no replicated coverage snapshot exists
09-22 22:50:40 I [node] node 706036ad (T20 lifecycle) started
2026-09-22 22:50:40.949064+0900 Doorbell[87903:2664284] [core] 09-22 22:50:40 I [node] node 706036ad (T20 lifecycle) started
Test Case '-[DoorbellTests.CoreBridgeLifecycleTests testFailedStartIsDrainedBeforeRetry]' passed (0.214 seconds).
Test Case '-[DoorbellTests.CoreBridgeLifecycleTests testLeaseHeldBetweenAcquireAndCReadDelaysDestroy]' started.
09-22 22:50:41 I [node] addr-detect: local v4=2 all=7 route=10.10.38.24 advertise=10.10.38.24:0
2026-09-22 22:50:41.158912+0900 Doorbell[87903:2664293] [core] 09-22 22:50:41 I [node] addr-detect: local v4=2 all=7 route=10.10.38.24 advertise=10.10.38.24:0
09-22 22:50:41 D [store] event pruning refused because no replicated coverage snapshot exists
2026-09-22 22:50:41.161929+0900 Doorbell[87903:2664293] [core] 09-22 22:50:41 D [store] event pruning refused because no replicated coverage snapshot exists
09-22 22:50:41 I [node] node 4cc11500 (T20 lifecycle) started
2026-09-22 22:50:41.162074+0900 Doorbell[87903:2664293] [core] 09-22 22:50:41 I [node] node 4cc11500 (T20 lifecycle) started
Test Case '-[DoorbellTests.CoreBridgeLifecycleTests testLeaseHeldBetweenAcquireAndCReadDelaysDestroy]' passed (0.183 seconds).
Test Case '-[DoorbellTests.CoreBridgeLifecycleTests testOldCameraAndEncodedFramesCannotAcquireRestartedCore]' started.
09-22 22:50:41 I [node] addr-detect: local v4=2 all=7 route=10.10.38.24 advertise=10.10.38.24:0
2026-09-22 22:50:41.342323+0900 Doorbell[87903:2664295] [core] 09-22 22:50:41 I [node] addr-detect: local v4=2 all=7 route=10.10.38.24 advertise=10.10.38.24:0
09-22 22:50:41 D [store] event pruning refused because no replicated coverage snapshot exists
2026-09-22 22:50:41.345176+0900 Doorbell[87903:2664295] [core] 09-22 22:50:41 D [store] event pruning refused because no replicated coverage snapshot exists
09-22 22:50:41 I [node] node 73732adb (T20 lifecycle) started
2026-09-22 22:50:41.345307+0900 Doorbell[87903:2664295] [core] 09-22 22:50:41 I [node] node 73732adb (T20 lifecycle) started
09-22 22:50:41 I [node] addr-detect: local v4=2 all=7 route=10.10.38.24 advertise=10.10.38.24:0
2026-09-22 22:50:41.551721+0900 Doorbell[87903:2664313] [core] 09-22 22:50:41 I [node] addr-detect: local v4=2 all=7 route=10.10.38.24 advertise=10.10.38.24:0
09-22 22:50:41 D [store] event pruning refused because no replicated coverage snapshot exists
2026-09-22 22:50:41.554245+0900 Doorbell[87903:2664313] [core] 09-22 22:50:41 D [store] event pruning refused because no replicated coverage snapshot exists
09-22 22:50:41 I [node] node 73732adb (T20 lifecycle) started
2026-09-22 22:50:41.554403+0900 Doorbell[87903:2664313] [core] 09-22 22:50:41 I [node] node 73732adb (T20 lifecycle) started
Test Case '-[DoorbellTests.CoreBridgeLifecycleTests testOldCameraAndEncodedFramesCannotAcquireRestartedCore]' passed (0.421 seconds).
Test Case '-[DoorbellTests.CoreBridgeLifecycleTests testOldClockResultCannotPublishIntoRestartedCoreUi]' started.
09-22 22:50:41 I [node] addr-detect: local v4=2 all=7 route=10.10.38.24 advertise=10.10.38.24:0
2026-09-22 22:50:41.763706+0900 Doorbell[87903:2664323] [core] 09-22 22:50:41 I [node] addr-detect: local v4=2 all=7 route=10.10.38.24 advertise=10.10.38.24:0
09-22 22:50:41 D [store] event pruning refused because no replicated coverage snapshot exists
2026-09-22 22:50:41.766543+0900 Doorbell[87903:2664323] [core] 09-22 22:50:41 D [store] event pruning refused because no replicated coverage snapshot exists
09-22 22:50:41 I [node] node 37998946 (T20 lifecycle) started
2026-09-22 22:50:41.766680+0900 Doorbell[87903:2664323] [core] 09-22 22:50:41 I [node] node 37998946 (T20 lifecycle) started
09-22 22:50:41 I [node] addr-detect: local v4=2 all=7 route=10.10.38.24 advertise=10.10.38.24:0
2026-09-22 22:50:41.972379+0900 Doorbell[87903:2664349] [core] 09-22 22:50:41 I [node] addr-detect: local v4=2 all=7 route=10.10.38.24 advertise=10.10.38.24:0
09-22 22:50:41 D [store] event pruning refused because no replicated coverage snapshot exists
2026-09-22 22:50:41.974447+0900 Doorbell[87903:2664349] [core] 09-22 22:50:41 D [store] event pruning refused because no replicated coverage snapshot exists
09-22 22:50:41 I [node] node 37998946 (T20 lifecycle) started
2026-09-22 22:50:41.974556+0900 Doorbell[87903:2664349] [core] 09-22 22:50:41 I [node] node 37998946 (T20 lifecycle) started
Test Case '-[DoorbellTests.CoreBridgeLifecycleTests testOldClockResultCannotPublishIntoRestartedCoreUi]' passed (0.420 seconds).
Test Case '-[DoorbellTests.CoreBridgeLifecycleTests testOldCoreUiDeliveryIsRejectedAfterRestart]' started.
09-22 22:50:42 I [node] addr-detect: local v4=2 all=7 route=10.10.38.24 advertise=10.10.38.24:0
2026-09-22 22:50:42.183663+0900 Doorbell[87903:2664374] [core] 09-22 22:50:42 I [node] addr-detect: local v4=2 all=7 route=10.10.38.24 advertise=10.10.38.24:0
09-22 22:50:42 D [store] event pruning refused because no replicated coverage snapshot exists
2026-09-22 22:50:42.186618+0900 Doorbell[87903:2664374] [core] 09-22 22:50:42 D [store] event pruning refused because no replicated coverage snapshot exists
09-22 22:50:42 I [node] node b9b3de8f (T20 lifecycle) started
2026-09-22 22:50:42.186749+0900 Doorbell[87903:2664374] [core] 09-22 22:50:42 I [node] node b9b3de8f (T20 lifecycle) started
09-22 22:50:42 I [node] addr-detect: local v4=2 all=7 route=10.10.38.24 advertise=10.10.38.24:0
2026-09-22 22:50:42.360835+0900 Doorbell[87903:2664435] [core] 09-22 22:50:42 I [node] addr-detect: local v4=2 all=7 route=10.10.38.24 advertise=10.10.38.24:0
09-22 22:50:42 D [store] event pruning refused because no replicated coverage snapshot exists
2026-09-22 22:50:42.363512+0900 Doorbell[87903:2664435] [core] 09-22 22:50:42 D [store] event pruning refused because no replicated coverage snapshot exists
09-22 22:50:42 I [node] node b9b3de8f (T20 lifecycle) started
2026-09-22 22:50:42.363823+0900 Doorbell[87903:2664435] [core] 09-22 22:50:42 I [node] node b9b3de8f (T20 lifecycle) started
Test Case '-[DoorbellTests.CoreBridgeLifecycleTests testOldCoreUiDeliveryIsRejectedAfterRestart]' passed (0.389 seconds).
Test Case '-[DoorbellTests.CoreBridgeLifecycleTests testResetSupersedesIdentityRestartBeforeQueuedRestartRuns]' started.
09-22 22:50:42 I [node] addr-detect: local v4=2 all=7 route=10.10.38.24 advertise=10.10.38.24:0
2026-09-22 22:50:42.575195+0900 Doorbell[87903:2664441] [core] 09-22 22:50:42 I [node] addr-detect: local v4=2 all=7 route=10.10.38.24 advertise=10.10.38.24:0
09-22 22:50:42 D [store] event pruning refused because no replicated coverage snapshot exists
2026-09-22 22:50:42.581701+0900 Doorbell[87903:2664441] [core] 09-22 22:50:42 D [store] event pruning refused because no replicated coverage snapshot exists
09-22 22:50:42 I [node] node abb16d26 (T20 lifecycle) started
2026-09-22 22:50:42.582251+0900 Doorbell[87903:2664441] [core] 09-22 22:50:42 I [node] node abb16d26 (T20 lifecycle) started
Test Case '-[DoorbellTests.CoreBridgeLifecycleTests testResetSupersedesIdentityRestartBeforeQueuedRestartRuns]' passed (0.268 seconds).
Test Case '-[DoorbellTests.CoreBridgeLifecycleTests testResetSupersedesIdentityRestartWithStopAlreadyPending]' started.
09-22 22:50:42 I [node] addr-detect: local v4=2 all=7 route=10.10.38.24 advertise=10.10.38.24:0
2026-09-22 22:50:42.845497+0900 Doorbell[87903:2664464] [core] 09-22 22:50:42 I [node] addr-detect: local v4=2 all=7 route=10.10.38.24 advertise=10.10.38.24:0
09-22 22:50:42 D [store] event pruning refused because no replicated coverage snapshot exists
2026-09-22 22:50:42.851156+0900 Doorbell[87903:2664464] [core] 09-22 22:50:42 D [store] event pruning refused because no replicated coverage snapshot exists
09-22 22:50:42 I [node] node 00de2826 (T20 lifecycle) started
2026-09-22 22:50:42.851378+0900 Doorbell[87903:2664464] [core] 09-22 22:50:42 I [node] node 00de2826 (T20 lifecycle) started
Test Case '-[DoorbellTests.CoreBridgeLifecycleTests testResetSupersedesIdentityRestartWithStopAlreadyPending]' passed (0.219 seconds).
Test Case '-[DoorbellTests.CoreBridgeLifecycleTests testStopDuringStartNeverPublishesStartingHandle]' started.
09-22 22:50:43 I [node] addr-detect: local v4=2 all=7 route=10.10.38.24 advertise=10.10.38.24:0
2026-09-22 22:50:43.063759+0900 Doorbell[87903:2664473] [core] 09-22 22:50:43 I [node] addr-detect: local v4=2 all=7 route=10.10.38.24 advertise=10.10.38.24:0
09-22 22:50:43 D [store] event pruning refused because no replicated coverage snapshot exists
2026-09-22 22:50:43.069962+0900 Doorbell[87903:2664473] [core] 09-22 22:50:43 D [store] event pruning refused because no replicated coverage snapshot exists
09-22 22:50:43 I [node] node 3c2f1a21 (T20 lifecycle) started
2026-09-22 22:50:43.070153+0900 Doorbell[87903:2664473] [core] 09-22 22:50:43 I [node] node 3c2f1a21 (T20 lifecycle) started
09-22 22:50:43 I [node] addr-detect: local v4=2 all=7 route=10.10.38.24 advertise=10.10.38.24:0
2026-09-22 22:50:43.276098+0900 Doorbell[87903:2664479] [core] 09-22 22:50:43 I [node] addr-detect: local v4=2 all=7 route=10.10.38.24 advertise=10.10.38.24:0
09-22 22:50:43 D [store] event pruning refused because no replicated coverage snapshot exists
2026-09-22 22:50:43.279773+0900 Doorbell[87903:2664479] [core] 09-22 22:50:43 D [store] event pruning refused because no replicated coverage snapshot exists
09-22 22:50:43 I [node] node 3c2f1a21 (T20 lifecycle) started
2026-09-22 22:50:43.280078+0900 Doorbell[87903:2664479] [core] 09-22 22:50:43 I [node] node 3c2f1a21 (T20 lifecycle) started
Test Case '-[DoorbellTests.CoreBridgeLifecycleTests testStopDuringStartNeverPublishesStartingHandle]' passed (0.329 seconds).
Test Case '-[DoorbellTests.CoreBridgeLifecycleTests testStoppingRejectsNewReadsAndCameraCalls]' started.
09-22 22:50:43 I [node] addr-detect: local v4=2 all=7 route=10.10.38.24 advertise=10.10.38.24:0
2026-09-22 22:50:43.394712+0900 Doorbell[87903:2664485] [core] 09-22 22:50:43 I [node] addr-detect: local v4=2 all=7 route=10.10.38.24 advertise=10.10.38.24:0
09-22 22:50:43 D [store] event pruning refused because no replicated coverage snapshot exists
2026-09-22 22:50:43.398973+0900 Doorbell[87903:2664485] [core] 09-22 22:50:43 D [store] event pruning refused because no replicated coverage snapshot exists
09-22 22:50:43 I [node] node e2f2def3 (T20 lifecycle) started
2026-09-22 22:50:43.399779+0900 Doorbell[87903:2664485] [core] 09-22 22:50:43 I [node] node e2f2def3 (T20 lifecycle) started
Test Case '-[DoorbellTests.CoreBridgeLifecycleTests testStoppingRejectsNewReadsAndCameraCalls]' passed (0.220 seconds).
Test Suite 'CoreBridgeLifecycleTests' passed at 2026-09-22 22:50:43.606.
	 Executed 11 tests, with 0 failures (0 unexpected) in 3.157 (3.162) seconds
Test Suite 'HomePerformanceTests' started at 2026-09-22 22:50:43.607.
Test Case '-[DoorbellTests.HomePerformanceTests testBuildingTwentyRowsFromScratch]' started.
/Users/ox/Documents/project/app-doorbell/ios/DoorbellTests/HomePerformanceTests.swift:33: Test Case '-[DoorbellTests.HomePerformanceTests testBuildingTwentyRowsFromScratch]' measured [Time, seconds] average: 0.022, relative standard deviation: 2.508%, values: [0.023471, 0.021891, 0.021942, 0.022037, 0.021452, 0.022140, 0.021947, 0.022138, 0.021685, 0.021349], performanceMetricID:com.apple.XCTPerformanceMetric_WallClockTime, baselineName: "", baselineAverage: , polarity: prefers smaller, maxPercentRegression: 10.000%, maxPercentRelativeStandardDeviation: 10.000%, maxRegression: 0.100, maxStandardDeviation: 0.100
Test Case '-[DoorbellTests.HomePerformanceTests testBuildingTwentyRowsFromScratch]' passed (0.712 seconds).
Test Case '-[DoorbellTests.HomePerformanceTests testDecodingASnapshotTheOldWay]' started.
/Users/ox/Documents/project/app-doorbell/ios/DoorbellTests/HomePerformanceTests.swift:86: Test Case '-[DoorbellTests.HomePerformanceTests testDecodingASnapshotTheOldWay]' measured [Time, seconds] average: 0.004, relative standard deviation: 132.979%, values: [0.017742, 0.002098, 0.001917, 0.001872, 0.002097, 0.002097, 0.001926, 0.001818, 0.002003, 0.001995], performanceMetricID:com.apple.XCTPerformanceMetric_WallClockTime, baselineName: "", baselineAverage: , polarity: prefers smaller, maxPercentRegression: 10.000%, maxPercentRelativeStandardDeviation: 10.000%, maxRegression: 0.100, maxStandardDeviation: 0.100
Test Case '-[DoorbellTests.HomePerformanceTests testDecodingASnapshotTheOldWay]' passed (0.293 seconds).
Test Case '-[DoorbellTests.HomePerformanceTests testDecodingASnapshotToTileSize]' started.
/Users/ox/Documents/project/app-doorbell/ios/DoorbellTests/HomePerformanceTests.swift:97: Test Case '-[DoorbellTests.HomePerformanceTests testDecodingASnapshotToTileSize]' measured [Time, seconds] average: 0.003, relative standard deviation: 76.833%, values: [0.009188, 0.002408, 0.002031, 0.001962, 0.002043, 0.001994, 0.002087, 0.002059, 0.002018, 0.002041], performanceMetricID:com.apple.XCTPerformanceMetric_WallClockTime, baselineName: "", baselineAverage: , polarity: prefers smaller, maxPercentRegression: 10.000%, maxPercentRelativeStandardDeviation: 10.000%, maxRegression: 0.100, maxStandardDeviation: 0.100
Test Case '-[DoorbellTests.HomePerformanceTests testDecodingASnapshotToTileSize]' passed (0.283 seconds).
Test Case '-[DoorbellTests.HomePerformanceTests testUpdatingTwentyRowsInPlace]' started.
/Users/ox/Documents/project/app-doorbell/ios/DoorbellTests/HomePerformanceTests.swift:56: Test Case '-[DoorbellTests.HomePerformanceTests testUpdatingTwentyRowsInPlace]' measured [Time, seconds] average: 0.003, relative standard deviation: 279.189%, values: [0.030495, 0.000352, 0.000214, 0.000212, 0.000210, 0.000209, 0.000210, 0.000209, 0.000208, 0.000208], performanceMetricID:com.apple.XCTPerformanceMetric_WallClockTime, baselineName: "", baselineAverage: , polarity: prefers smaller, maxPercentRegression: 10.000%, maxPercentRelativeStandardDeviation: 10.000%, maxRegression: 0.100, maxStandardDeviation: 0.100
Test Case '-[DoorbellTests.HomePerformanceTests testUpdatingTwentyRowsInPlace]' passed (0.307 seconds).
Test Suite 'HomePerformanceTests' passed at 2026-09-22 22:50:45.204.
	 Executed 4 tests, with 0 failures (0 unexpected) in 1.596 (1.597) seconds
Test Suite 'IncomingReturnCountdownTests' started at 2026-09-22 22:50:45.204.
Test Case '-[DoorbellTests.IncomingReturnCountdownTests testACancelledCallDoesNotAffectTheCountdown]' started.
Test Case '-[DoorbellTests.IncomingReturnCountdownTests testACancelledCallDoesNotAffectTheCountdown]' passed (0.000 seconds).
Test Case '-[DoorbellTests.IncomingReturnCountdownTests testAFreshCallRestartsTheReturn]' started.
Test Case '-[DoorbellTests.IncomingReturnCountdownTests testAFreshCallRestartsTheReturn]' passed (0.000 seconds).
Test Case '-[DoorbellTests.IncomingReturnCountdownTests testAnsweringHidesTheNumberAndStopsTheClock]' started.
Test Case '-[DoorbellTests.IncomingReturnCountdownTests testAnsweringHidesTheNumberAndStopsTheClock]' passed (0.001 seconds).
Test Case '-[DoorbellTests.IncomingReturnCountdownTests testARestartDoesNotInventACountdownThatWasDisabled]' started.
Test Case '-[DoorbellTests.IncomingReturnCountdownTests testARestartDoesNotInventACountdownThatWasDisabled]' passed (0.001 seconds).
Test Case '-[DoorbellTests.IncomingReturnCountdownTests testARestartRevivesAStoppedCountdown]' started.
Test Case '-[DoorbellTests.IncomingReturnCountdownTests testARestartRevivesAStoppedCountdown]' passed (0.001 seconds).
Test Case '-[DoorbellTests.IncomingReturnCountdownTests testAStoppedCountdownIsNotRevivedByACall]' started.
Test Case '-[DoorbellTests.IncomingReturnCountdownTests testAStoppedCountdownIsNotRevivedByACall]' passed (0.001 seconds).
Test Case '-[DoorbellTests.IncomingReturnCountdownTests testItCountsDownAndReturnsHomeAtZero]' started.
Test Case '-[DoorbellTests.IncomingReturnCountdownTests testItCountsDownAndReturnsHomeAtZero]' passed (0.000 seconds).
Test Case '-[DoorbellTests.IncomingReturnCountdownTests testTappingTheNumberStopsTheReturnForGood]' started.
Test Case '-[DoorbellTests.IncomingReturnCountdownTests testTappingTheNumberStopsTheReturnForGood]' passed (0.000 seconds).
Test Case '-[DoorbellTests.IncomingReturnCountdownTests testTheCallEndingStartsTheFullCountdownAgain]' started.
Test Case '-[DoorbellTests.IncomingReturnCountdownTests testTheCallEndingStartsTheFullCountdownAgain]' passed (0.000 seconds).
Test Case '-[DoorbellTests.IncomingReturnCountdownTests testTheConfiguredValueIsRead]' started.
Test Case '-[DoorbellTests.IncomingReturnCountdownTests testTheConfiguredValueIsRead]' passed (0.003 seconds).
Test Case '-[DoorbellTests.IncomingReturnCountdownTests testTheDefaultIsSixtySecondsUntilCorePublishesTheField]' started.
Test Case '-[DoorbellTests.IncomingReturnCountdownTests testTheDefaultIsSixtySecondsUntilCorePublishesTheField]' passed (0.000 seconds).
Test Case '-[DoorbellTests.IncomingReturnCountdownTests testZeroSecondsMeansThePanelNeverReturnsOnItsOwn]' started.
Test Case '-[DoorbellTests.IncomingReturnCountdownTests testZeroSecondsMeansThePanelNeverReturnsOnItsOwn]' passed (0.000 seconds).
Test Suite 'IncomingReturnCountdownTests' passed at 2026-09-22 22:50:45.226.
	 Executed 12 tests, with 0 failures (0 unexpected) in 0.008 (0.022) seconds
Test Suite 'MonitorRetryPolicyTests' started at 2026-09-22 22:50:45.241.
Test Case '-[DoorbellTests.MonitorRetryPolicyTests testADeliberateRequestStartsOver]' started.
Test Case '-[DoorbellTests.MonitorRetryPolicyTests testADeliberateRequestStartsOver]' passed (0.001 seconds).
Test Case '-[DoorbellTests.MonitorRetryPolicyTests testADoorWithNoAudioIsNotAskedAgain]' started.
Test Case '-[DoorbellTests.MonitorRetryPolicyTests testADoorWithNoAudioIsNotAskedAgain]' passed (0.000 seconds).
Test Case '-[DoorbellTests.MonitorRetryPolicyTests testAFreshPolicyMayAttemptImmediately]' started.
Test Case '-[DoorbellTests.MonitorRetryPolicyTests testAFreshPolicyMayAttemptImmediately]' passed (0.001 seconds).
Test Case '-[DoorbellTests.MonitorRetryPolicyTests testAListenThatCarriedAudioClearsTheWait]' started.
Test Case '-[DoorbellTests.MonitorRetryPolicyTests testAListenThatCarriedAudioClearsTheWait]' passed (0.001 seconds).
Test Case '-[DoorbellTests.MonitorRetryPolicyTests testARefusedInvitationBacksOffTheSameWay]' started.
Test Case '-[DoorbellTests.MonitorRetryPolicyTests testARefusedInvitationBacksOffTheSameWay]' passed (0.000 seconds).
Test Case '-[DoorbellTests.MonitorRetryPolicyTests testNothingIsAttemptedWhileTheToggleIsOff]' started.
Test Case '-[DoorbellTests.MonitorRetryPolicyTests testNothingIsAttemptedWhileTheToggleIsOff]' passed (0.000 seconds).
Test Case '-[DoorbellTests.MonitorRetryPolicyTests testTheLadderIsNeverFasterThanTheObservedStorm]' started.
Test Case '-[DoorbellTests.MonitorRetryPolicyTests testTheLadderIsNeverFasterThanTheObservedStorm]' passed (0.001 seconds).
Test Case '-[DoorbellTests.MonitorRetryPolicyTests testTheWaitDoublesFromOneSecondAndStopsAtThirty]' started.
Test Case '-[DoorbellTests.MonitorRetryPolicyTests testTheWaitDoublesFromOneSecondAndStopsAtThirty]' passed (0.001 seconds).
Test Suite 'MonitorRetryPolicyTests' passed at 2026-09-22 22:50:45.267.
	 Executed 8 tests, with 0 failures (0 unexpected) in 0.004 (0.026) seconds
Test Suite 'PairUriTests' started at 2026-09-22 22:50:45.267.
Test Case '-[DoorbellTests.PairUriTests testACoreWithoutTheFieldPublishesNoInvitation]' started.
Test Case '-[DoorbellTests.PairUriTests testACoreWithoutTheFieldPublishesNoInvitation]' passed (0.001 seconds).
Test Case '-[DoorbellTests.PairUriTests testAnExpiredInvitationIsRefused]' started.
Test Case '-[DoorbellTests.PairUriTests testAnExpiredInvitationIsRefused]' passed (0.001 seconds).
Test Case '-[DoorbellTests.PairUriTests testAnInvitationExpiringThisSecondIsRefused]' started.
Test Case '-[DoorbellTests.PairUriTests testAnInvitationExpiringThisSecondIsRefused]' passed (0.001 seconds).
Test Case '-[DoorbellTests.PairUriTests testAnInvitationWithoutAClusterNameIsStillUsable]' started.
Test Case '-[DoorbellTests.PairUriTests testAnInvitationWithoutAClusterNameIsStillUsable]' passed (0.001 seconds).
Test Case '-[DoorbellTests.PairUriTests testAnInvitationWithoutAHostIsRefused]' started.
Test Case '-[DoorbellTests.PairUriTests testAnInvitationWithoutAHostIsRefused]' passed (0.000 seconds).
Test Case '-[DoorbellTests.PairUriTests testAnInvitationWithoutAnExpiryNeverExpires]' started.
Test Case '-[DoorbellTests.PairUriTests testAnInvitationWithoutAnExpiryNeverExpires]' passed (0.001 seconds).
Test Case '-[DoorbellTests.PairUriTests testAnInvitationWithoutAPinIsRefused]' started.
Test Case '-[DoorbellTests.PairUriTests testAnInvitationWithoutAPinIsRefused]' passed (0.000 seconds).
Test Case '-[DoorbellTests.PairUriTests testAnythingThatIsNotAPairLinkIsRefused]' started.
Test Case '-[DoorbellTests.PairUriTests testAnythingThatIsNotAPairLinkIsRefused]' passed (0.000 seconds).
Test Case '-[DoorbellTests.PairUriTests testAPairedSnapshotIsWhatTriggersTheConfirmation]' started.
Test Case '-[DoorbellTests.PairUriTests testAPairedSnapshotIsWhatTriggersTheConfirmation]' passed (0.000 seconds).
Test Case '-[DoorbellTests.PairUriTests testAPinThatIsNotSixDigitsIsRefused]' started.
Test Case '-[DoorbellTests.PairUriTests testAPinThatIsNotSixDigitsIsRefused]' passed (0.004 seconds).
Test Case '-[DoorbellTests.PairUriTests testAValidInvitationIsRead]' started.
Test Case '-[DoorbellTests.PairUriTests testAValidInvitationIsRead]' passed (0.000 seconds).
Test Case '-[DoorbellTests.PairUriTests testCoreRefusalNamesAreUnderstood]' started.
Test Case '-[DoorbellTests.PairUriTests testCoreRefusalNamesAreUnderstood]' passed (0.000 seconds).
Test Case '-[DoorbellTests.PairUriTests testSurroundingWhitespaceIsIgnored]' started.
Test Case '-[DoorbellTests.PairUriTests testSurroundingWhitespaceIsIgnored]' passed (0.001 seconds).
Test Case '-[DoorbellTests.PairUriTests testTheLocalReadingStandsInWhenCoreIsNotRunning]' started.
Test Case '-[DoorbellTests.PairUriTests testTheLocalReadingStandsInWhenCoreIsNotRunning]' passed (0.001 seconds).
Test Case '-[DoorbellTests.PairUriTests testTheSchemeIsCaseInsensitive]' started.
Test Case '-[DoorbellTests.PairUriTests testTheSchemeIsCaseInsensitive]' passed (0.001 seconds).
Test Case '-[DoorbellTests.PairUriTests testTheTokenUriTravelsOnTheSnapshot]' started.
Test Case '-[DoorbellTests.PairUriTests testTheTokenUriTravelsOnTheSnapshot]' passed (0.001 seconds).
Test Suite 'PairUriTests' passed at 2026-09-22 22:50:45.308.
	 Executed 16 tests, with 0 failures (0 unexpected) in 0.013 (0.041) seconds
Test Suite 'PanelStaysAwakeTests' started at 2026-09-22 22:50:45.308.
Test Case '-[DoorbellTests.PanelStaysAwakeTests testLeavingKioskModeIsRememberedAcrossAReassert]' started.
Test Case '-[DoorbellTests.PanelStaysAwakeTests testLeavingKioskModeIsRememberedAcrossAReassert]' passed (0.001 seconds).
Test Case '-[DoorbellTests.PanelStaysAwakeTests testReapplyingPutsTheOverrideBackAfterSomethingClearedIt]' started.
Test Case '-[DoorbellTests.PanelStaysAwakeTests testReapplyingPutsTheOverrideBackAfterSomethingClearedIt]' passed (0.001 seconds).
Test Case '-[DoorbellTests.PanelStaysAwakeTests testTheOverrideIsWantedByDefaultAndIsActuallyApplied]' started.
Test Case '-[DoorbellTests.PanelStaysAwakeTests testTheOverrideIsWantedByDefaultAndIsActuallyApplied]' passed (0.000 seconds).
Test Suite 'PanelStaysAwakeTests' passed at 2026-09-22 22:50:45.311.
	 Executed 3 tests, with 0 failures (0 unexpected) in 0.002 (0.002) seconds
Test Suite 'PurposeChoiceLayoutTests' started at 2026-09-22 22:50:45.311.
Test Case '-[DoorbellTests.PurposeChoiceLayoutTests testManyOptionsScrollWithoutShrinkingTargets]' started.
Test Case '-[DoorbellTests.PurposeChoiceLayoutTests testManyOptionsScrollWithoutShrinkingTargets]' passed (0.066 seconds).
Test Case '-[DoorbellTests.PurposeChoiceLayoutTests testPortraitAndLandscapeKeepLargeAlignedTargets]' started.
PURPOSE_SCREENSHOT /Users/ox/Library/Developer/CoreSimulator/Devices/5675591C-491D-4232-9887-B2ECBB030C10/data/Containers/Data/Application/E5FA4955-51FD-42B9-AFCE-36508F6937B8/tmp/purpose-choice-768.png
PURPOSE_SCREENSHOT /Users/ox/Library/Developer/CoreSimulator/Devices/5675591C-491D-4232-9887-B2ECBB030C10/data/Containers/Data/Application/E5FA4955-51FD-42B9-AFCE-36508F6937B8/tmp/purpose-choice-1024.png
Test Case '-[DoorbellTests.PurposeChoiceLayoutTests testPortraitAndLandscapeKeepLargeAlignedTargets]' passed (0.082 seconds).
Test Case '-[DoorbellTests.PurposeChoiceLayoutTests testRemoteReplyInvalidatesPendingChoice]' started.
Test Case '-[DoorbellTests.PurposeChoiceLayoutTests testRemoteReplyInvalidatesPendingChoice]' passed (0.007 seconds).
Test Suite 'PurposeChoiceLayoutTests' passed at 2026-09-22 22:50:45.467.
	 Executed 3 tests, with 0 failures (0 unexpected) in 0.156 (0.157) seconds
Test Suite 'ShellLogTests' started at 2026-09-22 22:50:45.468.
Test Case '-[DoorbellTests.ShellLogTests testItRecordsTheLaunchCoreAndEveryLifecycleTransition]' started.
Test Case '-[DoorbellTests.ShellLogTests testItRecordsTheLaunchCoreAndEveryLifecycleTransition]' passed (0.023 seconds).
Test Case '-[DoorbellTests.ShellLogTests testItWritesNothingWhenTimingsAreOff]' started.
Test Case '-[DoorbellTests.ShellLogTests testItWritesNothingWhenTimingsAreOff]' passed (0.302 seconds).
Test Case '-[DoorbellTests.ShellLogTests testUiEventsAreKeptButBounded]' started.
Test Case '-[DoorbellTests.ShellLogTests testUiEventsAreKeptButBounded]' passed (0.032 seconds).
Test Suite 'ShellLogTests' passed at 2026-09-22 22:50:45.826.
	 Executed 3 tests, with 0 failures (0 unexpected) in 0.357 (0.358) seconds
Test Suite 'SosVisibilityTests' started at 2026-09-22 22:50:45.826.
Test Case '-[DoorbellTests.SosVisibilityTests testAnEmptyConfigurationIsTheSameAsAnAbsentKey]' started.
Test Case '-[DoorbellTests.SosVisibilityTests testAnEmptyConfigurationIsTheSameAsAnAbsentKey]' passed (0.001 seconds).
Test Case '-[DoorbellTests.SosVisibilityTests testAnEmptyListHidesItEverywhere]' started.
Test Case '-[DoorbellTests.SosVisibilityTests testAnEmptyListHidesItEverywhere]' passed (0.002 seconds).
Test Case '-[DoorbellTests.SosVisibilityTests testMalformedEntriesAndUnknownRolesAreRefused]' started.
Test Case '-[DoorbellTests.SosVisibilityTests testMalformedEntriesAndUnknownRolesAreRefused]' passed (0.001 seconds).
Test Case '-[DoorbellTests.SosVisibilityTests testTheConfiguredListDecides]' started.
Test Case '-[DoorbellTests.SosVisibilityTests testTheConfiguredListDecides]' passed (0.000 seconds).
Test Case '-[DoorbellTests.SosVisibilityTests testTheDoorStationVisitorScreenHasNoSliderInItsHierarchy]' started.
Test Case '-[DoorbellTests.SosVisibilityTests testTheDoorStationVisitorScreenHasNoSliderInItsHierarchy]' passed (0.025 seconds).
Test Case '-[DoorbellTests.SosVisibilityTests testTheVisitorScreenKeepsTheSliderHiddenAcrossARotation]' started.
Test Case '-[DoorbellTests.SosVisibilityTests testTheVisitorScreenKeepsTheSliderHiddenAcrossARotation]' passed (0.010 seconds).
Test Case '-[DoorbellTests.SosVisibilityTests testWithoutTheKeyOnlyTheIndoorPanelOffersIt]' started.
Test Case '-[DoorbellTests.SosVisibilityTests testWithoutTheKeyOnlyTheIndoorPanelOffersIt]' passed (0.001 seconds).
Test Suite 'SosVisibilityTests' passed at 2026-09-22 22:50:45.867.
	 Executed 7 tests, with 0 failures (0 unexpected) in 0.039 (0.041) seconds
Test Suite 'TablerIconTests' started at 2026-09-22 22:50:45.867.
Test Case '-[DoorbellTests.TablerIconTests testAnIconNobodyVendoredDrawsNothingRatherThanSomethingWrong]' started.
Test Case '-[DoorbellTests.TablerIconTests testAnIconNobodyVendoredDrawsNothingRatherThanSomethingWrong]' passed (0.001 seconds).
Test Case '-[DoorbellTests.TablerIconTests testEveryVendoredIconIsInTheCatalogAndIsATemplate]' started.
Test Case '-[DoorbellTests.TablerIconTests testEveryVendoredIconIsInTheCatalogAndIsATemplate]' passed (0.001 seconds).
Test Case '-[DoorbellTests.TablerIconTests testOnlyTheSeededPurposesHaveAnIcon]' started.
Test Case '-[DoorbellTests.TablerIconTests testOnlyTheSeededPurposesHaveAnIcon]' passed (0.002 seconds).
Test Case '-[DoorbellTests.TablerIconTests testTheCounterMarksAreVendoredIcons]' started.
Test Case '-[DoorbellTests.TablerIconTests testTheCounterMarksAreVendoredIcons]' passed (0.001 seconds).
Test Suite 'TablerIconTests' passed at 2026-09-22 22:50:45.874.
	 Executed 4 tests, with 0 failures (0 unexpected) in 0.005 (0.006) seconds
Test Suite 'ThemeBackgroundLoadTests' started at 2026-09-22 22:50:45.874.
Test Case '-[DoorbellTests.ThemeBackgroundLoadTests testFailureCompletesAndSameHashRetriesWithoutDuplicateRequests]' started.
2026-09-22 22:50:45.875479+0900 Doorbell[87903:2664044] [core] [debug] theme image hash=a source=request result=started
2026-09-22 22:50:45.875702+0900 Doorbell[87903:2664044] [core] [debug] theme image hash=a source=disk result=failed
2026-09-22 22:50:45.875791+0900 Doorbell[87903:2664044] [core] [debug] theme image hash=a source=request result=started
2026-09-22 22:50:45.875929+0900 Doorbell[87903:2664044] [core] [debug] theme image hash=a source=disk result=loaded
2026-09-22 22:50:45.878896+0900 Doorbell[87903:2664044] [core] [debug] theme image hash=b source=request result=started
2026-09-22 22:50:45.879001+0900 Doorbell[87903:2664044] [core] [debug] theme image hash=b source=http result=failed
Test Case '-[DoorbellTests.ThemeBackgroundLoadTests testFailureCompletesAndSameHashRetriesWithoutDuplicateRequests]' passed (0.005 seconds).
Test Case '-[DoorbellTests.ThemeBackgroundLoadTests testIdleModeSuppressesPendingWallpaperAndRestoresItOnWake]' started.
2026-09-22 22:50:45.880515+0900 Doorbell[87903:2664044] [core] [debug] theme image hash=wallpape source=request result=started
2026-09-22 22:50:45.880811+0900 Doorbell[87903:2664044] [core] [debug] theme image hash=wallpape source=disk result=stale
2026-09-22 22:50:45.880930+0900 Doorbell[87903:2664044] [core] [debug] theme image hash=wallpape source=request result=started
2026-09-22 22:50:45.881065+0900 Doorbell[87903:2664044] [core] [debug] theme image hash=wallpape source=disk result=loaded
Test Case '-[DoorbellTests.ThemeBackgroundLoadTests testIdleModeSuppressesPendingWallpaperAndRestoresItOnWake]' passed (0.002 seconds).
Test Case '-[DoorbellTests.ThemeBackgroundLoadTests testStaleCompletionCannotReplaceTheCurrentHash]' started.
2026-09-22 22:50:45.882291+0900 Doorbell[87903:2664044] [core] [debug] theme image hash=a source=request result=started
2026-09-22 22:50:45.884207+0900 Doorbell[87903:2664044] [core] [debug] theme image hash=b source=request result=started
2026-09-22 22:50:45.884318+0900 Doorbell[87903:2664044] [core] [debug] theme image hash=a source=request result=started
2026-09-22 22:50:45.884377+0900 Doorbell[87903:2664044] [core] [debug] theme image hash=a source=http result=stale
2026-09-22 22:50:45.884511+0900 Doorbell[87903:2664044] [core] [debug] theme image hash=a source=http result=loaded
Test Case '-[DoorbellTests.ThemeBackgroundLoadTests testStaleCompletionCannotReplaceTheCurrentHash]' passed (0.003 seconds).
Test Suite 'ThemeBackgroundLoadTests' passed at 2026-09-22 22:50:45.885.
	 Executed 3 tests, with 0 failures (0 unexpected) in 0.010 (0.011) seconds
Test Suite 'ThemeInkTests' started at 2026-09-22 22:50:45.885.
Test Case '-[DoorbellTests.ThemeInkTests testAnUndrawnPictureLeavesCoreInkInCharge]' started.
Test Case '-[DoorbellTests.ThemeInkTests testAnUndrawnPictureLeavesCoreInkInCharge]' passed (0.001 seconds).
Test Case '-[DoorbellTests.ThemeInkTests testAPictureIsInkedPerRegionWhateverCorePublished]' started.
Test Case '-[DoorbellTests.ThemeInkTests testAPictureIsInkedPerRegionWhateverCorePublished]' passed (0.001 seconds).
Test Case '-[DoorbellTests.ThemeInkTests testApplyingAutomaticInkOutlinesOnlyLowContrastText]' started.
Test Case '-[DoorbellTests.ThemeInkTests testApplyingAutomaticInkOutlinesOnlyLowContrastText]' passed (0.002 seconds).
Test Case '-[DoorbellTests.ThemeInkTests testARegionSpanningLightAndDarkTakesTheOutline]' started.
Test Case '-[DoorbellTests.ThemeInkTests testARegionSpanningLightAndDarkTakesTheOutline]' passed (0.000 seconds).
Test Case '-[DoorbellTests.ThemeInkTests testASampledWallpaperTakesTheDarkInkOverCoresLightOne]' started.
Test Case '-[DoorbellTests.ThemeInkTests testASampledWallpaperTakesTheDarkInkOverCoresLightOne]' passed (0.000 seconds).
Test Case '-[DoorbellTests.ThemeInkTests testAspectFillRectCoversAndCentres]' started.
Test Case '-[DoorbellTests.ThemeInkTests testAspectFillRectCoversAndCentres]' passed (0.000 seconds).
Test Case '-[DoorbellTests.ThemeInkTests testAUniformRegionThatClearsAAKeepsNoOutline]' started.
Test Case '-[DoorbellTests.ThemeInkTests testAUniformRegionThatClearsAAKeepsNoOutline]' passed (0.000 seconds).
Test Case '-[DoorbellTests.ThemeInkTests testAutomaticInkTakesTheBetterContrastNotTheLuminanceHalf]' started.
Test Case '-[DoorbellTests.ThemeInkTests testAutomaticInkTakesTheBetterContrastNotTheLuminanceHalf]' passed (0.001 seconds).
Test Case '-[DoorbellTests.ThemeInkTests testBackgroundSourceValuesAreAllAccepted]' started.
Test Case '-[DoorbellTests.ThemeInkTests testBackgroundSourceValuesAreAllAccepted]' passed (0.001 seconds).
Test Case '-[DoorbellTests.ThemeInkTests testCoreInkDecidesOverAFlatThemeColour]' started.
Test Case '-[DoorbellTests.ThemeInkTests testCoreInkDecidesOverAFlatThemeColour]' passed (0.000 seconds).
Test Case '-[DoorbellTests.ThemeInkTests testInkIsDecidedAgainWhenTheLayoutChanges]' started.
Test Case '-[DoorbellTests.ThemeInkTests testInkIsDecidedAgainWhenTheLayoutChanges]' passed (0.002 seconds).
Test Case '-[DoorbellTests.ThemeInkTests testInkIsDecidedAgainWhenThePictureArrives]' started.
Test Case '-[DoorbellTests.ThemeInkTests testInkIsDecidedAgainWhenThePictureArrives]' passed (0.001 seconds).
Test Case '-[DoorbellTests.ThemeInkTests testLocalRegionSampleBeatsCoreInkOverAPicture]' started.
Test Case '-[DoorbellTests.ThemeInkTests testLocalRegionSampleBeatsCoreInkOverAPicture]' passed (0.001 seconds).
Test Case '-[DoorbellTests.ThemeInkTests testMissingCoreInkFallsBackToTheLocalRule]' started.
Test Case '-[DoorbellTests.ThemeInkTests testMissingCoreInkFallsBackToTheLocalRule]' passed (0.001 seconds).
Test Case '-[DoorbellTests.ThemeInkTests testOnlyAMeasuredColourIsTreatedAsTheGround]' started.
Test Case '-[DoorbellTests.ThemeInkTests testOnlyAMeasuredColourIsTreatedAsTheGround]' passed (0.001 seconds).
Test Case '-[DoorbellTests.ThemeInkTests testOverrideIsAlsoReadFromConfiguration]' started.
Test Case '-[DoorbellTests.ThemeInkTests testOverrideIsAlsoReadFromConfiguration]' passed (0.001 seconds).
Test Case '-[DoorbellTests.ThemeInkTests testOverrideWinsOverCoreInkAndOverALocalSample]' started.
Test Case '-[DoorbellTests.ThemeInkTests testOverrideWinsOverCoreInkAndOverALocalSample]' passed (0.015 seconds).
Test Case '-[DoorbellTests.ThemeInkTests testPaletteGroundKeepsThePaletteInk]' started.
Test Case '-[DoorbellTests.ThemeInkTests testPaletteGroundKeepsThePaletteInk]' passed (0.000 seconds).
Test Case '-[DoorbellTests.ThemeInkTests testRelativeLuminanceAndContrast]' started.
Test Case '-[DoorbellTests.ThemeInkTests testRelativeLuminanceAndContrast]' passed (0.000 seconds).
Test Case '-[DoorbellTests.ThemeInkTests testShadowAppearsOnlyBelowTheBodyTextTarget]' started.
Test Case '-[DoorbellTests.ThemeInkTests testShadowAppearsOnlyBelowTheBodyTextTarget]' passed (0.000 seconds).
Test Case '-[DoorbellTests.ThemeInkTests testTheOutlineFollowsTheRegionOnADrawnPicture]' started.
Test Case '-[DoorbellTests.ThemeInkTests testTheOutlineFollowsTheRegionOnADrawnPicture]' passed (0.001 seconds).
Test Case '-[DoorbellTests.ThemeInkTests testWorstContrastTakesTheNearerExtreme]' started.
Test Case '-[DoorbellTests.ThemeInkTests testWorstContrastTakesTheNearerExtreme]' passed (0.013 seconds).
Test Suite 'ThemeInkTests' passed at 2026-09-22 22:50:45.937.
	 Executed 22 tests, with 0 failures (0 unexpected) in 0.044 (0.051) seconds
Test Suite 'UIStyleApplierThemeOwnershipTests' started at 2026-09-22 22:50:45.937.
Test Case '-[DoorbellTests.UIStyleApplierThemeOwnershipTests testDefaultPassesPreserveOwnerRecolorsAndRemovalRestoresOnce]' started.
Test Case '-[DoorbellTests.UIStyleApplierThemeOwnershipTests testDefaultPassesPreserveOwnerRecolorsAndRemovalRestoresOnce]' passed (0.006 seconds).
Test Suite 'UIStyleApplierThemeOwnershipTests' passed at 2026-09-22 22:50:45.943.
	 Executed 1 test, with 0 failures (0 unexpected) in 0.006 (0.006) seconds
Test Suite 'VisitorScreenLayoutTests' started at 2026-09-22 22:50:45.943.
Test Case '-[DoorbellTests.VisitorScreenLayoutTests testCallFlowSwitchRemovesHomePurposesAcrossLayoutsAndOrientations]' started.
Test Case '-[DoorbellTests.VisitorScreenLayoutTests testCallFlowSwitchRemovesHomePurposesAcrossLayoutsAndOrientations]' passed (0.095 seconds).
Test Case '-[DoorbellTests.VisitorScreenLayoutTests testCameraWarningSurvivesRotationWithoutANotice]' started.
Test Case '-[DoorbellTests.VisitorScreenLayoutTests testCameraWarningSurvivesRotationWithoutANotice]' passed (0.043 seconds).
Test Case '-[DoorbellTests.VisitorScreenLayoutTests testCompactScreensScrollContentAboveThePinnedFooter]' started.
VISITOR_SCREENSHOT /Users/ox/Library/Developer/CoreSimulator/Devices/5675591C-491D-4232-9887-B2ECBB030C10/data/Containers/Data/Application/E5FA4955-51FD-42B9-AFCE-36508F6937B8/tmp/visitor-320-480.png
VISITOR_SCREENSHOT /Users/ox/Library/Developer/CoreSimulator/Devices/5675591C-491D-4232-9887-B2ECBB030C10/data/Containers/Data/Application/E5FA4955-51FD-42B9-AFCE-36508F6937B8/tmp/visitor-390-844.png
VISITOR_SCREENSHOT /Users/ox/Library/Developer/CoreSimulator/Devices/5675591C-491D-4232-9887-B2ECBB030C10/data/Containers/Data/Application/E5FA4955-51FD-42B9-AFCE-36508F6937B8/tmp/visitor-844-350.png
VISITOR_SCREENSHOT /Users/ox/Library/Developer/CoreSimulator/Devices/5675591C-491D-4232-9887-B2ECBB030C10/data/Containers/Data/Application/E5FA4955-51FD-42B9-AFCE-36508F6937B8/tmp/visitor-768-1024.png
VISITOR_SCREENSHOT /Users/ox/Library/Developer/CoreSimulator/Devices/5675591C-491D-4232-9887-B2ECBB030C10/data/Containers/Data/Application/E5FA4955-51FD-42B9-AFCE-36508F6937B8/tmp/visitor-1024-768.png
Test Case '-[DoorbellTests.VisitorScreenLayoutTests testCompactScreensScrollContentAboveThePinnedFooter]' passed (0.193 seconds).
Test Case '-[DoorbellTests.VisitorScreenLayoutTests testEmptyPurposesUseTheDirectCallHomeInEitherMode]' started.
Test Case '-[DoorbellTests.VisitorScreenLayoutTests testEmptyPurposesUseTheDirectCallHomeInEitherMode]' passed (0.018 seconds).
Test Case '-[DoorbellTests.VisitorScreenLayoutTests testEveryPurposeButtonLiesInsideTheScreen]' started.
Test Case '-[DoorbellTests.VisitorScreenLayoutTests testEveryPurposeButtonLiesInsideTheScreen]' passed (0.035 seconds).
Test Case '-[DoorbellTests.VisitorScreenLayoutTests testLayoutChoiceCanSwitchRepeatedlyWithoutLosingControls]' started.
Test Case '-[DoorbellTests.VisitorScreenLayoutTests testLayoutChoiceCanSwitchRepeatedlyWithoutLosingControls]' passed (0.055 seconds).
Test Case '-[DoorbellTests.VisitorScreenLayoutTests testOnlyOneHintSentenceIsVisible]' started.
Test Case '-[DoorbellTests.VisitorScreenLayoutTests testOnlyOneHintSentenceIsVisible]' passed (0.036 seconds).
Test Case '-[DoorbellTests.VisitorScreenLayoutTests testPhonePurposesUseTwoColumnsAndTabletPurposesUseThree]' started.
Test Case '-[DoorbellTests.VisitorScreenLayoutTests testPhonePurposesUseTwoColumnsAndTabletPurposesUseThree]' passed (0.001 seconds).
Test Case '-[DoorbellTests.VisitorScreenLayoutTests testTheCallButtonIsAtLeastSixtyPercentOfItsColumn]' started.
Test Case '-[DoorbellTests.VisitorScreenLayoutTests testTheCallButtonIsAtLeastSixtyPercentOfItsColumn]' passed (0.035 seconds).
Test Case '-[DoorbellTests.VisitorScreenLayoutTests testTheLanguageChipsAreEqualWidth]' started.
Test Case '-[DoorbellTests.VisitorScreenLayoutTests testTheLanguageChipsAreEqualWidth]' passed (0.035 seconds).
Test Case '-[DoorbellTests.VisitorScreenLayoutTests testThePurposeColumnsAreEqualWidth]' started.
Test Case '-[DoorbellTests.VisitorScreenLayoutTests testThePurposeColumnsAreEqualWidth]' passed (0.036 seconds).
Test Case '-[DoorbellTests.VisitorScreenLayoutTests testTheSosBarIsAnchoredToTheBottom]' started.
Test Case '-[DoorbellTests.VisitorScreenLayoutTests testTheSosBarIsAnchoredToTheBottom]' passed (0.036 seconds).
Test Case '-[DoorbellTests.VisitorScreenLayoutTests testTheSosBarSpansTheFullWidth]' started.
Test Case '-[DoorbellTests.VisitorScreenLayoutTests testTheSosBarSpansTheFullWidth]' passed (0.035 seconds).
Test Case '-[DoorbellTests.VisitorScreenLayoutTests testTheSosBarStaysACompactBandInBothOrientations]' started.
Test Case '-[DoorbellTests.VisitorScreenLayoutTests testTheSosBarStaysACompactBandInBothOrientations]' passed (0.036 seconds).
Test Suite 'VisitorScreenLayoutTests' passed at 2026-09-22 22:50:46.637.
	 Executed 14 tests, with 0 failures (0 unexpected) in 0.689 (0.694) seconds
Test Suite 'DoorbellTests.xctest' passed at 2026-09-22 22:50:46.637.
	 Executed 141 tests, with 0 failures (0 unexpected) in 6.154 (6.274) seconds
Test Suite 'All tests' passed at 2026-09-22 22:50:46.638.
	 Executed 141 tests, with 0 failures (0 unexpected) in 6.154 (6.274) seconds
2026-09-22 22:50:46.963 xcodebuild[87399:2661244] [MT] IDETestOperationsObserverDebug: 24.299 elapsed -- Testing started completed.
2026-09-22 22:50:46.963 xcodebuild[87399:2661244] [MT] IDETestOperationsObserverDebug: 0.000 sec, +0.000 sec -- start
2026-09-22 22:50:46.963 xcodebuild[87399:2661244] [MT] IDETestOperationsObserverDebug: 24.299 sec, +24.299 sec -- end

Test session results, code coverage, and logs:
	/Users/ox/Documents/project/app-doorbell/build/remediation-t20-20260922/full-normal.xcresult

** TEST SUCCEEDED **

Testing started
